schemeCode,schemeName,isin,amc,category,schemeCategory,nav,navDate,dataPoints,ret_1m,ret_3m,ret_6m,ret_1y,ret_2y,ret_3y,ret_4y,ret_5y,volatility,sharpe,maxDrawdown,consistency,smartScore,smartLabel,smartLabelClass,last_updated
118266,Canara Robeco Nifty Index-Direct Plan - Growth,,Canara Robeco Mutual Fund,Index / ETF,Income,34.7428,30-04-2014,327,0.0,0.0,0.0,0.0,0.0,0.0,0.0,0.0,0.0,,13.96,0.0,11.0,Avoid,avoid,2026-06-29 16:46:12
102987,ICICI Prudential Plan I - Year Plus Plan-Growth-Direct,,ICICI Prudential Mutual Fund,Other,Income,10.7045,24-05-2006,35,0.0,0.0,0.0,0.0,0.0,0.0,0.0,0.0,0.0,,0,0.0,12.5,Avoid,avoid,2026-06-29 16:45:50
116811,IDBI Dynamic Bond Fund Growth Direct,,IDBI Mutual Fund,Debt,Debt Scheme - Dynamic Bond,19.9218,07-12-2022,2395,0.0,0.0,0.0,0.0,0.0,0.0,0.92,1.27,0.0,,8.75,40.0,16.6,Avoid,avoid,2026-06-29 16:46:12
103490,Quantum Value Fund - Direct Plan Growth Option,INF082J01036,Quantum Mutual Fund,Thematic,Equity Scheme - Value Fund,124.7,25-06-2026,4982,0.96,9.21,-6.32,-6.06,-0.06,12.45,14.95,11.36,4.31,0.42,54.22,60.0,30.7,Avoid,avoid,2026-06-29 16:46:03
118278,CANARA ROBECO LARGE AND MID CAP FUND - DIRECT PLAN - GROWTH OPTION,INF760K01EI4,Canara Robeco Mutual Fund,Mid Cap,Equity Scheme - Large & Mid Cap Fund,290.05,25-06-2026,3316,3.79,14.64,0.05,-2.85,2.34,14.04,16.09,12.88,4.8,0.5,36.2,80.0,38.4,Avoid,avoid,2026-06-29 16:46:41
117608,Quantum Multi Asset Active FOF - Direct Plan Growth Option,INF082J01168,Quantum Mutual Fund,Hybrid,Other Scheme - FoF Domestic,36.7707,25-06-2026,3432,-0.64,3.91,-1.48,5.4,8.47,11.62,12.03,10.06,2.51,0.68,14.24,100.0,38.9,Avoid,avoid,2026-06-29 16:46:20
118267,CANARA ROBECO INFRASTRUCTURE FUND - DIRECT PLAN - GROWTH OPTION,INF760K01FO9,Canara Robeco Mutual Fund,Sectoral,Equity Scheme - Sectoral/ Thematic,194.47,25-06-2026,3316,0.37,13.18,9.93,6.69,4.01,23.7,26.5,23.22,4.92,0.91,44.07,100.0,68.4,Watch,watch,2026-06-29 16:46:20
118269,CANARA ROBECO LARGE CAP FUND - DIRECT PLAN - GROWTH OPTION,INF760K01FR2,Canara Robeco Mutual Fund,Large Cap,Equity Scheme - Large Cap Fund,71.41,25-06-2026,3315,3.33,10.23,-4.67,-3.99,2.73,11.81,14.8,11.42,4.42,0.39,32.56,60.0,31.3,Avoid,avoid,2026-06-29 16:46:36
115132,Quantum Gold Savings Fund - Direct Plan Growth Option,INF082J01150,Quantum Mutual Fund,Gold,Other Scheme - FoF Domestic,53.1863,25-06-2026,3714,-10.64,-5.52,1.5,44.23,38.0,32.72,27.41,23.25,7.57,1.28,26.38,100.0,87.3,Strong Pick,strong,2026-06-29 16:46:19
111549,Quantum ELSS Tax Saver Fund - Direct Plan Growth Option,INF082J01069,Quantum Mutual Fund,ELSS,Equity Scheme - ELSS,124.63,25-06-2026,4304,1.0,9.28,-6.06,-5.75,0.14,12.56,15.03,11.49,4.3,0.43,39.62,60.0,32.3,Avoid,avoid,2026-06-29 16:46:04
118275,CANARA ROBECO FLEXICAP FUND - DIRECT PLAN - GROWTH OPTION,INF760K01EF0,Canara Robeco Mutual Fund,Multi Cap,Equity Scheme - Flexi Cap Fund,383.57,25-06-2026,3316,3.16,12.63,-2.21,-1.27,3.85,12.97,15.58,12.2,4.55,0.46,33.24,60.0,34.2,Avoid,avoid,2026-06-29 16:46:41
118272,CANARA ROBECO EQUITY HYBRID FUND - DIRECT PLAN - GROWTH OPTION,INF760K01EZ8,Canara Robeco Mutual Fund,Hybrid,Hybrid Scheme - Aggressive Hybrid Fund,416.33,25-06-2026,3316,2.38,9.7,-0.32,0.81,5.13,12.19,14.16,11.23,3.62,0.49,25.69,100.0,37.5,Avoid,avoid,2026-06-29 16:46:41
112039,Quantum Diversified Equity All Cap Active FOF - Direct Plan Growth Option,INF082J01093,Quantum Mutual Fund,Thematic,Other Scheme - FoF Domestic,85.429,25-06-2026,4169,3.6,12.32,-1.93,-1.02,2.94,13.04,15.64,11.76,4.57,0.47,35.15,60.0,33.8,Avoid,avoid,2026-06-29 16:46:04
118273,CANARA ROBECO CONSUMPTION FUND - DIRECT PLAN - GROWTH OPTION,INF760K01DU1,Canara Robeco Mutual Fund,Sectoral,Equity Scheme - Sectoral/ Thematic,121.9,25-06-2026,3316,2.9,13.63,-4.95,-5.07,1.49,11.73,16.34,13.59,5.39,0.36,34.7,80.0,34.3,Avoid,avoid,2026-06-29 16:46:41
118284,CANARA ROBECO DYNAMIC BOND FUND - DIRECT PLAN - GROWTH OPTION,INF760K01EC7,Canara Robeco Mutual Fund,Debt,Debt Scheme - Dynamic Bond,33.081,25-06-2026,3252,1.33,2.36,1.78,2.51,5.03,5.99,6.37,5.47,0.89,-0.25,6.18,100.0,22.4,Avoid,avoid,2026-06-29 16:46:41
118282,CANARA ROBECO INCOME FUND - DIRECT PLAN - GROWTH OPTION,INF760K01FI1,Canara Robeco Mutual Fund,Debt,Debt Scheme - Medium to Long Duration Fund,64.4568,25-06-2026,3252,1.61,2.51,2.43,3.95,6.04,6.57,6.76,5.67,0.64,-0.11,5.52,100.0,24.6,Avoid,avoid,2026-06-29 16:46:41
103734,Quantum Liquid Fund - Direct Plan Growth Option,INF082J01127,Quantum Mutual Fund,Debt,Debt Scheme - Liquid Fund,37.2693,28-06-2026,5992,0.52,1.5,2.94,5.78,6.32,6.58,6.49,5.88,0.04,-1.02,0.28,100.0,22.7,Avoid,avoid,2026-06-29 16:46:04
118285,CANARA ROBECO ELSS TAX SAVER - DIRECT PLAN - GROWTH OPTION,INF760K01EL8,Canara Robeco Mutual Fund,ELSS,Equity Scheme - ELSS,200.34,25-06-2026,3316,2.91,12.8,-0.26,0.3,3.9,13.34,16.07,12.63,4.53,0.48,34.27,80.0,37.3,Avoid,avoid,2026-06-29 16:46:40
118291,CANARA ROBECO SAVINGS FUND - DIRECT PLAN - GROWTH OPTION,INF760K01ET1,Canara Robeco Mutual Fund,Debt,Debt Scheme - Low Duration Fund,46.0571,25-06-2026,3252,0.98,1.84,2.99,6.17,7.2,7.25,7.08,6.31,0.21,0.7,1.45,100.0,33.3,Avoid,avoid,2026-06-29 16:46:41
118347,IDBI NIFTY 50  Index Fund Growth Direct,,IDBI Mutual Fund,Index / ETF,Other Scheme - Index Funds,39.4042,27-07-2023,2602,0.0,0.0,0.0,0.0,0.0,0.86,5.85,4.96,0.0,-21.38,38.31,60.0,12.8,Avoid,avoid,2026-06-29 16:46:47
118374,Reliance Fixed Horizon Fund - XXII - Direct Plan - Growth Option,,Reliance Mutual Fund,Other,Income,11.1174,16-04-2014,301,0.0,0.0,0.0,0.0,0.0,0.0,0.0,0.0,0.0,,1.26,0.0,12.4,Avoid,avoid,2026-06-29 16:46:47
118379,IDFC Money Manager Fund - Investment Plan-Direct Plan-Growth,,IDFC Mutual Fund,Other,Income,27.0896,11-05-2018,1282,0.0,0.0,0.0,0.0,0.0,0.0,0.0,0.0,0.0,,1.26,0.0,12.4,Avoid,avoid,2026-06-29 16:46:47
118349,IDBI Short Term Bond Fund Growth Direct,,IDBI Mutual Fund,Debt,Debt Scheme - Short Duration Fund,25.7972,27-07-2023,2552,0.0,0.0,0.0,0.0,0.0,0.15,1.81,3.6,0.0,-52.09,4.74,60.0,15.6,Avoid,avoid,2026-06-29 16:46:47
118350,IDBI UST Growth Direct,,IDBI Mutual Fund,Debt,Debt Scheme - Ultra Short Duration Fund,2551.6314,27-07-2023,2551,0.0,0.0,0.0,0.0,0.0,0.16,1.7,2.21,0.0,-50.24,8.15,60.0,15.3,Avoid,avoid,2026-06-29 16:46:48
118387,Bandhan Gilt Fund with 10 year constant duration Fund - Direct Plan - Growth,INF194K01P38,Bandhan Mutual Fund,Debt,Debt Scheme - Gilt Fund with 10 year constant duration,49.1235,25-06-2026,3261,2.21,4.17,3.32,5.19,8.0,7.95,8.19,6.23,1.08,0.37,5.0,80.0,28.4,Avoid,avoid,2026-06-29 16:47:00
118371,BANDHAN Low Duration Fund-Direct Plan-Growth,INF194K01J77,Bandhan Mutual Fund,Debt,Debt Scheme - Low Duration Fund,41.9903,25-06-2026,3261,1.03,1.82,2.99,6.11,7.14,7.17,7.05,6.28,0.22,0.57,1.22,100.0,32.1,Avoid,avoid,2026-06-29 16:46:59
118384,Bandhan Money Market Fund -Direct Plan-Growth,INF194K01M80,Bandhan Mutual Fund,Debt,Debt Scheme - Money Market Fund,46.5281,25-06-2026,3261,0.96,1.78,3.19,6.41,7.33,7.39,7.24,6.51,0.18,1.02,1.31,100.0,36.2,Avoid,avoid,2026-06-29 16:47:00
118394,Bandhan Medium to Long Duration Fund - Direct Plan - Growth,INF194K01R51,Bandhan Mutual Fund,Debt,Debt Scheme - Medium to Long Duration Fund,74.7708,25-06-2026,3261,2.45,4.09,4.4,6.17,6.53,6.78,6.89,5.54,0.88,0.0,6.9,100.0,26.1,Avoid,avoid,2026-06-29 16:47:00
118407,Bandhan Short Duration Fund - Direct Plan - Growth,INF194K01U07,Bandhan Mutual Fund,Debt,Debt Scheme - Short Duration Fund,65.1782,25-06-2026,3260,1.69,2.64,3.51,6.18,7.96,7.79,7.61,6.56,0.47,0.72,2.55,100.0,34.0,Avoid,avoid,2026-06-29 16:47:00
118416,BANDHAN Dynamic Bond Fund-Direct Plan-Growth,INF194K01N63,Bandhan Mutual Fund,Debt,Debt Scheme - Dynamic Bond,40.1951,25-06-2026,3261,3.33,5.22,5.77,7.59,6.95,7.98,7.87,6.5,1.24,0.3,6.96,100.0,30.8,Avoid,avoid,2026-06-29 16:47:00
118410,Bandhan Income Plus Arbitrage Active FOF - Direct Plan - Growth,INF194K01U72,Bandhan Mutual Fund,Hybrid,Other Scheme - FoF Domestic,48.8156,25-06-2026,3224,1.43,2.05,3.25,6.05,7.53,7.43,7.25,6.33,0.34,0.61,2.97,100.0,32.6,Avoid,avoid,2026-06-29 16:47:00
118401,Bandhan Medium Duration Fund - Direct Plan - Growth,INF194K01S50,Bandhan Mutual Fund,Debt,Debt Scheme - Medium Duration Fund,52.8741,25-06-2026,3261,1.95,3.06,3.62,5.88,7.77,7.52,7.42,6.14,0.57,0.42,3.6,100.0,30.9,Avoid,avoid,2026-06-29 16:47:00
118421,Bandhan Focused Fund - Direct Plan - Growth,INF194K01W21,Bandhan Mutual Fund,Thematic,Equity Scheme - Focused Fund,104.637,25-06-2026,3325,1.69,14.1,1.11,1.1,6.45,15.74,18.13,13.64,5.18,0.56,37.54,80.0,41.9,Avoid,avoid,2026-06-29 16:47:00
118419,Bandhan Large & Mid Cap Fund - Direct Plan - Growth,INF194K01V89,Bandhan Mutual Fund,Mid Cap,Equity Scheme - Large & Mid Cap Fund,163.785,25-06-2026,3325,0.92,13.61,0.77,4.93,6.62,21.28,23.69,18.48,4.86,0.91,38.54,80.0,57.9,Watch,watch,2026-06-29 16:47:00
118424,BANDHAN Flexi Cap Fund-Direct Plan-Growth,INF194K01W62,Bandhan Mutual Fund,Multi Cap,Equity Scheme - Flexi Cap Fund,229.948,25-06-2026,3325,2.88,12.03,-2.23,-0.69,3.24,13.36,15.76,12.11,4.39,0.5,36.89,60.0,34.8,Avoid,avoid,2026-06-29 16:47:00
118364,BANDHAN LIQUID Fund -Direct Plan-Growth,INF194K01I60,Bandhan Mutual Fund,Debt,Debt Scheme - Liquid Fund,3385.0569,28-06-2026,4233,0.61,1.77,3.3,6.32,6.77,6.97,6.85,6.2,0.07,0.69,0.23,100.0,33.1,Avoid,avoid,2026-06-29 16:47:00
118426,IDFC  50-50 Strategic Sector Fund-Direct Plan-Growth,,IDFC Mutual Fund,Other,Income,13.1621,08-11-2013,212,0.0,0.0,0.0,0.0,0.0,0.0,0.0,0.0,0.0,,25.28,0.0,9.9,Avoid,avoid,2026-06-29 16:46:48
118471,IDFC  India GDP Growth Fund-Direct Plan-Growth,,IDFC Mutual Fund,Other,Income,19.3969,08-11-2013,212,0.0,0.0,0.0,0.0,0.0,0.0,0.0,0.0,0.0,,17.52,0.0,10.7,Avoid,avoid,2026-06-29 16:46:50
118427,Indiabulls Gilt Fund - Direct Plan -  Growth Option,,Indiabulls Mutual Fund,Debt,Debt Scheme - Gilt Fund,1634.7314,19-12-2018,1428,0.0,0.0,0.0,0.0,0.0,0.0,0.0,0.0,0.0,,8.25,0.0,11.6,Avoid,avoid,2026-06-29 16:46:48
118452,IDBI Equity Savings Fund Growth Option Direct,,IDBI Mutual Fund,Hybrid,Hybrid Scheme - Equity Savings,24.8048,27-07-2023,2574,0.0,0.0,0.0,0.0,0.0,0.54,2.97,2.74,0.0,-14.8,18.54,60.0,14.5,Avoid,avoid,2026-06-29 16:46:49
118454,IDBI Equity Savings Fund Option Direct,,IDBI Mutual Fund,Hybrid,Hybrid Scheme - Equity Savings,13.8251,27-07-2023,2504,0.0,0.0,0.0,0.0,0.0,0.54,2.96,2.73,0.0,-14.82,23.35,60.0,14.1,Avoid,avoid,2026-06-29 16:46:49
118495,Franklin India Dynamic Accrual Fund - Direct - Growth,,Franklin Templeton Mutual Fund,Debt,Debt Scheme - Dynamic Bond,84.0329,07-08-2022,2315,0.0,0.0,0.0,0.0,0.0,0.0,0.38,1.59,0.0,,8.06,40.0,16.7,Avoid,avoid,2026-06-29 16:47:09
118477,BANDHAN Equity Savings Fund-Direct Plan-Growth,INF194K01Z02,Bandhan Mutual Fund,Hybrid,Hybrid Scheme - Equity Savings,36.085,25-06-2026,3078,1.33,3.25,1.48,4.46,5.78,7.67,8.25,7.28,0.89,0.31,17.29,100.0,28.5,Avoid,avoid,2026-06-29 16:47:07
118464,Bandhan Gilt Fund - Direct Plan - Growth,INF194K01Q29,Bandhan Mutual Fund,Debt,Debt Scheme - Gilt Fund,40.9219,25-06-2026,3261,3.6,6.02,6.55,8.37,7.46,8.42,8.23,6.81,1.31,0.4,7.05,100.0,32.6,Avoid,avoid,2026-06-29 16:47:01
118485,Bandhan Aggressive Hybrid Passive FOF - Direct Plan - Growth,INF194K012B6,Bandhan Mutual Fund,Hybrid,Other Scheme - FoF Domestic,53.2246,25-06-2026,3258,0.31,14.37,4.83,7.6,7.53,13.85,15.03,11.78,4.45,0.59,28.96,80.0,39.9,Avoid,avoid,2026-06-29 16:47:20
118474,BANDHAN Arbitrage Fund-Direct Plan- Growth,INF194K01Y60,Bandhan Mutual Fund,Hybrid,Hybrid Scheme - Arbitrage Fund,37.3309,25-06-2026,3314,0.97,1.46,3.17,6.37,7.03,7.46,7.25,6.61,0.2,1.07,0.75,100.0,36.7,Avoid,avoid,2026-06-29 16:47:07
118473,BANDHAN ELSS Tax Saver Fund - Direct Plan - Growth,INF194K01Y29,Bandhan Mutual Fund,ELSS,Equity Scheme - ELSS,179.048,25-06-2026,3325,3.31,12.31,-1.69,1.08,2.63,12.59,16.51,13.73,4.56,0.41,42.6,100.0,38.0,Avoid,avoid,2026-06-29 16:47:01
118479,BANDHAN Large Cap Fund-Direct Plan-Growth,INF194K01Z44,Bandhan Mutual Fund,Large Cap,Equity Scheme - Large Cap Fund,89.276,25-06-2026,3325,2.64,11.04,-2.98,0.04,3.67,13.78,16.34,12.97,4.43,0.49,35.14,100.0,40.4,Avoid,avoid,2026-06-29 16:47:21
118482,BANDHAN Nifty 50 Index Fund-Direct Plan-Growth,INF194K012A8,Bandhan Mutual Fund,Index / ETF,Other Scheme - Index Funds,53.7386,25-06-2026,3325,2.45,8.19,-6.79,-5.27,1.04,8.88,12.18,9.96,4.38,0.17,37.58,80.0,25.3,Avoid,avoid,2026-06-29 16:47:21
118469,BANDHAN Infrastructure Fund-Direct Plan-Growth,INF194K01X46,Bandhan Mutual Fund,Sectoral,Equity Scheme - Sectoral/ Thematic,59.396,25-06-2026,3325,3.36,21.61,5.63,-1.99,-2.62,21.37,26.28,19.74,6.72,0.68,56.87,40.0,50.8,Avoid,avoid,2026-06-29 16:47:01
118481,Bandhan Value Fund - Direct Plan - Growth,INF194K01Z85,Bandhan Mutual Fund,Thematic,Equity Scheme - Value Fund,168.567,25-06-2026,3325,2.8,11.57,-2.46,-0.51,1.18,13.56,17.74,15.45,4.55,0.46,51.9,80.0,38.8,Avoid,avoid,2026-06-29 16:47:16
118486,Bandhan Conservative Hybrid Passive FOF - Direct Plan - Growth,INF194K016A9,Bandhan Mutual Fund,Index / ETF,Other Scheme - FoF Domestic,37.1907,25-06-2026,3199,1.37,3.09,0.75,3.53,5.77,8.12,8.78,7.36,1.2,0.32,9.78,100.0,29.7,Avoid,avoid,2026-06-29 16:47:19
118491,BANDHAN Conservative Hybrid Fund-Direct Plan-Growth,INF194K015B9,Bandhan Mutual Fund,Index / ETF,Hybrid Scheme - Conservative Hybrid Fund,36.8927,25-06-2026,3261,1.87,3.63,0.39,2.76,4.99,7.41,7.69,6.37,1.38,0.16,11.38,100.0,27.1,Avoid,avoid,2026-06-29 16:47:19
118489,Bandhan Multi-Asset Passive FOF - Direct Plan - Growth,INF194K019A3,Bandhan Mutual Fund,Fund of Funds,Other Scheme - FoF Domestic,44.2126,25-06-2026,3221,-0.84,2.66,-0.58,1.82,4.92,9.92,11.17,9.01,2.26,0.41,18.02,100.0,32.8,Avoid,avoid,2026-06-29 16:47:21
118494,Templeton India Value Fund - Direct - Growth,INF090I01GY2,Franklin Templeton Mutual Fund,Thematic,Equity Scheme - Value Fund,792.0342,25-06-2026,3316,2.23,8.98,-4.31,-2.39,-0.47,13.94,18.51,15.96,4.5,0.5,47.84,80.0,40.6,Avoid,avoid,2026-06-29 16:47:21
118498,Franklin India Government Securities Fund - Direct - Growth,INF090I01HS2,Franklin Templeton Mutual Fund,Debt,Debt Scheme - Gilt Fund,66.9983,25-06-2026,3253,1.18,3.25,2.43,4.64,6.52,6.41,6.4,5.56,1.24,-0.12,12.73,100.0,23.3,Avoid,avoid,2026-06-29 16:47:21
118506,Franklin India Money Market Fund - Direct - Growth,INF090I01GV8,Franklin Templeton Mutual Fund,Debt,Debt Scheme - Money Market Fund,55.1942,25-06-2026,3253,0.91,1.75,3.09,6.28,7.28,7.36,7.21,6.48,0.17,0.97,1.16,100.0,35.7,Avoid,avoid,2026-06-29 16:47:20
118508,Franklin India Floating Rate Fund - Direct - Growth,INF090I01LK1,Franklin Templeton Mutual Fund,Debt,Debt Scheme - Floater Fund,47.4628,25-06-2026,3595,0.9,1.56,2.99,6.17,8.14,8.25,8.09,7.15,0.36,1.22,1.29,100.0,38.9,Avoid,avoid,2026-06-29 16:47:21
118553,Franklin India Credit Risk Fund - Direct - Growth,,Franklin Templeton Mutual Fund,Debt,Debt Scheme - Credit Risk Fund,25.565,11-06-2023,2519,0.0,0.0,0.0,0.0,0.0,0.0,1.68,2.49,0.0,,9.55,40.0,16.5,Avoid,avoid,2026-06-29 16:47:30
118554,Franklin India Income Opportunities Fund - Direct - Growth,,Franklin Templeton Mutual Fund,Debt,Debt Scheme - Medium Duration Fund,26.5759,12-12-2021,2154,0.0,0.0,0.0,0.0,0.0,0.0,0.0,0.9,0.0,,13.7,20.0,13.6,Avoid,avoid,2026-06-29 16:47:31
118540,Franklin India ELSS Tax Saver Fund - Direct - Growth,INF090I01JS8,Franklin Templeton Mutual Fund,ELSS,Equity Scheme - ELSS,1602.7807,25-06-2026,3317,3.48,10.72,-3.81,-4.88,1.15,14.54,17.53,13.76,4.3,0.55,38.99,60.0,38.5,Avoid,avoid,2026-06-29 16:47:43
118548,Franklin India Retirement Fund - Direct - Growth,INF090I01JZ3,Franklin Templeton Mutual Fund,Other,Solution Oriented Scheme - Retirement Fund,241.2166,25-06-2026,3317,2.01,4.61,-0.78,-0.14,4.06,9.07,10.28,8.01,1.76,0.38,13.81,60.0,26.9,Avoid,avoid,2026-06-29 16:47:43
118557,Franklin Build India Fund - Direct - Growth,INF090I01JF5,Franklin Templeton Mutual Fund,Thematic,Equity Scheme - Sectoral/ Thematic,172.2711,25-06-2026,3317,3.06,12.16,5.09,4.76,2.84,23.79,27.2,22.52,5.01,0.96,42.8,100.0,67.7,Watch,watch,2026-06-29 16:47:43
118546,Franklin India Aggressive Hybrid Fund - Direct - Growth,INF090I01FZ1,Franklin Templeton Mutual Fund,Hybrid,Hybrid Scheme - Aggressive Hybrid Fund,308.687,25-06-2026,3317,2.81,8.5,-1.62,-1.56,3.37,12.44,14.59,11.25,3.25,0.54,27.82,60.0,34.4,Avoid,avoid,2026-06-29 16:47:43
118559,Franklin Asian Equity Fund - Direct - Growth,INF090I01IZ5,Franklin Templeton Mutual Fund,Thematic,Equity Scheme - Sectoral/ Thematic,50.6295,25-06-2026,3316,2.19,28.41,29.99,50.12,29.97,22.89,17.1,8.36,6.49,0.85,40.2,80.0,63.6,Watch,watch,2026-06-29 16:47:43
118543,Franklin India Dynamic Asset Allocation Active Fund Of Funds - Direct - Growth,INF090I01HV6,Franklin Templeton Mutual Fund,Fund of Funds,Other Scheme - FoF Domestic,189.7188,25-06-2026,3251,2.47,7.28,-0.13,1.02,4.76,11.88,13.39,12.6,2.55,0.63,30.94,100.0,39.8,Avoid,avoid,2026-06-29 16:47:43
118551,Franklin U.S. Opportunities Equity Active Fund of Funds - Direct - Growth,INF090I01JR0,Franklin Templeton Mutual Fund,International,Other Scheme - FoF Overseas,102.6766,25-06-2026,3254,-3.27,20.85,10.84,20.65,16.65,22.13,22.77,10.58,4.58,0.76,38.41,80.0,58.1,Watch,watch,2026-06-29 16:47:43
118601,Goldman Sachs India Equity Fund - Direct Plan -Growth Option,,Goldman Sachs Mutual Fund,Gold,Income,21.03,03-11-2016,941,0.0,0.0,0.0,0.0,0.0,0.0,0.0,0.0,0.0,,21.83,0.0,10.2,Avoid,avoid,2026-06-30 16:07:02
118606,Goldman Sachs CNX 500 Fund - Direct Plan - Growth Option,,Goldman Sachs Mutual Fund,Gold,Income,31.3165,03-11-2016,941,0.0,0.0,0.0,0.0,0.0,0.0,0.0,0.0,0.0,,20.54,0.0,10.4,Avoid,avoid,2026-06-29 16:48:10
118610,Reliance Liquid Fund - Cash Plan - Direct Plan - Growth Plan - Growth Option,,Reliance Mutual Fund,Debt,Direct,2831.6355,20-05-2018,1684,0.0,0.0,0.0,0.0,0.0,0.0,0.0,0.0,0.0,,0.21,0.0,12.5,Avoid,avoid,2026-06-29 16:48:10
118560,Franklin India Ultra Short Bond Fund - Super Institutional Plan - Direct - Growth,,Franklin Templeton Mutual Fund,Debt,Debt Scheme - Ultra Short Duration Fund,34.2355,07-08-2022,2317,0.0,0.0,0.0,0.0,0.0,0.0,0.17,2.3,0.0,,4.36,40.0,17.0,Avoid,avoid,2026-06-29 16:47:31
118604,Goldman Sachs Short Term Fund - Direct Plan - Growth Option,,Goldman Sachs Mutual Fund,Gold,Income,14.269,13-08-2015,628,0.0,0.0,0.0,0.0,0.0,0.0,0.0,0.0,0.0,,0,0.0,12.5,Avoid,avoid,2026-06-29 16:48:10
118631,Edelweiss Gilt Fund -Direct Plan-Growth Option,,Edelweiss Mutual Fund,Debt,Income,13.5133,18-02-2016,722,0.0,0.0,0.0,0.0,0.0,0.0,0.0,0.0,0.0,,10.66,0.0,11.4,Avoid,avoid,2026-06-29 16:48:10
118638,Edelweiss Equity Savings Advantage Fund- Direct Plan- Growth Option,,Edelweiss Mutual Fund,Hybrid,Income,17.1,25-11-2016,852,0.0,0.0,0.0,0.0,0.0,0.0,0.0,0.0,0.0,,1.84,0.0,12.3,Avoid,avoid,2026-06-29 16:48:10
118636,Edelweiss Liquid Fund-Direct Plan-Growth Option,,Edelweiss Mutual Fund,Debt,Income,1529.8657,25-11-2016,1167,0.0,0.0,0.0,0.0,0.0,0.0,0.0,0.0,0.0,,0.15,0.0,12.5,Avoid,avoid,2026-06-29 16:48:10
118643,Reliance Focused Large Cap Fund - Direct Plan Growth Plan - Growth Option,,Reliance Mutual Fund,Large Cap,Income,31.0443,27-04-2018,1307,0.0,0.0,0.0,0.0,0.0,0.0,0.0,0.0,0.0,,23.44,0.0,10.1,Avoid,avoid,2026-06-29 16:48:10
118565,Franklin India SHORT TERM INCOME PLAN - Direct - GROWTH,INF090I01GK1,Franklin Templeton Mutual Fund,Debt,Debt Scheme - Short Duration Fund,15097.536,02-05-2025,2973,0.0,0.0,0.0,0.0,70.91,43.62,33.76,28.1,0.0,0.53,12.79,80.0,70.2,Watch,watch,2026-06-29 16:47:36
118569,Franklin India Corporate Debt Fund - Direct - GROWTH,INF090I01FW8,Franklin Templeton Mutual Fund,Debt,Debt Scheme - Corporate Bond Fund,114.7983,25-06-2026,3253,1.06,2.05,2.85,6.1,8.49,8.03,7.71,6.78,0.36,0.86,7.36,100.0,35.1,Avoid,avoid,2026-06-29 16:47:43
118617,Edelweiss Large Cap Fund - Direct Plan-Growth option,INF754K01BW4,Edelweiss Mutual Fund,Large Cap,Equity Scheme - Large Cap Fund,95.54,25-06-2026,3313,2.03,8.79,-4.21,-2.98,1.68,11.68,15.61,12.3,4.38,0.39,35.15,60.0,31.8,Avoid,avoid,2026-06-29 16:48:21
118564,Franklin India Focused Equity Fund - Direct - Growth,INF090I01IW2,Franklin Templeton Mutual Fund,Thematic,Equity Scheme - Focused Fund,114.4601,25-06-2026,3317,2.35,7.59,-8.01,-6.81,-1.24,10.58,14.78,12.47,4.22,0.31,37.69,80.0,31.5,Avoid,avoid,2026-06-29 16:47:43
118574,Franklin India Conservative Hybrid Fund - Direct - GROWTH,INF090I01GF1,Franklin Templeton Mutual Fund,Index / ETF,Hybrid Scheme - Conservative Hybrid Fund,101.9481,25-06-2026,3317,1.57,3.91,0.32,1.6,5.44,8.61,9.32,7.72,1.37,0.42,11.89,100.0,30.9,Avoid,avoid,2026-06-29 16:47:43
118581,Franklin India INDEX FUND- NSE NIFTY 50 INDEX FUND- Direct - Growth,INF090I01GS4,Franklin Templeton Mutual Fund,Index / ETF,Other Scheme - Index Funds,205.3222,25-06-2026,3317,2.44,8.15,-6.84,-5.29,1.07,8.8,12.06,9.82,4.37,0.17,37.6,80.0,25.0,Avoid,avoid,2026-06-29 16:47:44
118589,Nippon India Banking & Financial Services Fund - Direct Plan Growth Plan - Growth Option,INF204K01XO1,Nippon India Mutual Fund,Sectoral,Equity Scheme - Sectoral/ Thematic,712.1368,29-06-2026,3317,4.5,14.84,-0.8,0.36,8.13,14.05,19.73,15.3,4.87,0.55,50.56,80.0,40.0,Avoid,avoid,2026-06-30 16:07:12
118615,Edelweiss Balanced Advantage Fund -Direct Plan-Growth Option,INF754K01BS2,Edelweiss Mutual Fund,Hybrid,Hybrid Scheme - Dynamic Asset Allocation or Balanced Advantage,59.99,25-06-2026,3303,1.4,7.34,0.38,2.81,4.69,11.45,12.97,10.71,2.76,0.52,16.23,100.0,37.5,Avoid,avoid,2026-06-29 16:48:22
118620,Edelweiss ELSS Tax Saver Fund - Direct Plan-Growth Option,INF754K01CA8,Edelweiss Mutual Fund,ELSS,Equity Scheme - ELSS,135.91,25-06-2026,3302,1.65,12.52,-0.7,2.15,4.22,14.98,17.64,14.15,4.73,0.57,36.8,100.0,43.7,Avoid,avoid,2026-06-29 16:48:21
118624,Edelweiss Aggressive Hybrid Fund-Direct Plan-Growth Option,INF754K01CE0,Edelweiss Mutual Fund,Hybrid,Hybrid Scheme - Aggressive Hybrid Fund,74.93,25-06-2026,3314,1.59,9.55,0.07,0.9,5.92,14.96,17.52,14.99,3.45,0.73,28.6,100.0,47.2,Avoid,avoid,2026-06-29 16:48:15
118632,Nippon India Large Cap Fund - Direct Plan Growth Plan - Growth Option,INF204K01XI3,Nippon India Mutual Fund,Large Cap,Equity Scheme - Large Cap Fund,101.1917,25-06-2026,3316,2.77,10.65,-3.37,-1.39,3.24,14.42,18.79,16.26,4.48,0.54,39.96,80.0,42.6,Avoid,avoid,2026-06-29 16:48:21
118577,Franklin India Liquid Fund - Super Institutional - Direct - Growth,INF090I01JV2,Franklin Templeton Mutual Fund,Debt,Debt Scheme - Liquid Fund,4213.8776,28-06-2026,4157,0.63,1.78,3.31,6.36,6.84,7.0,6.87,6.22,0.06,0.85,0.16,100.0,34.4,Avoid,avoid,2026-06-29 16:47:44
118674,Nippon India Gilt Fund - Direct Plan - P F Option - Automatic Annual Reinvest Option,,Nippon India Mutual Fund,Debt,Debt Scheme - Gilt Fund,24.0294,25-06-2026,3183,2.83,4.55,3.1,3.84,6.03,6.79,7.3,6.09,1.37,0.01,36.49,100.0,22.9,Avoid,avoid,2026-06-29 16:48:23
118656,Nippon India Floater Fund  - Direct Plan Growth Plan - Growth Option,INF204K01E05,Nippon India Mutual Fund,Debt,Debt Scheme - Floater Fund,50.5124,25-06-2026,3252,1.49,2.14,2.82,5.95,7.76,7.72,7.53,6.71,0.43,0.74,2.64,100.0,34.0,Avoid,avoid,2026-06-29 16:48:23
118709,Nippon India Low Duration Fund - Direct Plan Growth Plan - Growth Option,INF204K01ZU3,Nippon India Mutual Fund,Debt,Debt Scheme - Low Duration Fund,4229.7474,25-06-2026,3252,1.01,1.84,3.04,6.41,7.49,7.48,7.34,6.68,0.21,1.08,1.97,100.0,36.8,Avoid,avoid,2026-06-29 16:48:34
118687,Nippon India Medium to Long Duration Fund - Direct Plan Growth Plan - Growth Option,INF204K01XS2,Nippon India Mutual Fund,Debt,Debt Scheme - Medium to Long Duration Fund,104.6476,25-06-2026,3252,2.16,3.46,3.05,4.63,6.62,7.01,7.74,6.49,0.92,0.08,9.88,100.0,26.3,Avoid,avoid,2026-06-29 16:48:23
118672,Nippon India Gilt  Fund - Direct Plan Growth Plan - Growth Option,INF204K01XP8,Nippon India Mutual Fund,Debt,Debt Scheme - Gilt Fund,44.3953,25-06-2026,3252,2.83,4.56,3.1,3.84,6.03,6.79,7.3,6.09,1.37,0.01,11.81,100.0,24.9,Avoid,avoid,2026-06-29 16:48:23
118692,Nippon India Focused Fund - Direct Plan Growth Plan - Growth Option,INF204K01F95,Nippon India Mutual Fund,Thematic,Equity Scheme - Focused Fund,135.677,25-06-2026,3316,2.54,14.47,-0.45,-0.33,2.84,13.42,15.09,12.96,4.9,0.44,43.43,80.0,36.4,Avoid,avoid,2026-06-29 16:48:23
118650,Nippon India Multi Cap Fund - Direct Plan Growth Plan - Growth Option,INF204K01XF9,Nippon India Mutual Fund,Multi Cap,Equity Scheme - Multi Cap Fund,334.0343,25-06-2026,3316,1.97,14.06,1.46,0.6,3.65,17.65,22.57,20.24,4.82,0.7,42.75,100.0,54.2,Avoid,avoid,2026-06-29 16:48:23
118668,Nippon India Growth Mid Cap Fund - Direct Plan Growth Plan - Growth Option,INF204K01E54,Nippon India Mutual Fund,Mid Cap,Equity Scheme - Mid Cap Fund,4934.3587,25-06-2026,3316,2.04,17.43,6.89,7.44,8.3,22.93,25.68,21.43,5.37,0.92,35.32,100.0,66.6,Watch,watch,2026-06-29 16:48:23
118719,Nippon India Money Market Fund - Direct Plan Growth Plan - Growth Option,INF204K01ZP3,Nippon India Mutual Fund,Debt,Debt Scheme - Money Market Fund,4477.6431,25-06-2026,3644,0.95,1.78,3.1,6.29,7.28,7.39,7.28,6.61,0.19,0.99,0.87,100.0,36.0,Avoid,avoid,2026-06-29 16:48:34
118726,Nippon India Conservative Hybrid  Fund - Direct Plan Growth Plan - Growth Option,INF204K01YV4,Nippon India Mutual Fund,Index / ETF,Hybrid Scheme - Conservative Hybrid Fund,68.3017,25-06-2026,3252,1.45,3.21,2.6,7.01,8.27,8.83,9.43,8.67,0.84,0.86,18.95,100.0,36.2,Avoid,avoid,2026-06-29 16:48:34
118678,Nippon India Vision Large & Mid Cap Fund - Direct Plan Growth Plan - Growth Option,INF204K01F20,Nippon India Mutual Fund,Mid Cap,Equity Scheme - Large & Mid Cap Fund,1607.0893,25-06-2026,3316,2.02,13.33,0.08,1.18,4.45,17.66,19.78,15.88,4.74,0.72,45.02,100.0,49.9,Avoid,avoid,2026-06-29 16:48:23
118663,Nippon India Gold Savings Fund - Direct Plan Growth Plan - Growth Option,INF204K01YC4,Nippon India Mutual Fund,Gold,Other Scheme - FoF Domestic,55.4059,25-06-2026,3316,-10.64,-5.16,1.62,43.79,37.48,32.4,27.13,23.02,8.51,1.18,24.66,100.0,86.4,Strong Pick,strong,2026-06-29 16:48:23
118673,Nippon India Gilt  Fund - Direct Plan - P F Option - Defined Maturity Date Option,INF204K01E88,Nippon India Mutual Fund,Debt,Debt Scheme - Gilt Fund,44.5153,25-06-2026,3118,2.83,4.56,3.1,3.84,6.03,6.79,7.3,6.09,1.37,0.01,6.49,100.0,25.4,Avoid,avoid,2026-06-29 16:48:23
118724,Nippon India Consumption Fund - Direct Plan Growth Plan - Growth Option,INF204K01G52,Nippon India Mutual Fund,Sectoral,Equity Scheme - Sectoral/ Thematic,212.3802,25-06-2026,3316,3.47,13.06,-4.79,-5.83,-0.37,11.83,15.91,14.89,5.15,0.35,31.03,80.0,36.1,Avoid,avoid,2026-06-29 16:48:34
118701,Nippon India Liquid Fund - Direct Plan Growth Plan - Growth Option,INF204K01ZH0,Nippon India Mutual Fund,Debt,Debt Scheme - Liquid Fund,6863.2873,28-06-2026,4197,0.6,1.79,3.33,6.37,6.83,7.0,6.88,6.23,0.07,0.85,0.24,100.0,34.4,Avoid,avoid,2026-06-29 16:48:31
118847,Mirae Asset Short Term Bond Fund - Direct Plan - Growth,,Mirae Asset Mutual Fund,Other,Income,15.3572,03-03-2016,761,0.0,0.0,0.0,0.0,0.0,0.0,0.0,0.0,0.0,,0.07,0.0,12.5,Avoid,avoid,2026-06-29 16:48:45
118831,Mirae Asset China Advantage Fund - Direct Plan - Growth,,Mirae Asset Mutual Fund,Other,Income,17.919,14-09-2017,1079,0.0,0.0,0.0,0.0,0.0,0.0,0.0,0.0,0.0,,34.37,0.0,8.9,Avoid,avoid,2026-06-29 16:48:45
118828,Mirae Asset Global Commodity Stocks - Direct Plan - Growth,,Mirae Asset Mutual Fund,International,Income,8.444,03-03-2016,779,0.0,0.0,0.0,0.0,0.0,0.0,0.0,0.0,0.0,,46.0,0.0,7.7,Avoid,avoid,2026-06-29 16:48:40
118820,Indiabulls Gilt Fund - Indirect Plan - Growth Option,,Indiabulls Mutual Fund,Debt,Debt Scheme - Gilt Fund,1544.0868,19-12-2018,1428,0.0,0.0,0.0,0.0,0.0,0.0,0.0,0.0,0.0,,8.54,0.0,11.6,Avoid,avoid,2026-06-29 16:48:40
118857,Mirae Asset Liquid Fund - Direct Plan - Growth,,Mirae Asset Mutual Fund,Debt,Income,1061.7509,30-07-2013,161,0.0,0.0,0.0,0.0,0.0,0.0,0.0,0.0,0.0,,0,0.0,12.5,Avoid,avoid,2026-06-29 16:48:45
118814,Nippon India Corporate Bond Fund - Direct Plan Growth Plan - Growth Option,INF204K01C15,Nippon India Mutual Fund,Debt,Debt Scheme - Corporate Bond Fund,66.69,25-06-2026,3252,1.67,2.41,2.82,5.52,7.79,7.72,7.75,6.96,0.54,0.58,1.7,100.0,32.5,Avoid,avoid,2026-06-29 16:48:44
118791,Nippon India Index Fund - BSE Sensex Plan - Direct Plan Growth Plan - Growth Option,INF204K01K80,Nippon India Mutual Fund,Index / ETF,Other Scheme - Index Funds,41.8596,25-06-2026,3316,3.39,7.63,-8.54,-7.52,-0.36,7.01,10.87,9.05,4.46,0.03,37.15,80.0,20.4,Avoid,avoid,2026-06-29 16:48:36
118784,Nippon India Value Fund - Direct Plan Growth Plan,INF204K01K49,Nippon India Mutual Fund,Thematic,Equity Scheme - Value Fund,247.2996,25-06-2026,3316,1.94,11.75,-2.03,-1.3,2.36,17.83,20.29,16.44,4.97,0.68,38.6,80.0,48.8,Avoid,avoid,2026-06-29 16:48:36
118837,Mirae Asset Great Consumer Fund - Direct Plan - Growth,INF769K01BL5,Mirae Asset Mutual Fund,Sectoral,Equity Scheme - Sectoral/ Thematic,108.755,25-06-2026,3316,3.65,13.67,-4.03,-1.68,1.77,11.9,17.09,14.62,5.21,0.36,35.49,80.0,35.6,Avoid,avoid,2026-06-29 16:48:57
118780,Nippon India Credit Risk Fund - Direct Plan - Growth Plan,INF204K01A74,Nippon India Mutual Fund,Debt,Debt Scheme - Credit Risk Fund,41.7603,25-06-2026,3252,1.47,2.7,4.16,8.38,9.33,9.01,8.83,9.28,0.38,2.2,13.83,100.0,47.6,Avoid,avoid,2026-06-29 16:48:36
118840,Mirae Asset Low Duration Fund - Direct Plan - Growth,INF769K01BO9,Mirae Asset Mutual Fund,Debt,Debt Scheme - Low Duration Fund,2619.5701,25-06-2026,3253,1.09,1.94,3.1,6.41,7.46,7.49,7.3,6.53,0.23,1.02,1.36,100.0,36.3,Avoid,avoid,2026-06-29 16:48:56
118834,Mirae Asset Large & Midcap Fund - Direct Plan - Growth,INF769K01BI1,Mirae Asset Mutual Fund,Mid Cap,Equity Scheme - Large & Mid Cap Fund,175.414,25-06-2026,3316,2.62,14.11,-0.84,2.83,4.06,15.0,16.67,13.06,4.98,0.55,36.87,80.0,40.3,Avoid,avoid,2026-06-29 16:48:53
118796,Nippon India Short Duration Fund - Direct Plan Growth Plan - Growth Option,INF204K01B32,Nippon India Mutual Fund,Debt,Debt Scheme - Short Duration Fund,61.0076,25-06-2026,3252,1.6,2.3,2.93,6.01,8.0,7.84,7.73,6.86,0.5,0.74,2.85,100.0,34.1,Avoid,avoid,2026-06-29 16:48:43
118825,Mirae Asset Large Cap Fund - Direct Plan - Growth,INF769K01AX2,Mirae Asset Mutual Fund,Large Cap,Equity Scheme - Large Cap Fund,126.522,25-06-2026,3316,3.33,11.84,-4.56,-1.78,3.37,10.5,12.99,10.41,4.72,0.3,37.44,80.0,29.0,Avoid,avoid,2026-06-29 16:48:45
118803,Nippon India ELSS Tax Saver Fund - Direct Plan Growth Plan - Growth Option,INF204K01L55,Nippon India Mutual Fund,ELSS,Equity Scheme - ELSS,144.9663,25-06-2026,3316,2.0,12.55,1.32,1.64,3.23,15.61,17.89,14.87,4.34,0.62,51.86,100.0,44.7,Avoid,avoid,2026-06-29 16:48:44
118794,Nippon India Aggressive Hybrid Fund  - Direct Plan Growth Plan,INF204K01B08,Nippon India Mutual Fund,Hybrid,Hybrid Scheme - Aggressive Hybrid Fund,120.7029,25-06-2026,3315,2.43,9.25,-0.06,1.62,4.6,12.68,15.44,12.25,3.42,0.54,42.35,100.0,38.4,Avoid,avoid,2026-06-29 16:48:45
118868,Taurus Banking & Financial Services Fund - Direct Plan - Growth,INF044D01CN2,Taurus Mutual Fund,Sectoral,Equity Scheme - Sectoral/ Thematic,60.89,25-06-2026,3317,5.0,13.41,-0.31,-1.6,4.27,10.24,16.49,11.86,5.28,0.28,41.62,60.0,27.2,Avoid,avoid,2026-06-29 16:48:56
118866,Taurus ELSS Tax Saver Fund - Direct Plan - Growth,INF044D01CG6,Taurus Mutual Fund,ELSS,Equity Scheme - ELSS,193.45,25-06-2026,3318,1.27,11.27,-2.9,-7.15,1.58,11.5,15.1,11.65,4.5,0.34,35.05,60.0,30.4,Avoid,avoid,2026-06-29 16:48:56
118870,Taurus Large Cap Fund - Direct Plan - Growth,INF044D01BX3,Taurus Mutual Fund,Large Cap,Equity Scheme - Large Cap Fund,164.88,25-06-2026,3317,1.88,8.26,-3.35,-2.01,0.88,12.34,14.77,10.47,4.23,0.43,35.12,60.0,31.3,Avoid,avoid,2026-06-29 16:48:56
118859,Mirae Asset Liquid Fund - Direct Plan - Growth,INF769K01CM1,Mirae Asset Mutual Fund,Debt,Debt Scheme - Liquid Fund,2959.3014,28-06-2026,4057,0.6,1.7,3.24,6.27,6.78,6.97,6.85,6.21,0.06,0.75,0.16,100.0,33.5,Avoid,avoid,2026-06-29 16:48:57
118872,Taurus Mid Cap Fund - Direct Plan - Growth,INF044D01CA9,Taurus Mutual Fund,Mid Cap,Equity Scheme - Mid Cap Fund,125.04,25-06-2026,3318,1.0,15.29,-1.23,-4.27,-2.12,11.1,16.7,11.84,5.33,0.31,32.8,60.0,29.4,Avoid,avoid,2026-06-29 16:48:56
118885,Taurus MIP Advantage-Direct Plan-Growth Option,,Taurus Mutual Fund,Other,Income,15.5902,08-07-2016,846,0.0,0.0,0.0,0.0,0.0,0.0,0.0,0.0,0.0,,5.26,0.0,12.0,Avoid,avoid,2026-06-29 16:48:46
118933,HDFC Balanced Fund -Direct Plan - Growth Option,,HDFC Mutual Fund,Hybrid,Income,154.425,01-06-2018,1333,0.0,0.0,0.0,0.0,0.0,0.0,0.0,0.0,0.0,,14.01,0.0,11.0,Avoid,avoid,2026-06-29 16:48:59
118889,Taurus Short Term Income Fund-Direct Plan-Growth Option,,Taurus Mutual Fund,Other,Income,2804.833,02-05-2018,1284,0.0,0.0,0.0,0.0,0.0,0.0,0.0,0.0,0.0,,11.29,0.0,11.3,Avoid,avoid,2026-06-29 16:48:46
118927,HDFC Focused Large-Cap Fund -Direct Plan - Growth Option,,HDFC Mutual Fund,Large Cap,Income,21.067,20-06-2014,364,0.0,0.0,0.0,0.0,0.0,0.0,0.0,0.0,0.0,,21.03,0.0,10.3,Avoid,avoid,2026-06-29 16:48:59
118894,Taurus Ultra Short Term Bond Fund-Direct Plan-SI Growth Option,,Taurus Mutual Fund,Debt,Income,1931.0168,02-05-2018,1284,0.0,0.0,0.0,0.0,0.0,0.0,0.0,0.0,0.0,,11.78,0.0,11.3,Avoid,avoid,2026-06-29 16:48:47
118887,Taurus Gilt Fund-Direct Plan-Growth Option,,Taurus Mutual Fund,Debt,Income,17.923,17-09-2014,412,0.0,0.0,0.0,0.0,0.0,0.0,0.0,0.0,0.0,,0.0,0.0,12.5,Avoid,avoid,2026-06-29 16:48:46
118874,Taurus Dynamic Income Fund-Direct Plan-Growth Option,,Taurus Mutual Fund,Other,Income,15.5295,02-05-2018,1281,0.0,0.0,0.0,0.0,0.0,0.0,0.0,0.0,0.0,,12.8,0.0,11.2,Avoid,avoid,2026-06-29 16:48:45
118929,HDFC Long Term Advantage Plan - Growth Option - Direct Plan,,HDFC Mutual Fund,ELSS,Equity Scheme - ELSS,625.385,14-01-2022,2225,0.0,0.0,0.0,0.0,0.0,0.0,0.0,3.43,0.0,,39.63,20.0,10.9,Avoid,avoid,2026-06-29 16:48:59
118893,Taurus Liquid Fund-Direct Plan-SI Growth Option,,Taurus Mutual Fund,Debt,Debt Scheme - Liquid Fund,1990.1202,03-11-2020,2466,0.0,0.0,0.0,0.0,0.0,0.0,0.0,0.0,0.0,,7.22,0.0,11.7,Avoid,avoid,2026-06-29 16:48:47
118936,DWS Alpha Equity Fund - Direct Plan - Growth,,Deutsche Mutual Fund,Thematic,Income,119.42,02-03-2016,778,0.0,0.0,0.0,0.0,0.0,0.0,0.0,0.0,0.0,,16.77,0.0,10.8,Avoid,avoid,2026-06-29 16:48:59
118939,DWS Investment Opportunity Fund - Direct Plan - Growth,,Deutsche Mutual Fund,Other,Income,53.22,02-03-2016,778,0.0,0.0,0.0,0.0,0.0,0.0,0.0,0.0,0.0,,17.97,0.0,10.6,Avoid,avoid,2026-06-29 16:48:59
118946,DWS Tax Saving Fund - Direct Plan - Growth,,Deutsche Mutual Fund,ELSS,Income,20.95,02-03-2016,774,0.0,0.0,0.0,0.0,0.0,0.0,0.0,0.0,0.0,,16.08,0.0,10.8,Avoid,avoid,2026-06-29 16:48:59
118951,DWS Top Euroland Offshore Fund - Direct Plan - Growth,,Deutsche Mutual Fund,Other,Income,11.8,02-03-2016,774,0.0,0.0,0.0,0.0,0.0,0.0,0.0,0.0,0.0,,19.29,0.0,10.5,Avoid,avoid,2026-06-29 16:48:59
118958,DWS Global Agribusiness Offshore Fund - Direct Plan - Growth,,Deutsche Mutual Fund,International,Income,13.55,02-03-2016,774,0.0,0.0,0.0,0.0,0.0,0.0,0.0,0.0,0.0,,28.24,0.0,9.6,Avoid,avoid,2026-06-29 16:48:59
118965,DWS Equity Income Fund - Direct Plan - Growth,,Deutsche Mutual Fund,Other,Income,25.9772,02-03-2016,766,0.0,0.0,0.0,0.0,0.0,0.0,0.0,0.0,0.0,,4.32,0.0,12.1,Avoid,avoid,2026-06-29 16:48:59
118972,DWS Income Advantage Fund - Direct Plan - Growth,,Deutsche Mutual Fund,Other,Income,18.1441,02-03-2016,760,0.0,0.0,0.0,0.0,0.0,0.0,0.0,0.0,0.0,,3.11,0.0,12.2,Avoid,avoid,2026-06-29 16:49:00
118975,DWS Premier Bond Fund - Direct Plan - Growth,,Deutsche Mutual Fund,Other,Income,24.5565,02-03-2016,760,0.0,0.0,0.0,0.0,0.0,0.0,0.0,0.0,0.0,,5.43,0.0,11.9,Avoid,avoid,2026-06-29 16:49:00
118879,Taurus Infrastructure Fund - Direct Plan - Growth ,INF044D01CD3,Taurus Mutual Fund,Sectoral,Equity Scheme - Sectoral/ Thematic,70.22,25-06-2026,3318,0.21,12.44,-2.38,-6.1,-3.36,14.82,17.45,13.28,5.48,0.47,37.29,40.0,35.2,Avoid,avoid,2026-06-29 16:48:56
118931,HDFC ARBITRAGE FUND - Growth Option - Direct Plan,INF179K01UU8,HDFC Mutual Fund,Hybrid,Hybrid Scheme - Arbitrage Fund,33.766,21-05-2026,3293,0.0,0.73,2.45,5.65,6.61,7.16,6.97,6.37,0.17,0.58,0.82,100.0,32.0,Avoid,avoid,2026-06-29 16:49:04
118876,Taurus Ethical Fund - Direct Plan - Growth,INF044D01CJ0,Taurus Mutual Fund,Thematic,Equity Scheme - Sectoral/ Thematic,142.29,25-06-2026,3318,0.17,9.83,-2.15,-2.83,0.04,13.25,14.45,10.81,4.31,0.42,29.36,60.0,33.4,Avoid,avoid,2026-06-29 16:48:56
118881,Taurus Nifty 50 Index Fund - Direct Plan - Growth,INF044D01CQ5,Taurus Mutual Fund,Index / ETF,Other Scheme - Index Funds,48.8012,25-06-2026,3317,2.37,7.84,-7.18,-5.95,0.38,7.98,11.34,9.09,4.33,0.11,37.0,80.0,22.7,Avoid,avoid,2026-06-29 16:48:57
118883,Taurus Flexi Cap Fund - Direct Plan - Growth,INF044D01BU9,Taurus Mutual Fund,Multi Cap,Equity Scheme - Flexi Cap Fund,233.0,25-06-2026,3318,2.15,15.24,0.11,-2.3,-0.92,12.34,14.27,10.42,5.29,0.38,40.99,60.0,29.7,Avoid,avoid,2026-06-29 16:48:57
118924,DSP Bond Fund - Direct Plan - Growth,INF740K01MZ3,DSP Mutual Fund,Debt,Debt Scheme - Medium Duration Fund,91.6616,25-06-2026,3261,1.77,2.54,2.71,5.14,7.54,7.44,7.44,6.36,0.6,0.35,5.43,100.0,29.7,Avoid,avoid,2026-06-29 16:48:57
118942,HDFC Low Duration  Fund - Direct Plan - Growth,INF179K01VF7,HDFC Mutual Fund,Debt,Debt Scheme - Low Duration Fund,66.6734,25-06-2026,3256,1.01,1.76,3.02,6.31,7.43,7.54,7.49,6.7,0.22,1.08,1.26,100.0,36.9,Avoid,avoid,2026-06-29 16:49:09
118950,HDFC Focused Fund - Growth Option - Direct Plan,INF179K01VK7,HDFC Mutual Fund,Thematic,Equity Scheme - Focused Fund,263.721,25-06-2026,3317,4.57,10.75,-2.11,0.28,6.16,17.87,21.43,20.27,4.47,0.84,45.63,100.0,55.7,Watch,watch,2026-06-29 16:49:09
118935,HDFC Value Fund - Growth Option - Direct Plan,INF179K01VC4,HDFC Mutual Fund,Thematic,Equity Scheme - Value Fund,865.277,25-06-2026,3317,3.94,14.72,0.81,2.83,5.43,17.53,19.9,15.9,4.94,0.7,43.9,100.0,49.5,Avoid,avoid,2026-06-29 16:49:09
118961,HDFC Floating Rate Debt Fund - Direct Plan - Growth Option,INF179K01VQ4,HDFC Mutual Fund,Debt,Debt Scheme - Floater Fund,54.3416,25-06-2026,3256,1.33,2.08,3.13,6.38,7.79,7.91,7.85,6.94,0.33,1.14,1.33,100.0,37.9,Avoid,avoid,2026-06-29 16:49:10
118955,HDFC Flexi Cap Fund - Growth Option - Direct Plan,INF179K01UT0,HDFC Mutual Fund,Multi Cap,Equity Scheme - Flexi Cap Fund,2215.087,25-06-2026,3317,3.89,10.95,-1.62,0.98,6.36,17.86,21.17,18.6,4.28,0.82,41.84,100.0,54.3,Avoid,avoid,2026-06-29 16:49:09
118968,HDFC Balanced Advantage Fund - Growth Plan - Direct Plan,INF179K01WA6,HDFC Mutual Fund,Hybrid,Hybrid Scheme - Dynamic Asset Allocation or Balanced Advantage,565.896,25-06-2026,3317,2.64,7.84,-1.9,-0.19,3.33,14.64,17.58,15.81,3.41,0.73,34.2,80.0,45.1,Avoid,avoid,2026-06-29 16:49:10
118991,HDFC Prudence Fund -Direct Plan - Growth Option,,HDFC Mutual Fund,Other,Income,514.495,01-06-2018,1333,0.0,0.0,0.0,0.0,0.0,0.0,0.0,0.0,0.0,,19.41,0.0,10.5,Avoid,avoid,2026-06-29 16:49:00
118982,DWS Short Maturity Fund - Direct Plan - Growth,,Deutsche Mutual Fund,Other,Income,27.5986,02-03-2016,760,0.0,0.0,0.0,0.0,0.0,0.0,0.0,0.0,0.0,,1.98,0.0,12.3,Avoid,avoid,2026-06-29 16:49:00
119022,DWS Treasury Fund - Investment - Direct Plan - Growth,,Deutsche Mutual Fund,Other,Income,16.6184,02-03-2016,759,0.0,0.0,0.0,0.0,0.0,0.0,0.0,0.0,0.0,,1.26,0.0,12.4,Avoid,avoid,2026-06-30 16:07:23
119033,DWS Low Duration Fund - Direct Plan - Growth,,Deutsche Mutual Fund,Debt,Income,16.1904,02-03-2016,760,0.0,0.0,0.0,0.0,0.0,0.0,0.0,0.0,0.0,,1.61,0.0,12.3,Avoid,avoid,2026-06-30 16:07:24
119009,DWS Treasury Fund - Cash Plan - Direct Plan - Growth,,Deutsche Mutual Fund,Other,Income,162.2574,04-03-2016,959,0.0,0.0,0.0,0.0,0.0,0.0,0.0,0.0,0.0,,0.23,0.0,12.5,Avoid,avoid,2026-06-29 16:49:00
119038,DWS Ultra Short Term Fund - Direct Plan - Growth,,Deutsche Mutual Fund,Debt,Income,18.2146,02-03-2016,760,0.0,0.0,0.0,0.0,0.0,0.0,0.0,0.0,0.0,,0.36,0.0,12.5,Avoid,avoid,2026-06-30 16:07:24
119000,DWS Insta Cash Plus Fund - Direct Plan - Growth,,Deutsche Mutual Fund,Other,Income,195.546,04-03-2016,959,0.0,0.0,0.0,0.0,0.0,0.0,0.0,0.0,0.0,,0.26,0.0,12.5,Avoid,avoid,2026-06-29 16:49:00
119049,DWS Cash Opportunities Fund - Direct Plan - Growth,,Deutsche Mutual Fund,Thematic,Income,20.5858,02-03-2016,760,0.0,0.0,0.0,0.0,0.0,0.0,0.0,0.0,0.0,,0.66,0.0,12.4,Avoid,avoid,2026-06-30 16:07:24
119064,HDFC Index Fund Sensex Plus Plan-Direct Plan,,HDFC Mutual Fund,Index / ETF,Growth,469.996,25-05-2018,1328,0.0,0.0,0.0,0.0,0.0,0.0,0.0,0.0,0.0,,22.39,0.0,10.2,Avoid,avoid,2026-06-30 16:07:03
119054,DWS Gilt Fund - Direct Plan - Growth,,Deutsche Mutual Fund,Debt,Income,16.2697,02-03-2016,760,0.0,0.0,0.0,0.0,0.0,0.0,0.0,0.0,0.0,,11.38,0.0,11.3,Avoid,avoid,2026-06-30 16:07:25
119067,HDFC Childrens Gift Fund Savings Plan-Direct Plan,,HDFC Mutual Fund,Other,Direct,45.8807,18-10-2017,1156,0.0,0.0,0.0,0.0,0.0,0.0,0.0,0.0,0.0,,5.05,0.0,12.0,Avoid,avoid,2026-06-30 16:07:04
119019,DSP Aggressive Hybrid Fund - Direct Plan - Growth,INF740K01NY4,DSP Mutual Fund,Hybrid,Hybrid Scheme - Aggressive Hybrid Fund,397.512,29-06-2026,3320,2.77,8.45,-2.99,-2.33,4.7,12.59,15.13,10.92,2.95,0.56,28.81,60.0,34.5,Avoid,avoid,2026-06-30 16:07:33
118994,DSP Regular Savings Fund - Direct Plan - Growth,INF740K01NO5,DSP Mutual Fund,Index / ETF,Hybrid Scheme - Conservative Hybrid Fund,68.9068,25-06-2026,3255,1.52,4.61,1.53,4.14,7.14,9.41,9.85,8.09,1.24,0.69,12.03,100.0,34.4,Avoid,avoid,2026-06-29 16:49:10
119028,DSP Natural Resources and New Energy Fund - Direct Plan - Growth,INF740K01QA7,DSP Mutual Fund,Sectoral,Equity Scheme - Sectoral/ Thematic,118.122,29-06-2026,3222,-4.95,1.05,6.63,18.3,7.83,22.51,24.19,16.73,3.83,1.0,48.03,60.0,63.2,Watch,watch,2026-06-30 16:07:33
118987,HDFC Corporate Bond Fund - Growth Option - Direct Plan,INF179K01XD8,HDFC Mutual Fund,Debt,Debt Scheme - Corporate Bond Fund,35.0621,25-06-2026,3255,1.98,2.74,2.56,5.16,7.31,7.47,7.53,6.52,0.68,0.36,4.0,100.0,29.9,Avoid,avoid,2026-06-29 16:49:10
119016,HDFC Short Term  Debt Fund - Growth Option - Direct Plan,INF179K01YM7,HDFC Mutual Fund,Debt,Debt Scheme - Short Duration Fund,35.1154,25-06-2026,3255,1.56,2.22,2.9,5.96,7.76,7.72,7.65,6.73,0.44,0.71,2.67,100.0,33.7,Avoid,avoid,2026-06-29 16:49:10
118979,HDFC Infrastructure Fund - Growth Option - Direct Plan,INF179K01WQ2,HDFC Mutual Fund,Sectoral,Equity Scheme - Sectoral/ Thematic,53.635,25-06-2026,3317,2.61,15.04,2.5,0.28,1.06,21.88,27.17,22.5,5.35,0.81,63.08,100.0,62.0,Watch,watch,2026-06-29 16:49:10
119018,HDFC Large Cap Fund - Growth Option - Direct Plan,INF179K01YV8,HDFC Mutual Fund,Large Cap,Equity Scheme - Large Cap Fund,1217.44,25-06-2026,3317,3.6,9.95,-4.14,-2.9,1.19,11.54,15.25,13.04,4.41,0.38,40.81,80.0,33.7,Avoid,avoid,2026-06-29 16:49:10
118989,HDFC Mid Cap Fund - Growth Option - Direct Plan,INF179K01XQ0,HDFC Mutual Fund,Mid Cap,Equity Scheme - Mid Cap Fund,226.915,25-06-2026,3317,2.53,13.79,2.03,5.82,7.5,20.62,25.95,20.72,4.55,0.89,39.51,100.0,61.5,Watch,watch,2026-06-29 16:49:10
119060,HDFC ELSS Tax saver - Growth Option - Direct Plan,INF179K01YS4,HDFC Mutual Fund,ELSS,Equity Scheme - ELSS,1466.208,29-06-2026,3318,2.3,7.9,-6.28,-4.71,2.15,15.41,18.61,16.61,3.48,0.67,44.14,80.0,45.7,Avoid,avoid,2026-06-30 16:07:34
119053,Tata Aggressive Hybrid Fund -Direct Plan- Growth Option,INF277K01MN2,Tata Mutual Fund,Hybrid,Hybrid Scheme - Aggressive Hybrid Fund,493.1595,29-06-2026,3317,2.26,9.74,-2.94,0.2,2.31,9.59,12.16,10.53,3.06,0.26,28.85,100.0,31.2,Avoid,avoid,2026-06-30 16:07:34
119063,HDFC Nifty 50 Index Fund - Direct Plan,INF179K01WM1,HDFC Mutual Fund,Index / ETF,Other Scheme - Index Funds,233.7579,29-06-2026,3318,1.97,7.66,-7.25,-5.34,0.75,8.64,12.02,9.82,3.54,0.16,38.36,80.0,25.2,Avoid,avoid,2026-06-30 16:07:12
119062,HDFC Hybrid Equity Fund - Growth Option - Direct Plan,INF179K01XZ1,HDFC Mutual Fund,Hybrid,Hybrid Scheme - Aggressive Hybrid Fund,123.242,29-06-2026,3318,2.77,6.86,-5.53,-5.43,0.86,7.67,11.64,9.78,2.92,0.09,33.56,80.0,23.9,Avoid,avoid,2026-06-30 16:07:12
119065,HDFC BSE Sensex Index Fund - Direct Plan,INF179K01WN9,HDFC Mutual Fund,Index / ETF,Other Scheme - Index Funds,732.7059,29-06-2026,3318,2.89,7.11,-9.0,-7.5,-0.62,6.81,10.77,8.98,3.62,0.01,38.06,80.0,20.3,Avoid,avoid,2026-06-30 16:07:12
119066,HDFC Childrens Fund - Direct Plan,INF179KC1IX0,HDFC Mutual Fund,Other,Solution Oriented Scheme - Children’s Fund,322.456,29-06-2026,3318,3.56,8.86,-2.17,-1.95,1.98,10.4,14.3,11.86,2.65,0.35,28.86,80.0,32.7,Avoid,avoid,2026-06-30 16:07:12
119069,HDFC Income Fund - Growth Option - Direct Plan,INF179K01WL3,HDFC Mutual Fund,Debt,Debt Scheme - Medium to Long Duration Fund,67.1843,25-06-2026,3255,2.31,3.79,2.99,4.28,6.73,7.09,7.49,6.1,1.02,0.1,10.64,100.0,26.4,Avoid,avoid,2026-06-29 16:49:47
119079,HDFC Regular Savings Fund -Direct Plan - Growth Option,,HDFC Mutual Fund,Other,Income,35.3273,08-05-2018,1286,0.0,0.0,0.0,0.0,0.0,0.0,0.0,0.0,0.0,,2.83,0.0,12.2,Avoid,avoid,2026-06-29 16:49:34
119112,HDFC Floating Rate Income Fund Long -Direct Plan - Growth Option,,HDFC Mutual Fund,Other,Income,30.6039,08-05-2018,1286,0.0,0.0,0.0,0.0,0.0,0.0,0.0,0.0,0.0,,1.49,0.0,12.3,Avoid,avoid,2026-06-29 16:49:35
119097,Tata Dynamic Bond Fund- Direct Plan-Growth Option,,Tata Mutual Fund,Debt,Debt Scheme - Dynamic Bond,38.2366,23-09-2022,2346,0.0,0.0,0.0,0.0,0.0,0.0,0.64,1.49,0.0,,6.21,40.0,16.9,Avoid,avoid,2026-06-29 16:49:34
119104,Tata Corporate Bond Fund- Direct Plan-Growth,,Tata Mutual Fund,Debt,Debt Scheme - Corporate Bond Fund,1480.3342,13-12-2019,1672,0.0,0.0,0.0,0.0,0.0,0.0,0.0,0.0,0.0,,41.95,0.0,8.1,Avoid,avoid,2026-06-29 16:49:34
119114,HDFC Gilt Fund Short Term Plan -Direct Plan - Growth Option,,HDFC Mutual Fund,Debt,Income,28.8561,08-05-2018,1286,0.0,0.0,0.0,0.0,0.0,0.0,0.0,0.0,0.0,,5.52,0.0,11.9,Avoid,avoid,2026-06-29 16:49:35
119121,HDFC MF MIP STP -Direct Plan - Growth Option,,HDFC Mutual Fund,Other,Income,30.9378,25-05-2018,1299,0.0,0.0,0.0,0.0,0.0,0.0,0.0,0.0,0.0,,7.13,0.0,11.8,Avoid,avoid,2026-06-29 16:49:36
119127,Tata Medium Term Fund- Direct Plan- Growth Option,,Tata Mutual Fund,Debt,Debt Scheme - Medium Duration Fund,32.7645,23-09-2022,2310,0.0,0.0,0.0,0.0,0.0,0.0,0.4,0.98,0.0,,14.97,40.0,15.9,Avoid,avoid,2026-06-30 16:07:05
119076,DSP Flexi Cap Fund - Direct Plan - Growth,INF740K01PI2,DSP Mutual Fund,Multi Cap,Equity Scheme - Flexi Cap Fund,115.698,25-06-2026,3318,4.32,14.27,-0.77,-0.28,3.51,14.18,17.84,12.18,4.84,0.51,35.71,60.0,36.0,Avoid,avoid,2026-06-29 16:49:47
119081,HDFC Medium Term Debt Fund - Growth Option - Direct Plan,INF179K01WI9,HDFC Mutual Fund,Debt,Debt Scheme - Medium Duration Fund,65.2302,25-06-2026,3255,1.61,2.72,3.42,6.63,8.13,7.95,7.97,6.94,0.52,0.75,3.47,100.0,34.6,Avoid,avoid,2026-06-29 16:49:47
119092,HDFC Money Market Fund - Growth Option - Direct Plan,INF179KB1HU9,HDFC Mutual Fund,Debt,Debt Scheme - Money Market Fund,6209.1907,25-06-2026,3583,0.94,1.77,3.13,6.31,7.27,7.37,7.26,6.57,0.18,0.98,1.39,100.0,35.8,Avoid,avoid,2026-06-29 16:49:47
119096,DSP Focused Fund - Direct Plan - Growth,INF740K01OB0,DSP Mutual Fund,Thematic,Equity Scheme - Focused Fund,61.955,25-06-2026,3318,5.53,14.43,-1.38,0.57,4.41,16.34,18.47,12.33,4.82,0.64,39.3,80.0,42.2,Avoid,avoid,2026-06-29 16:49:47
119082,DSP Credit Risk Fund - Direct Plan - Growth,INF740K01OS4,DSP Mutual Fund,Debt,Debt Scheme - Credit Risk Fund,60.1283,25-06-2026,3261,1.32,8.49,8.0,10.95,17.25,16.92,14.48,13.22,1.61,1.26,5.98,100.0,58.7,Watch,watch,2026-06-29 16:49:47
119106,DSP Savings Fund - Direct Plan - Growth,INF740K01NU2,DSP Mutual Fund,Debt,Debt Scheme - Money Market Fund,57.7594,25-06-2026,3261,0.99,1.84,3.16,6.36,7.09,7.2,7.12,6.32,0.2,0.72,1.68,100.0,33.5,Avoid,avoid,2026-06-29 16:49:47
119099,DSP Gilt Fund - Direct Plan - Growth,INF740K01NF3,DSP Mutual Fund,Debt,Debt Scheme - Gilt Fund,105.9277,25-06-2026,3261,3.33,5.6,2.89,4.21,6.13,7.22,7.48,6.44,1.75,0.11,7.59,100.0,26.5,Avoid,avoid,2026-06-29 16:49:43
119075,HDFC Dynamic Debt Fund - Growth Option - Direct Plan,INF179K01WB4,HDFC Mutual Fund,Debt,Debt Scheme - Dynamic Bond,102.9552,25-06-2026,3255,2.23,3.67,3.02,4.39,6.45,7.08,7.31,6.09,1.09,0.09,7.49,100.0,26.5,Avoid,avoid,2026-06-29 16:49:46
119071,DSP Midcap Fund - Direct Plan - Growth,INF740K01PX1,DSP Mutual Fund,Mid Cap,Equity Scheme - Mid Cap Fund,171.868,25-06-2026,3318,2.82,15.44,3.83,4.92,4.92,18.72,19.7,13.37,4.86,0.71,32.72,80.0,47.9,Avoid,avoid,2026-06-29 16:49:47
119116,HDFC Gilt Fund - Growth Option - Direct Plan,INF179K01VS0,HDFC Mutual Fund,Debt,Debt Scheme - Gilt Fund,60.5381,25-06-2026,3255,2.61,4.18,2.73,3.94,6.45,6.95,7.15,5.95,1.28,0.05,11.87,100.0,25.5,Avoid,avoid,2026-06-29 16:49:47
119118,HDFC Hybrid Debt Fund - Growth Option - Direct Plan,INF179K01XE6,HDFC Mutual Fund,Debt,Hybrid Scheme - Conservative Hybrid Fund,89.7292,25-06-2026,3255,2.21,3.87,0.97,2.41,4.99,8.65,9.99,8.72,1.47,0.4,12.08,100.0,31.5,Avoid,avoid,2026-06-29 16:49:47
119128,HDFC Equity Savings Fund - Growth Option - Direct Plan,INF179K01XT4,HDFC Mutual Fund,Hybrid,Hybrid Scheme - Equity Savings,75.825,29-06-2026,3303,1.32,3.63,-0.21,2.47,4.93,9.28,10.38,8.99,1.37,0.49,16.95,100.0,33.1,Avoid,avoid,2026-06-30 16:07:33
119091,HDFC Liquid Fund - Growth Option - Direct Plan,INF179KB1HP9,HDFC Mutual Fund,Debt,Debt Scheme - Liquid Fund,5504.2842,28-06-2026,4158,0.59,1.77,3.3,6.31,6.78,6.95,6.83,6.18,0.07,0.64,0.18,100.0,32.6,Avoid,avoid,2026-06-29 16:49:48
119110,HDFC Overnight Fund - Growth Option - Direct Plan,INF179KB1HT1,HDFC Mutual Fund,Debt,Debt Scheme - Overnight Fund,4042.4369,28-06-2026,4149,0.41,1.26,2.54,5.29,5.82,6.12,6.11,5.57,0.01,-3.43,0,100.0,21.8,Avoid,avoid,2026-06-29 16:49:48
119125,DSP Liquidity Fund - Direct Plan - Growth,INF740K01QL4,DSP Mutual Fund,Debt,Debt Scheme - Liquid Fund,4009.5698,28-06-2026,4225,0.6,1.76,3.33,6.37,6.84,7.0,6.87,6.22,0.06,0.9,0.21,100.0,34.8,Avoid,avoid,2026-06-29 16:49:48
119131,HDFC Multi-Asset Fund - Growth Option - Direct Plan,INF179K01XW8,HDFC Mutual Fund,Hybrid,Hybrid Scheme - Multi Asset Allocation,83.061,29-06-2026,3289,0.32,4.12,-1.77,4.02,7.29,12.82,13.95,12.15,2.23,0.8,27.08,100.0,42.6,Avoid,avoid,2026-06-30 16:07:33
119132,HDFC Gold ETF Fund of Fund - Direct Plan,INF179K01VX0,HDFC Mutual Fund,Gold,Other Scheme - FoF Domestic,43.9318,29-06-2026,3319,-9.41,-3.6,4.57,45.51,38.06,33.14,27.31,23.24,7.62,1.26,24.77,100.0,87.3,Strong Pick,strong,2026-06-30 16:07:28
119173,Morgan Stanley Liquid Fund - Direct Growth Plan,,Morgan Stanley Mutual Fund,Debt,Income,1288.4008,26-06-2014,451,0.0,0.0,0.0,0.0,0.0,0.0,0.0,0.0,0.0,,0.15,0.0,12.5,Avoid,avoid,2026-06-29 16:50:05
119140,Morgan Stanley Growth Fund - Direct Growth Plan,,Morgan Stanley Mutual Fund,Other,Income,80.966,26-06-2014,367,0.0,0.0,0.0,0.0,0.0,0.0,0.0,0.0,0.0,,15.52,0.0,10.9,Avoid,avoid,2026-06-29 16:50:02
119165,Morgan Stanley Active Bond Fund - Direct Growth Plan,,Morgan Stanley Mutual Fund,Other,Income,13.4124,26-06-2014,357,0.0,0.0,0.0,0.0,0.0,0.0,0.0,0.0,0.0,,3.92,0.0,12.1,Avoid,avoid,2026-06-29 16:50:05
119168,Essel Short Term Fund-Direct Plan-Growth Option,,Essel Mutual Fund,Debt,Debt Scheme - Short Duration Fund,21.7005,26-06-2019,1560,0.0,0.0,0.0,0.0,0.0,0.0,0.0,0.0,0.0,,0.58,0.0,12.4,Avoid,avoid,2026-06-29 16:50:05
119151,ESSEL FLEXIBLE INCOME FUND-DIRECT PLAN-GROWTH OPTION,,Essel Mutual Fund,Other,Direct,14.9468,20-08-2018,1357,0.0,0.0,0.0,0.0,0.0,0.0,0.0,0.0,0.0,,3.0,0.0,12.2,Avoid,avoid,2026-06-29 16:50:02
119150,Morgan Stanley A.C.E. Fund-Direct Growth Plan,,Morgan Stanley Mutual Fund,Other,Income,20.851,26-06-2014,367,0.0,0.0,0.0,0.0,0.0,0.0,0.0,0.0,0.0,,14.54,0.0,11.0,Avoid,avoid,2026-06-29 16:50:02
119148,Navi Large Cap Equity Fund-Direct Plan-Growth Option,,Navi Mutual Fund,Large Cap,Equity Scheme - Large Cap Fund,35.4395,15-07-2022,2348,0.0,0.0,0.0,0.0,0.0,0.0,0.56,0.22,0.0,,38.19,20.0,11.0,Avoid,avoid,2026-06-29 16:50:02
119143,Indiabulls Ultra Short Term Fund - Direct Plan - Growth Option,,Indiabulls Mutual Fund,Debt,Debt Scheme - Ultra Short Duration Fund,2101.7877,31-03-2021,1990,0.0,0.0,0.0,0.0,0.0,0.0,0.0,0.0,0.0,,0.88,0.0,12.4,Avoid,avoid,2026-06-29 16:50:02
119176,Navi 3 in 1 Fund-Direct Plan-Growth Option,,Navi Mutual Fund,Hybrid,Hybrid Scheme - Multi Asset Allocation,26.8438,15-07-2022,2318,0.0,0.0,0.0,0.0,0.0,0.0,0.43,0.85,0.0,,30.53,40.0,14.3,Avoid,avoid,2026-06-29 16:50:06
119181,Daiwa Liquid Fund - Direct - Growth,,Daiwa Mutual Fund,Debt,Income,1382.3538,14-11-2013,265,0.0,0.0,0.0,0.0,0.0,0.0,0.0,0.0,0.0,,0.07,0.0,12.5,Avoid,avoid,2026-06-29 16:50:05
119184,Daiwa Treasury Advantage Fund - Direct - Growth,,Daiwa Mutual Fund,Other,Income,1362.3757,13-11-2013,206,0.0,0.0,0.0,0.0,0.0,0.0,0.0,0.0,0.0,,0.09,0.0,12.5,Avoid,avoid,2026-06-29 16:50:05
119189,Tata Equity Management Fund - Direct Plan Growth,,Tata Mutual Fund,Other,Income,16.1724,01-03-2013,43,0.0,0.0,0.0,0.0,0.0,0.0,0.0,0.0,0.0,,6.01,0.0,11.9,Avoid,avoid,2026-06-29 16:50:05
119194,Daiwa Industry Leaders Fund - Direct - Growth,,Daiwa Mutual Fund,Other,Income,12.73,13-11-2013,215,0.0,0.0,0.0,0.0,0.0,0.0,0.0,0.0,0.0,,14.96,0.0,10.9,Avoid,avoid,2026-06-29 16:50:05
119196,Daiwa Government Securities Fund - Short Term Plan - Direct - Growth Option,,Daiwa Mutual Fund,Other,Income,1202.117,13-11-2013,173,0.0,0.0,0.0,0.0,0.0,0.0,0.0,0.0,0.0,,0.08,0.0,12.5,Avoid,avoid,2026-06-29 16:50:05
119186,Navi Ultra Short Term Fund - Direct Plan-Growth Option,,Navi Mutual Fund,Debt,Debt Scheme - Ultra Short Duration Fund,2401.2479,15-07-2022,2301,0.0,0.0,0.0,0.0,0.0,0.0,0.05,0.63,0.0,,0.74,40.0,17.4,Avoid,avoid,2026-06-29 16:50:06
119208,Morgan Stanley Multi Asset Fund- Plan A - Direct Growth Plan,,Morgan Stanley Mutual Fund,Hybrid,Income,12.3074,26-06-2014,357,0.0,0.0,0.0,0.0,0.0,0.0,0.0,0.0,0.0,,5.11,0.0,12.0,Avoid,avoid,2026-06-29 16:50:05
119215,Morgan Stanley Multi Asset Fund- Plan B - Direct Growth Plan,,Morgan Stanley Mutual Fund,Hybrid,Income,11.9257,26-06-2014,357,0.0,0.0,0.0,0.0,0.0,0.0,0.0,0.0,0.0,,4.18,0.0,12.1,Avoid,avoid,2026-06-29 16:50:06
119227,Morgan Stanley Short Term Bond Fund - Direct Growth,,Morgan Stanley Mutual Fund,Other,Income,14.943,26-06-2014,357,0.0,0.0,0.0,0.0,0.0,0.0,0.0,0.0,0.0,,1.37,0.0,12.4,Avoid,avoid,2026-06-29 16:50:06
119156,Navi Conservative Hybrid Fund-Direct Plan-Growth Option,,Navi Mutual Fund,Index / ETF,Hybrid Scheme - Conservative Hybrid Fund,31.4535,14-11-2024,2870,0.0,0.0,0.0,0.0,1.28,4.56,5.69,5.25,0.0,-1.15,9.53,80.0,17.2,Avoid,avoid,2026-06-29 16:50:03
119133,Groww Largecap Fund (formerly known as Indiabulls Blue Chip Fund) - Direct Plan - Growth Option,INF666M01600,Groww Mutual Fund,Large Cap,Equity Scheme - Large Cap Fund,51.63,29-06-2026,3318,2.14,10.49,-2.68,-0.85,1.08,12.15,14.67,11.66,3.53,0.41,36.59,80.0,34.4,Avoid,avoid,2026-06-30 16:07:33
119172,Tata Ethical Fund -Direct Plan- Growth Option,INF277K01NG4,Tata Mutual Fund,Thematic,Equity Scheme - Sectoral/ Thematic,408.9765,25-06-2026,3316,-1.63,6.1,-8.07,-7.0,-4.78,6.35,10.18,8.4,3.93,0.02,29.5,60.0,17.7,Avoid,avoid,2026-06-29 16:50:06
119160,Tata Large Cap Fund -Direct Plan Growth Option,INF277K01QZ7,Tata Mutual Fund,Large Cap,Equity Scheme - Large Cap Fund,585.4975,25-06-2026,3316,2.26,12.04,-2.58,-0.12,2.3,12.38,15.37,12.21,4.88,0.42,37.57,80.0,34.5,Avoid,avoid,2026-06-29 16:50:05
119245,DSP BlackRock Technology.com Fund - Direct Plan - Growth,,DSP Mutual Fund,Sectoral,Income,51.48,28-07-2017,1124,0.0,0.0,0.0,0.0,0.0,0.0,0.0,0.0,0.0,,19.14,0.0,10.5,Avoid,avoid,2026-06-29 16:50:06
119178,Tata Mid Cap Fund - Direct Plan- Growth Option,INF277K01PY2,Tata Mutual Fund,Mid Cap,Equity Scheme - Mid Cap Fund,521.4374,25-06-2026,3316,1.66,14.58,1.97,5.94,3.57,19.12,21.73,17.19,4.82,0.77,35.1,100.0,55.1,Watch,watch,2026-06-29 16:50:16
119205,DSP Ultra Short Fund - Direct Plan - Growth,INF740K01ON5,DSP Mutual Fund,Debt,Debt Scheme - Ultra Short Duration Fund,3945.2245,25-06-2026,3261,0.87,1.87,3.26,6.5,7.29,7.39,7.21,6.5,0.16,1.16,1.07,100.0,37.4,Avoid,avoid,2026-06-29 16:50:16
119202,Tata Large & MId Cap Fund -Direct Plan- Growth Option,INF277K01MK8,Tata Mutual Fund,Mid Cap,Equity Scheme - Large & Mid Cap Fund,574.8588,25-06-2026,3316,3.05,15.64,-3.67,-5.68,-0.9,9.71,14.56,11.88,5.58,0.22,35.69,80.0,28.2,Avoid,avoid,2026-06-29 16:50:17
119226,DSP Short Term Fund - Direct Plan - Growth,INF740K01NJ5,DSP Mutual Fund,Debt,Debt Scheme - Short Duration Fund,53.5893,25-06-2026,3261,1.62,2.39,2.8,5.55,7.57,7.43,7.29,6.39,0.5,0.46,2.75,100.0,31.1,Avoid,avoid,2026-06-29 16:50:19
119218,DSP Large & Mid Cap Fund - Direct Plan - Growth,INF740K01PL6,DSP Mutual Fund,Mid Cap,Equity Scheme - Large & Mid Cap Fund,701.44,25-06-2026,3318,3.43,11.62,-2.16,0.26,3.63,17.56,19.76,14.44,4.58,0.72,36.75,80.0,47.1,Avoid,avoid,2026-06-29 16:50:18
119212,DSP Small Cap Fund - Direct Plan - Growth,INF740K01QD1,DSP Mutual Fund,Small Cap,Equity Scheme - Small Cap Fund,239.846,25-06-2026,3318,5.18,23.97,11.73,8.66,9.31,19.51,22.39,19.12,6.01,0.65,49.06,100.0,56.1,Watch,watch,2026-06-29 16:50:18
119164,Navi Liquid Fund-Direct Plan-Growth Option,INF959L01GF1,Navi Mutual Fund,Debt,Debt Scheme - Liquid Fund,30.282,28-06-2026,4074,0.54,1.51,2.9,5.74,6.29,6.49,-66.34,-57.81,0.04,-1.56,99.0,80.0,15.6,Avoid,avoid,2026-06-29 16:50:05
119239,DSP Strategic Bond Fund - Direct Plan - Growth,INF740K01QG4,DSP Mutual Fund,Debt,Debt Scheme - Dynamic Bond,3699.1273,25-06-2026,3261,2.71,4.14,2.24,3.42,5.72,6.89,7.13,6.25,1.3,0.04,4.5,100.0,26.0,Avoid,avoid,2026-06-29 16:50:19
119135,Groww Liquid Fund ( formerly known as Indiabulls Liquid )Fund - Direct Plan - Growth Option,INF666M01451,Groww Mutual Fund,Debt,Debt Scheme - Liquid Fund,2717.4563,28-06-2026,4270,0.6,1.76,3.3,6.34,6.84,7.0,6.79,6.1,0.06,0.85,0.25,100.0,34.4,Avoid,avoid,2026-06-29 16:50:04
119259,Tata Indo-Global Infrastructure Fund-Direct Plan Growth,,Tata Mutual Fund,International,Income,10.2544,16-01-2015,501,0.0,0.0,0.0,0.0,0.0,0.0,0.0,0.0,0.0,,17.49,0.0,10.7,Avoid,avoid,2026-06-30 16:07:21
119231,Tata Value Fund -Direct Plan Growth Option,INF277K01ND1,Tata Mutual Fund,Thematic,Equity Scheme - Value Fund,391.4128,25-06-2026,3316,1.44,8.74,-3.99,-1.15,-0.06,15.0,18.51,15.59,4.21,0.54,37.9,80.0,43.1,Avoid,avoid,2026-06-29 16:50:19
119242,DSP ELSS Tax Saver Fund - Direct Plan - Growth,INF740K01OK1,DSP Mutual Fund,ELSS,Equity Scheme - ELSS,156.051,25-06-2026,3318,3.66,11.94,-2.8,-0.96,3.97,16.89,18.68,14.63,4.84,0.67,37.16,60.0,43.7,Avoid,avoid,2026-06-29 16:50:19
119269,Tata Growing Economies Infrastructure Fund Scheme A-Direct Plan Growth,,Tata Mutual Fund,Sectoral,Income,18.0419,20-03-2015,539,0.0,0.0,0.0,0.0,0.0,0.0,0.0,0.0,0.0,,9.01,0.0,11.6,Avoid,avoid,2026-06-30 16:07:21
119273,Tata Growing Economies Infrastructure Fund Scheme B-Direct Plan Growth,,Tata Mutual Fund,Sectoral,Income,17.2537,20-03-2015,539,0.0,0.0,0.0,0.0,0.0,0.0,0.0,0.0,0.0,,19.13,0.0,10.5,Avoid,avoid,2026-06-30 16:07:51
119243,Tata Infrastructure Fund -Direct Plan -Growth Option,INF277K01PQ8,Tata Mutual Fund,Sectoral,Equity Scheme - Sectoral/ Thematic,201.9323,25-06-2026,3316,2.13,22.23,12.1,6.15,-2.43,17.85,22.28,19.56,6.21,0.59,42.46,80.0,50.7,Avoid,avoid,2026-06-29 16:50:19
119283,L&T Overnight Fund - Direct Plan - Growth,,L&T Mutual Fund,Debt,Debt Scheme - Overnight Fund,1711.2549,24-11-2022,3002,0.0,0.0,0.0,0.0,0.0,0.0,0.54,1.12,0.0,,39.99,40.0,13.3,Avoid,avoid,2026-06-30 16:07:51
119271,DSP World Agriculture Fund - Direct Plan - Growth,,DSP Mutual Fund,International,Other Scheme - FoF Overseas,19.4997,03-10-2024,2760,0.0,0.0,0.0,0.0,3.26,0.04,-0.57,-4.87,0.0,-1.22,30.92,20.0,9.4,Avoid,avoid,2026-06-30 16:07:22
119247,DSP India T.I.G.E.R. Fund - Direct Plan - Growth,INF740K01PU7,DSP Mutual Fund,Thematic,Equity Scheme - Sectoral/ Thematic,396.571,25-06-2026,3318,2.37,21.44,16.3,14.75,5.56,26.26,29.26,24.31,5.58,0.96,46.93,80.0,72.2,Watch,watch,2026-06-29 16:50:19
119252,DSP US Specific Equity Omni FoF - Direct Plan - Growth,INF740K01OH7,DSP Mutual Fund,International,Other Scheme - FoF Overseas,101.4399,25-06-2026,3079,-4.41,21.97,19.8,46.9,30.92,27.65,26.35,18.99,5.35,1.08,28.06,80.0,80.9,Strong Pick,strong,2026-06-29 16:50:19
119250,DSP Large Cap Fund - Direct Plan - Growth,INF740K01PR3,DSP Mutual Fund,Large Cap,Equity Scheme - Large Cap Fund,506.43,25-06-2026,3318,2.81,8.76,-4.73,-3.63,3.68,13.7,16.77,11.77,4.05,0.56,40.33,60.0,35.4,Avoid,avoid,2026-06-29 16:50:19
119251,Tata Retirement Savings Fund- Progressive Plan -Direct Plan-Growth Option,INF277K01QO1,Tata Mutual Fund,Other,Solution Oriented Scheme - Retirement Fund,82.3468,25-06-2026,3313,0.92,18.35,3.6,0.46,4.49,15.34,16.95,12.62,5.35,0.55,34.2,80.0,40.3,Avoid,avoid,2026-06-29 16:50:19
119255,Tata Retirement Savings Fund- Moderate Plan -Direct Plan-Growth Option,INF277K01QN3,Tata Mutual Fund,Other,Solution Oriented Scheme - Retirement Fund,79.7807,25-06-2026,3314,1.13,15.89,3.12,1.5,5.53,14.28,15.8,12.21,4.62,0.55,29.64,80.0,39.2,Avoid,avoid,2026-06-29 16:50:19
119256,Tata Retirement Savings Fund- Conservative Plan-Direct Plan-Growth Option,INF277K01QM5,Tata Mutual Fund,Index / ETF,Solution Oriented Scheme - Retirement Fund,38.5895,29-06-2026,3249,1.66,7.03,2.72,3.24,5.49,8.84,9.29,7.49,1.73,0.37,10.98,100.0,30.7,Avoid,avoid,2026-06-30 16:07:33
119275,DSP Global Clean Energy Overseas Equity Omni FoF Direct Plan - Growth,INF740K01PC5,DSP Mutual Fund,International,Other Scheme - FoF Overseas,31.2133,29-06-2026,3162,-5.63,10.85,23.62,60.18,29.88,18.21,21.47,12.76,4.75,0.59,49.73,60.0,57.2,Watch,watch,2026-06-30 16:07:55
119279,DSP World Mining Overseas Equity Omni FoF - Direct Plan - Growth,INF740K01PF8,DSP Mutual Fund,International,Other Scheme - FoF Overseas,32.1254,29-06-2026,3162,-11.96,-2.88,10.69,74.36,36.71,24.26,22.98,16.03,8.98,0.64,62.21,80.0,69.0,Watch,watch,2026-06-30 16:07:54
119277,DSP World Gold Mining Overseas Equity Omni FoF - Direct Plan - Growth,INF740K01OZ9,DSP Mutual Fund,Gold,Other Scheme - FoF Overseas,53.2558,29-06-2026,3146,-13.79,-14.52,-7.0,66.6,62.77,45.06,37.56,23.23,12.2,1.04,57.16,80.0,80.6,Strong Pick,strong,2026-06-30 16:07:55
119287,Tata S&P BSE Sensex Index Fund - Direct Plan,INF277K01PK1,Tata Mutual Fund,Index / ETF,Other Scheme - Index Funds,205.0927,29-06-2026,3317,2.88,7.08,-9.1,-7.57,-0.71,6.71,10.64,8.83,3.62,0.0,36.96,80.0,20.1,Avoid,avoid,2026-06-30 16:07:55
119317,Baroda Pioneer PSU Bond Fund - Plan B (Direct) - Growth Option,,Baroda Pioneer Mutual Fund,Sectoral,Income,15.8116,29-01-2016,739,0.0,0.0,0.0,0.0,0.0,0.0,0.0,0.0,0.0,,3.09,0.0,12.2,Avoid,avoid,2026-06-29 16:50:39
119323,Tata Contra Fund -Direct Plan Growth,,Tata Mutual Fund,Thematic,Income,18.9135,15-02-2013,31,0.0,0.0,0.0,0.0,0.0,0.0,0.0,0.0,0.0,,5.34,0.0,11.9,Avoid,avoid,2026-06-29 16:50:39
119318,Union Short Term Fund - Direct Plan - Growth Option,,Union Mutual Fund,Debt,Debt Scheme - Short Duration Fund,1663.248,18-01-2019,1455,0.0,0.0,0.0,0.0,0.0,0.0,0.0,0.0,0.0,,0.45,0.0,12.5,Avoid,avoid,2026-06-29 16:50:39
119296,Tata Young Citizens' Fund [Upto 3 years]-Direct Plan Growth,,Tata Mutual Fund,Other,Income,28.2451,11-05-2018,786,0.0,0.0,0.0,0.0,0.0,0.0,0.0,0.0,0.0,,9.38,0.0,11.5,Avoid,avoid,2026-06-30 16:07:56
119299,Tata Young Citizens' Fund [> 3 years upto 7 years]-Direct Plan Growth,,Tata Mutual Fund,Other,Income,28.2451,11-05-2018,784,0.0,0.0,0.0,0.0,0.0,0.0,0.0,0.0,0.0,,9.38,0.0,11.5,Avoid,avoid,2026-06-29 16:50:36
119326,BARODA HYBRID EQUITY FUND - Plan B (Direct) - Growth Option,,Baroda Mutual Fund,Hybrid,Hybrid Scheme - Aggressive Hybrid Fund,89.2832,13-03-2022,2262,0.0,0.0,0.0,0.0,0.0,0.0,0.0,2.12,0.0,,28.72,20.0,12.0,Avoid,avoid,2026-06-29 16:50:39
119291,L&T Flexicap Fund-Direct Plan-Growth,,L&T Mutual Fund,Multi Cap,Equity Scheme - Multi Cap Fund,133.4192,24-11-2022,2435,0.0,0.0,0.0,0.0,0.0,0.0,3.79,2.69,0.0,,36.56,20.0,11.2,Avoid,avoid,2026-06-30 16:07:56
119308,L&T India Large Cap Fund - Direct Plan - Growth,,L&T Mutual Fund,Large Cap,Equity Scheme - Large Cap Fund,45.6494,24-11-2022,2435,0.0,0.0,0.0,0.0,0.0,0.0,4.25,2.95,0.0,,36.68,20.0,11.2,Avoid,avoid,2026-06-29 16:50:36
119298,L&T Balanced Advantage Fund-Direct Plan-Growth,,L&T Mutual Fund,Hybrid,Hybrid Scheme - Dynamic Asset Allocation or Balanced Advantage,35.3261,24-11-2022,2420,0.0,0.0,0.0,0.0,0.0,0.0,1.79,1.61,0.0,,19.14,40.0,15.5,Avoid,avoid,2026-06-30 16:07:56
119327,Union Asset Allocation Fund - Direct Plan - Growth Option,,Union Mutual Fund,Hybrid,Hybrid Scheme - Multi Asset Allocation,16.4516,20-03-2019,1496,0.0,0.0,0.0,0.0,0.0,0.0,0.0,0.0,0.0,,6.01,0.0,11.9,Avoid,avoid,2026-06-29 16:50:39
119331,PineBridge India Equity Fund- Direct Plan- Growth Option,,PineBridge Mutual Fund,Other,Income,25.21,28-01-2015,508,0.0,0.0,0.0,0.0,0.0,0.0,0.0,0.0,0.0,,11.59,0.0,11.3,Avoid,avoid,2026-06-29 16:50:39
119330,Union KBC Asset Allocation Fund - Conservative Plan - Direct Plan - Growth Option,,Union Mutual Fund,Index / ETF,Balanced,10.9611,01-10-2014,421,0.0,0.0,0.0,0.0,0.0,0.0,0.0,0.0,0.0,,6.81,0.0,11.8,Avoid,avoid,2026-06-29 16:50:39
119343,PineBridge Infrastructure & Economic Reform Fund- Direct Plan- Growth Option,,PineBridge Mutual Fund,Sectoral,Income,16.138,28-01-2015,508,0.0,0.0,0.0,0.0,0.0,0.0,0.0,0.0,0.0,,24.12,0.0,10.0,Avoid,avoid,2026-06-29 16:50:39
119344,PineBridge World Gold Fund- Direct Plan- Growth Option,,PineBridge Mutual Fund,Gold,Income,8.976,28-01-2015,464,0.0,0.0,0.0,0.0,0.0,0.0,0.0,0.0,0.0,,49.13,0.0,7.4,Avoid,avoid,2026-06-29 16:50:39
119337,Baroda Dynamic Bond Fund - Plan B (Direct) - Growth Option,,Baroda Mutual Fund,Debt,Debt Scheme - Dynamic Bond,19.9314,13-03-2022,2217,0.0,0.0,0.0,0.0,0.0,0.0,0.0,0.41,0.0,,8.59,20.0,14.1,Avoid,avoid,2026-06-29 16:50:39
119360,PineBridge India Liquid Fund- Direct Plan- Growth Option,,PineBridge Mutual Fund,Debt,Income,1719.5505,29-01-2015,746,0.0,0.0,0.0,0.0,0.0,0.0,0.0,0.0,0.0,,0,0.0,12.5,Avoid,avoid,2026-06-29 16:50:40
119347,L&T Hybrid Equity Fund - Direct Plan-Growth,,L&T Mutual Fund,Hybrid,Hybrid Scheme - Aggressive Hybrid Fund,40.9863,24-11-2022,2420,0.0,0.0,0.0,0.0,0.0,0.0,3.15,1.87,0.0,,30.0,20.0,11.9,Avoid,avoid,2026-06-29 16:50:39
119362,BARODA INCOME FUND - Plan B (Direct) - Growth Option,,Baroda Mutual Fund,Debt,Debt Scheme - Medium to Long Duration Fund,28.3494,11-01-2019,1450,0.0,0.0,0.0,0.0,0.0,0.0,0.0,0.0,0.0,,7.51,0.0,11.7,Avoid,avoid,2026-06-29 16:50:40
119367,Baroda Large cap Fund - Plan B (Direct) - Growth Option,,Baroda Mutual Fund,Large Cap,Equity Scheme - Large Cap Fund,21.9588,13-03-2022,2260,0.0,0.0,0.0,0.0,0.0,0.0,0.0,0.78,0.0,,33.11,20.0,11.6,Avoid,avoid,2026-06-29 16:50:40
119376,PineBridge India Total Return Bond Fund- Direct Plan- Growth Option,,PineBridge Mutual Fund,Other,Income,1811.8539,28-01-2015,488,0.0,0.0,0.0,0.0,0.0,0.0,0.0,0.0,0.0,,3.11,0.0,12.2,Avoid,avoid,2026-06-29 16:50:40
119292,Union Flexi Cap Fund - Direct Plan - Growth Option,INF582M01633,Union Mutual Fund,Multi Cap,Equity Scheme - Flexi Cap Fund,57.82,29-06-2026,3316,3.68,14.2,0.07,-0.12,3.32,13.27,16.01,12.65,3.75,0.48,35.36,80.0,37.6,Avoid,avoid,2026-06-30 16:08:01
119385,PineBridge India Short Term Fund- Direct Plan- Growth Option,,PineBridge Mutual Fund,Other,Income,1664.5708,28-01-2015,496,0.0,0.0,0.0,0.0,0.0,0.0,0.0,0.0,0.0,,1.44,0.0,12.3,Avoid,avoid,2026-06-29 16:50:40
119389,BARODA CONSERVATIVE HYBRID FUND - Plan B (Direct) - Growth Option,,Baroda Mutual Fund,Index / ETF,Hybrid Scheme - Conservative Hybrid Fund,32.6754,13-03-2022,2217,0.0,0.0,0.0,0.0,0.0,0.0,0.0,0.56,0.0,,5.51,20.0,14.4,Avoid,avoid,2026-06-29 16:50:41
119392,Baroda Mid-cap Fund- Plan B (Direct) - Growth Option,,Baroda Mutual Fund,Mid Cap,Equity Scheme - Mid Cap Fund,17.8351,13-03-2022,2257,0.0,0.0,0.0,0.0,0.0,0.0,0.0,2.56,0.0,,38.54,20.0,11.0,Avoid,avoid,2026-06-29 16:50:41
119311,Union Dynamic Bond Fund - Direct Plan - Growth Option,INF582M01799,Union Mutual Fund,Debt,Debt Scheme - Dynamic Bond,25.0645,25-06-2026,3251,2.89,4.72,1.68,2.04,4.99,5.79,5.96,4.81,1.6,-0.23,6.77,100.0,21.8,Avoid,avoid,2026-06-29 16:50:38
119312,Tata Childrens Fund-Direct Plan-Growth Option,INF277K01QW4,Tata Mutual Fund,Other,Solution Oriented Scheme - Children’s Fund,63.5278,25-06-2026,3313,2.65,11.8,-6.42,-9.47,-2.38,7.66,12.18,9.39,4.87,0.1,33.83,60.0,20.3,Avoid,avoid,2026-06-29 16:50:49
119307,Union ELSS Tax Saver Fund - Direct Plan - Growth Option,INF582M01765,Union Mutual Fund,ELSS,Equity Scheme - ELSS,70.89,25-06-2026,3315,3.04,12.77,-1.16,-0.06,2.78,12.66,15.61,12.89,4.62,0.42,35.36,80.0,35.9,Avoid,avoid,2026-06-29 16:50:37
119288,Tata Nifty 50 Index Fund -Direct Plan,INF277K01PJ3,Tata Mutual Fund,Index / ETF,Other Scheme - Index Funds,162.5046,29-06-2026,3317,1.97,7.66,-7.33,-5.39,0.69,8.57,11.97,9.81,3.55,0.15,37.15,80.0,25.1,Avoid,avoid,2026-06-30 16:07:55
119333,Baroda BNP Paribas Banking and Financial Services Fund - Direct - Growth Option,INF955L01971,Baroda BNP Paribas Mutual Fund,Sectoral,Equity Scheme - Sectoral/ Thematic,55.4933,25-06-2026,3316,4.54,14.43,-0.53,0.7,9.1,15.14,18.81,13.46,5.62,0.56,42.79,80.0,40.1,Avoid,avoid,2026-06-29 16:50:49
119341,Baroda BNP Paribas GILT FUND - Direct Plan - Growth Option,INF955L01AD7,Baroda BNP Paribas Mutual Fund,Debt,Debt Scheme - Gilt Fund,48.3959,25-06-2026,3252,2.7,3.96,2.44,2.97,6.64,6.94,7.41,6.11,1.24,0.05,6.72,100.0,26.0,Avoid,avoid,2026-06-29 16:50:49
119351,BANK OF INDIA ELSS Tax Saver -Direct Plan- Growth,INF761K01884,Bank of India Mutual Fund,ELSS,Equity Scheme - ELSS,193.82,25-06-2026,3316,2.47,12.97,3.67,2.37,-0.99,16.12,18.96,14.05,4.52,0.58,31.69,60.0,41.9,Avoid,avoid,2026-06-29 16:50:50
119350,BANK OF INDIA Large & Mid Cap Fund Direct Plan-Growth,INF761K01652,Bank of India Mutual Fund,Mid Cap,Equity Scheme - Large & Mid Cap Fund,107.11,25-06-2026,3316,3.19,12.63,1.52,4.6,2.99,16.32,18.71,14.03,4.33,0.65,37.85,80.0,44.3,Avoid,avoid,2026-06-29 16:50:43
119354,Baroda BNP Paribas MULTI CAP FUND - Direct Plan - Growth Option,INF955L01AG0,Baroda BNP Paribas Mutual Fund,Multi Cap,Equity Scheme - Multi Cap Fund,328.3218,25-06-2026,3316,1.07,14.6,1.63,2.18,3.17,16.44,19.06,15.99,4.61,0.62,34.26,100.0,48.4,Avoid,avoid,2026-06-29 16:50:50
119303,Union Liquid Fund - Direct Plan - Growth Option,INF582M01674,Union Mutual Fund,Debt,Debt Scheme - Liquid Fund,2704.1419,28-06-2026,4200,0.59,1.76,3.3,6.35,6.83,7.01,6.89,6.24,0.06,0.94,3.3,100.0,34.9,Avoid,avoid,2026-06-29 16:50:38
119364,BANK OF INDIA Manufacturing & Infrastructure Fund-Direct Plan-Growth,INF761K01702,Bank of India Mutual Fund,Sectoral,Equity Scheme - Sectoral/ Thematic,77.38,25-06-2026,3316,2.67,18.59,11.43,16.15,8.92,25.63,28.32,22.55,4.88,1.09,43.5,100.0,76.2,Strong Pick,strong,2026-06-29 16:50:50
119379,BANK OF INDIA Ultra Short Duration Fund- Direct Plan- Growth,INF761K01892,Bank of India Mutual Fund,Debt,Debt Scheme - Ultra Short Duration Fund,3479.0887,25-06-2026,3251,0.8,1.72,3.23,6.33,6.94,6.86,6.75,6.07,0.13,0.18,0.76,100.0,28.8,Avoid,avoid,2026-06-29 16:50:50
119382,BANK OF INDIA Short Term Income Fund-Direct Plan- Growth,INF761K01736,Bank of India Mutual Fund,Debt,Debt Scheme - Short Duration Fund,30.7602,25-06-2026,3251,1.36,2.18,2.71,5.61,8.14,7.68,9.15,10.74,0.39,0.56,19.8,100.0,33.7,Avoid,avoid,2026-06-29 16:50:50
119369,BANK OF INDIA Liquid Fund- Direct Plan- Growth,INF761K01785,Bank of India Mutual Fund,Debt,Debt Scheme - Liquid Fund,3228.2695,28-06-2026,4129,0.61,1.74,3.3,6.33,6.81,7.0,6.87,6.23,0.06,0.85,0.16,100.0,34.4,Avoid,avoid,2026-06-29 16:50:50
119407,L&T Indo Asia Fund-Direct Plan-Growth Option,,L&T Mutual Fund,Other,Income,22.543,06-10-2015,678,0.0,0.0,0.0,0.0,0.0,0.0,0.0,0.0,0.0,,10.43,0.0,11.4,Avoid,avoid,2026-06-29 16:50:41
119413,L&T Infrastructure Fund -Direct Plan-Growth,,L&T Mutual Fund,Sectoral,Equity Scheme - Sectoral/ Thematic,27.7083,24-11-2022,2435,0.0,0.0,0.0,0.0,0.0,0.0,4.29,4.72,0.0,,50.32,40.0,12.3,Avoid,avoid,2026-06-29 16:50:43
119397,L&T Large and Midcap Fund-Direct Plan-Growth,,L&T Mutual Fund,Mid Cap,Equity Scheme - Large & Mid Cap Fund,78.6585,24-11-2022,2435,0.0,0.0,0.0,0.0,0.0,0.0,4.52,3.19,0.0,,38.15,20.0,11.0,Avoid,avoid,2026-06-29 16:50:41
119410,Baroda Treasury Advantage Fund - Plan B (Direct) - Growth Option,,Baroda Mutual Fund,Debt,Debt Scheme - Low Duration Fund,1644.4708,13-03-2022,2217,0.0,0.0,0.0,0.0,0.0,0.0,0.0,0.44,0.0,,47.58,20.0,10.0,Avoid,avoid,2026-06-29 16:50:42
119404,L&T India Value Fund-Direct Plan-Growth,,L&T Mutual Fund,Thematic,Equity Scheme - Value Fund,66.2577,24-11-2022,2435,0.0,0.0,0.0,0.0,0.0,0.0,4.75,3.9,0.0,,42.96,40.0,13.0,Avoid,avoid,2026-06-29 16:50:42
119417,L&T  Tax Advantage Fund-Direct Plan-Growth,,L&T Mutual Fund,ELSS,Equity Scheme - ELSS,86.2541,24-11-2022,2435,0.0,0.0,0.0,0.0,0.0,0.0,4.16,2.28,0.0,,39.22,20.0,10.9,Avoid,avoid,2026-06-29 16:50:43
119425,L&T Gilt Fund - Direct Plan - Growth,,L&T Mutual Fund,Debt,Debt Scheme - Gilt Fund,61.944,24-11-2022,2386,0.0,0.0,0.0,0.0,0.0,0.0,0.77,1.01,0.0,,6.48,40.0,16.8,Avoid,avoid,2026-06-29 16:50:52
119420,L&T Global Real Assets Fund-Direct Plan-Growth Option,,L&T Mutual Fund,International,Income,18.623,10-05-2016,799,0.0,0.0,0.0,0.0,0.0,0.0,0.0,0.0,0.0,,24.16,0.0,10.0,Avoid,avoid,2026-06-29 16:50:52
119393,BANK OF INDIA Conservative Hybrid Fund Fund-Direct Plan-Growth,INF761K01819,Bank of India Mutual Fund,Debt,Debt Scheme - Medium to Long Duration Fund,37.8413,25-06-2026,3244,0.78,3.21,2.05,3.04,3.97,7.44,7.87,10.45,1.14,0.15,15.37,100.0,29.3,Avoid,avoid,2026-06-29 16:50:50
119400,Baroda BNP Paribas Short Duration Fund - Direct Plan - Growth Option,INF955L01BD5,Baroda BNP Paribas Mutual Fund,Debt,Debt Scheme - Short Duration Fund,33.5792,25-06-2026,3248,1.38,2.19,2.65,5.49,7.63,7.58,7.58,6.58,0.44,0.57,2.09,100.0,32.2,Avoid,avoid,2026-06-29 16:50:50
119424,Tata Money Market Fund- Direct Plan- Growth Option,INF277K01PR6,Tata Mutual Fund,Debt,Debt Scheme - Money Market Fund,5128.5321,25-06-2026,3813,0.94,1.79,3.19,6.42,7.38,7.51,7.4,6.7,0.18,1.2,6.57,100.0,37.4,Avoid,avoid,2026-06-29 16:50:52
119415,Baroda BNP Paribas LIQUID FUND - DIRECT PLAN - GROWTH OPTION,INF955L01AL0,Baroda BNP Paribas Mutual Fund,Debt,Debt Scheme - Liquid Fund,3230.3917,28-06-2026,4013,0.6,1.73,3.27,6.28,6.76,6.96,6.85,6.22,0.06,0.69,0.21,100.0,33.0,Avoid,avoid,2026-06-29 16:50:50
119445,Principal Low Duration Fund - Direct Plan - Daily Income Distribution CUM Capital Withdrawal Option,,Principal Mutual Fund,Debt,Debt Scheme - Low Duration Fund,964.8741,30-12-2021,2166,0.0,0.0,0.0,0.0,0.0,0.0,0.0,0.36,0.0,,16.62,20.0,13.3,Avoid,avoid,2026-06-29 16:50:52
119444,Tata Liquidity Management Fund- Direct Plan-Growth,,Tata Mutual Fund,Debt,Income,2043.2362,01-07-2016,1159,0.0,0.0,0.0,0.0,0.0,0.0,0.0,0.0,0.0,,0.38,0.0,12.5,Avoid,avoid,2026-06-29 16:50:52
119453,Principal Government Securities Fund-Direct Plan - Growth Option,,PRINCIPAL Mutual Fund,Other,Income,35.3607,29-09-2017,1141,0.0,0.0,0.0,0.0,0.0,0.0,0.0,0.0,0.0,,8.81,0.0,11.6,Avoid,avoid,2026-06-29 16:50:53
119434,Principal Retail Equity Savings Fund - Direct Plan - Growth Option,,PRINCIPAL Mutual Fund,Hybrid,Income,85.45,28-02-2014,289,0.0,0.0,0.0,0.0,0.0,0.0,0.0,0.0,0.0,,17.27,0.0,10.7,Avoid,avoid,2026-06-29 16:50:52
119451,Principal Multi Cap Growth Fund - Direct Plan -Half Yearly Income Distribution CUM Capital Withdrawal Option,,Principal Mutual Fund,Multi Cap,Equity Scheme - Multi Cap Fund,68.1,30-12-2021,2211,0.0,0.0,0.0,0.0,0.0,0.0,0.0,2.58,0.0,,40.63,20.0,10.8,Avoid,avoid,2026-06-29 16:50:53
119428,L&T Flexi Bond Fund - Direct Plan- Growth,,L&T Mutual Fund,Debt,Debt Scheme - Dynamic Bond,26.1098,24-11-2022,2386,0.0,0.0,0.0,0.0,0.0,0.0,0.61,1.01,0.0,,5.93,40.0,16.9,Avoid,avoid,2026-06-29 16:50:52
119448,Principal Low Duration Fund - Direct Plan - Growth Option,,Principal Mutual Fund,Debt,Debt Scheme - Low Duration Fund,2927.2173,30-12-2021,2166,0.0,0.0,0.0,0.0,0.0,0.0,0.0,0.36,0.0,,16.62,20.0,13.3,Avoid,avoid,2026-06-29 16:50:54
119440,Principal Emerging Bluechip Fund - Direct Plan - Half Yearly Income Distribution CUM Capital Withdrawal Option,,Principal Mutual Fund,Large Cap,Equity Scheme - Large & Mid Cap Fund,136.79,30-12-2021,2211,0.0,0.0,0.0,0.0,0.0,0.0,0.0,1.7,0.0,,36.11,20.0,11.2,Avoid,avoid,2026-06-29 16:50:52
119450,Principal Credit Risk Fund - Direct Plan - Growth Option,,Principal Mutual Fund,Debt,Debt Scheme - Credit Risk Fund,3231.0113,04-09-2020,1848,0.0,0.0,0.0,0.0,0.0,0.0,0.0,0.0,0.0,,7.43,0.0,11.7,Avoid,avoid,2026-06-29 16:50:54
119447,Principal Low Duration Fund - Direct Plan - Monthly Income Distribution CUM Capital Withdrawal Option,,Principal Mutual Fund,Debt,Debt Scheme - Low Duration Fund,1094.6495,30-12-2021,2166,0.0,0.0,0.0,0.0,0.0,0.0,0.0,0.36,0.0,,17.38,20.0,13.2,Avoid,avoid,2026-06-29 16:50:52
119446,Principal Low Duration Fund - Direct Plan - Weekly Income Distribution CUM Capital Withdrawal Option,,Principal Mutual Fund,Debt,Debt Scheme - Low Duration Fund,963.427,30-12-2021,2166,0.0,0.0,0.0,0.0,0.0,0.0,0.0,0.36,0.0,,16.88,20.0,13.2,Avoid,avoid,2026-06-29 16:50:52
119441,Principal Emerging Bluechip Fund - Direct Plan - Growth Option,,Principal Mutual Fund,Large Cap,Equity Scheme - Large & Mid Cap Fund,197.96,30-12-2021,2211,0.0,0.0,0.0,0.0,0.0,0.0,0.0,2.46,0.0,,36.11,20.0,11.2,Avoid,avoid,2026-06-29 16:50:52
119431,L&T Money Market Fund -Direct Plan- Growth,,L&T Mutual Fund,Debt,Debt Scheme - Money Market Fund,22.858,24-11-2022,2386,0.0,0.0,0.0,0.0,0.0,0.0,0.53,1.11,0.0,,33.28,40.0,14.0,Avoid,avoid,2026-06-29 16:50:52
119452,Principal Multi Cap Growth Fund-Direct Plan - Growth Option,,Principal Mutual Fund,Multi Cap,Equity Scheme - Multi Cap Fund,256.09,30-12-2021,2211,0.0,0.0,0.0,0.0,0.0,0.0,0.0,3.36,0.0,,38.67,20.0,11.0,Avoid,avoid,2026-06-29 16:50:53
119436,Aditya Birla Sun Life Large & Mid Cap Fund - Growth - Direct Plan,INF209K01VH8,Aditya Birla Sun Life Mutual Fund,Mid Cap,Equity Scheme - Large & Mid Cap Fund,1039.44,25-06-2026,3315,2.93,14.56,2.42,1.72,3.15,13.27,15.39,10.13,4.84,0.45,39.25,80.0,33.8,Avoid,avoid,2026-06-29 16:50:52
119461,Principal Dynamic Bond Fund - Direct Plan - Growth Option,,Principal Mutual Fund,Debt,Debt Scheme - Dynamic Bond,33.645,04-09-2020,1848,0.0,0.0,0.0,0.0,0.0,0.0,0.0,0.0,0.0,,9.14,0.0,11.5,Avoid,avoid,2026-06-29 16:50:53
119464,Principal Focused Multicap Fund- Direct Plan - Growth Option,,Principal Mutual Fund,Multi Cap,Equity Scheme - Focused Fund,116.59,30-12-2021,2211,0.0,0.0,0.0,0.0,0.0,0.0,0.0,1.95,0.0,,32.79,20.0,11.6,Avoid,avoid,2026-06-29 16:50:53
119457,Principal Global Opportunities Fund-Direct Plan - Growth Option,,Principal Mutual Fund,International,Other Scheme - FoF Overseas,49.2876,30-12-2021,2126,0.0,0.0,0.0,0.0,0.0,0.0,0.0,0.69,0.0,,37.39,20.0,11.1,Avoid,avoid,2026-06-29 16:50:54
119467,Principal Cash Management Fund - Direct Plan - Income Distribution CUM Capital Withdrawal Option - Daily,,Principal Mutual Fund,Debt,Debt Scheme - Liquid Fund,1000.6367,30-12-2021,2618,0.0,0.0,0.0,0.0,0.0,0.0,0.0,0.0,0.0,,8.11,0.0,11.7,Avoid,avoid,2026-06-29 16:50:53
119465,Principal Focused Multicap Fund- Direct Plan - Half Yearly Income Distribution CUM Capital Withdrawal Option,,Principal Mutual Fund,Multi Cap,Equity Scheme - Focused Fund,38.24,30-12-2021,2211,0.0,0.0,0.0,0.0,0.0,0.0,0.0,1.18,0.0,,42.44,20.0,10.6,Avoid,avoid,2026-06-29 16:50:53
119458,Principal Global Opportunities Fund- Direct Plan - Income Distribution CUM Capital Withdrawal Option,,Principal Mutual Fund,International,Other Scheme - FoF Overseas,49.2876,30-12-2021,2126,0.0,0.0,0.0,0.0,0.0,0.0,0.0,0.69,0.0,,37.39,20.0,11.1,Avoid,avoid,2026-06-29 16:50:54
119462,Principal Short Term Debt Fund- Direct Plan - Growth Option,,Principal Mutual Fund,Debt,Debt Scheme - Short Duration Fund,37.7058,30-12-2021,2166,0.0,0.0,0.0,0.0,0.0,0.0,0.0,0.5,0.0,,9.38,20.0,14.0,Avoid,avoid,2026-06-29 16:50:54
119463,Principal Short Term Debt Fund - Direct Plan - Income Distribution CUM Capital Withdrawal Plan - Monthly,,Principal Mutual Fund,Debt,Debt Scheme - Short Duration Fund,12.878,30-12-2021,2166,0.0,0.0,0.0,0.0,0.0,0.0,0.0,0.06,0.0,,10.0,20.0,14.0,Avoid,avoid,2026-06-29 16:50:54
119466,Principal Cash Management Fund -Direct Plan - Income Distribution CUM Capital Withdrawal Option - Monthly,,Principal Mutual Fund,Debt,Debt Scheme - Liquid Fund,1023.9813,30-12-2021,2618,0.0,0.0,0.0,0.0,0.0,0.0,0.0,-0.0,0.0,,8.57,0.0,11.6,Avoid,avoid,2026-06-29 16:50:53
119468,Principal Cash Management Fund - Direct Plan - Growth Option,,Principal Mutual Fund,Debt,Debt Scheme - Liquid Fund,1862.0809,30-12-2021,2618,0.0,0.0,0.0,0.0,0.0,0.0,0.0,0.33,0.0,,37.47,20.0,11.1,Avoid,avoid,2026-06-29 16:50:54
119470,Principal Equity Savings Fund - Direct Plan - Income Distribution CUM Capital Withdrawal Option - Half Yearly,,Principal Mutual Fund,Hybrid,Hybrid Scheme - Equity Savings,14.4383,30-12-2021,2191,0.0,0.0,0.0,0.0,0.0,0.0,0.0,0.8,0.0,,21.14,20.0,12.8,Avoid,avoid,2026-06-29 16:50:54
119469,Principal Cash Management Fund - Direct Plan - Income Distribution CUM Capital Withdrawal Option - Weekly,,Principal Mutual Fund,Debt,Debt Scheme - Liquid Fund,1006.8401,30-12-2021,2618,0.0,0.0,0.0,0.0,0.0,0.0,0.0,-0.01,0.0,,8.29,0.0,11.6,Avoid,avoid,2026-06-29 16:50:54
119472,Principal Equity Savings Fund - Direct Plan - Growth Option,,Principal Mutual Fund,Hybrid,Hybrid Scheme - Equity Savings,54.5069,30-12-2021,2191,0.0,0.0,0.0,0.0,0.0,0.0,0.0,1.55,0.0,,13.88,20.0,13.6,Avoid,avoid,2026-06-29 16:50:54
119471,Principal Equity Savings Fund- Direct Plan - Income Distribution CUM Capital Withdrawal Option - Quaterly,,Principal Mutual Fund,Hybrid,Hybrid Scheme - Equity Savings,20.6727,30-12-2021,2191,0.0,0.0,0.0,0.0,0.0,0.0,0.0,0.87,0.0,,13.88,20.0,13.6,Avoid,avoid,2026-06-29 16:50:54
119474,Principal Ultra Short Term Fund- Direct Plan -Growth Option,,Principal Mutual Fund,Debt,Debt Scheme - Ultra Short Duration Fund,2320.0599,30-12-2021,2241,0.0,0.0,0.0,0.0,0.0,0.0,0.0,0.34,0.0,,5.31,20.0,14.4,Avoid,avoid,2026-06-29 16:50:54
119480,Principal Bank CD Fund - Direct Plan - Growth Option,,PRINCIPAL Mutual Fund,Other,Income,2130.3541,19-05-2017,1050,0.0,0.0,0.0,0.0,0.0,0.0,0.0,0.0,0.0,,0.4,0.0,12.5,Avoid,avoid,2026-06-29 16:50:54
119479,Principal Corporate Bond Fund  - Direct Plan -Growth Option,,Principal Mutual Fund,Debt,Debt Scheme - Corporate Bond Fund,33.4982,29-05-2019,1539,0.0,0.0,0.0,0.0,0.0,0.0,0.0,0.0,0.0,,4.82,0.0,12.0,Avoid,avoid,2026-06-29 16:50:54
119475,Principal Ultra Short Term Fund- Direct Plan - Income Distribution CUM Capital Withdrawal Option - Monthly,,Principal Mutual Fund,Debt,Debt Scheme - Ultra Short Duration Fund,1060.0977,30-12-2021,2241,0.0,0.0,0.0,0.0,0.0,0.0,0.0,-0.0,0.0,,5.86,0.0,11.9,Avoid,avoid,2026-06-29 16:50:54
119482,Principal Balanced Advantage Fund - Direct Plan - Growth Option,,Principal Mutual Fund,Hybrid,Hybrid Scheme - Dynamic Asset Allocation or Balanced Advantage,27.87,30-12-2021,2211,0.0,0.0,0.0,0.0,0.0,0.0,0.0,0.94,0.0,,13.84,20.0,13.6,Avoid,avoid,2026-06-29 16:50:54
119483,Principal Balanced Advantage Fund - Direct Plan - Monthly Income Distribution CUM Capital Withdrawal Option,,Principal Mutual Fund,Hybrid,Hybrid Scheme - Dynamic Asset Allocation or Balanced Advantage,16.68,30-12-2021,2211,0.0,0.0,0.0,0.0,0.0,0.0,0.0,0.47,0.0,,25.23,20.0,12.4,Avoid,avoid,2026-06-29 16:50:54
119484,Principal Hybrid Equity Fund- Direct Plan - Growth Option,,Principal Mutual Fund,Hybrid,Hybrid Scheme - Aggressive Hybrid Fund,122.4,30-12-2021,2211,0.0,0.0,0.0,0.0,0.0,0.0,0.0,2.12,0.0,,27.67,20.0,12.1,Avoid,avoid,2026-06-29 16:50:54
119485,Principal Hybrid Equity Fund-Direct Plan - Monthly Income Distribution CUM Capital Withdrawal Option,,Principal Mutual Fund,Hybrid,Hybrid Scheme - Aggressive Hybrid Fund,41.24,30-12-2021,2211,0.0,0.0,0.0,0.0,0.0,0.0,0.0,1.45,0.0,,35.24,20.0,11.3,Avoid,avoid,2026-06-29 16:50:54
119490,Aditya Birla Sun Life Asset Allocation-Conservative Plan - Growth - Direct Plan,,Aditya Birla Sun Life Mutual Fund,Index / ETF,Income,30.4308,05-02-2016,745,0.0,0.0,0.0,0.0,0.0,0.0,0.0,0.0,0.0,,9.69,0.0,11.5,Avoid,avoid,2026-06-29 16:50:55
119493,Aditya Birla Sun Life Asset Allocation - Aggressive Plan - Growth - Direct Plan,,Aditya Birla Sun Life Mutual Fund,Other,Income,50.8182,05-02-2016,745,0.0,0.0,0.0,0.0,0.0,0.0,0.0,0.0,0.0,,15.39,0.0,10.9,Avoid,avoid,2026-06-29 16:50:55
119495,Aditya Birla Sun Life Asset Allocation - Moderate Plan - Growth - Direct Plan,,Aditya Birla Sun Life Mutual Fund,Other,Income,43.2109,05-02-2016,745,0.0,0.0,0.0,0.0,0.0,0.0,0.0,0.0,0.0,,12.05,0.0,11.2,Avoid,avoid,2026-06-29 16:50:55
119486,Principal Personal Tax Saver Fund - Direct Plan,,Principal Mutual Fund,ELSS,Equity Scheme - ELSS,313.38,27-12-2021,2208,0.0,0.0,0.0,0.0,0.0,0.0,0.0,2.01,0.0,,41.25,20.0,10.7,Avoid,avoid,2026-06-29 16:50:54
119487,Principal Nifty 100 Equal Weight Fund- Direct Plan - Income Distribution CUM Capital Withdrawal Option,,Principal Mutual Fund,Index / ETF,Other Scheme - Index Funds,65.6547,30-12-2021,2211,0.0,0.0,0.0,0.0,0.0,0.0,0.0,1.55,0.0,,41.12,20.0,10.7,Avoid,avoid,2026-06-29 16:50:54
119488,Principal Nifty 100 Equal Weight Fund - Direct Plan - Growth Option,,Principal Mutual Fund,Index / ETF,Other Scheme - Index Funds,111.7174,30-12-2021,2211,0.0,0.0,0.0,0.0,0.0,0.0,0.0,1.55,0.0,,41.12,20.0,10.7,Avoid,avoid,2026-06-29 16:50:54
119489,Principal Tax Savings Fund - Direct Plan,,Principal Mutual Fund,ELSS,Equity Scheme - ELSS,338.54,30-12-2021,2211,0.0,0.0,0.0,0.0,0.0,0.0,0.0,2.17,0.0,,40.49,20.0,10.8,Avoid,avoid,2026-06-29 16:50:55
119509,Birla Sun Life Floating Rate - Long Term - Growth - Direct Plan,,Aditya Birla Sun Life Mutual Fund,Other,Income,141.8879,28-05-2013,96,0.0,0.0,0.0,0.0,0.0,0.0,0.0,0.0,0.0,,0.02,0.0,12.5,Avoid,avoid,2026-06-29 16:50:55
119498,Aditya Birla Sun Life Short Term Fund - Growth - Direct Plan,INF209K01XK8,Aditya Birla Sun Life Mutual Fund,Debt,Debt Scheme - Short Duration Fund,54.7312,25-06-2026,3254,1.6,2.23,2.83,6.11,7.87,7.8,7.79,6.99,0.48,0.72,2.75,100.0,34.0,Avoid,avoid,2026-06-29 16:51:01
119501,Aditya Birla Sun Life Savings Fund - Growth - Direct Plan,INF209K01UR9,Aditya Birla Sun Life Mutual Fund,Debt,Debt Scheme - Ultra Short Duration Fund,594.7169,25-06-2026,3254,0.87,1.68,3.1,6.5,7.4,7.47,7.29,6.63,0.16,1.3,1.21,100.0,38.7,Avoid,avoid,2026-06-29 16:51:04
119505,Aditya Birla Sun Life Dynamic Bond Fund - Growth - Direct Plan,INF209K01N82,Aditya Birla Sun Life Mutual Fund,Debt,Debt Scheme - Dynamic Bond,52.6452,25-06-2026,3254,1.99,3.12,3.41,5.73,7.89,7.9,8.62,7.47,0.7,0.46,7.47,100.0,31.3,Avoid,avoid,2026-06-29 16:51:04
119511,Aditya Birla Sun Life Money Manager Fund - Growth - Direct Plan,INF209K01UU3,Aditya Birla Sun Life Mutual Fund,Debt,Debt Scheme - Money Market Fund,399.1269,25-06-2026,3582,0.98,1.79,3.1,6.29,7.25,7.38,7.29,6.6,0.2,0.97,1.4,100.0,35.7,Avoid,avoid,2026-06-29 16:51:04
119514,Aditya Birla Sun Life Infrastructure Fund - Growth - Direct Plan,INF209K01WH6,Aditya Birla Sun Life Mutual Fund,Sectoral,Equity Scheme - Sectoral/ Thematic,119.1,25-06-2026,3315,3.89,23.5,14.49,12.62,5.45,21.64,27.13,20.15,6.09,0.78,53.53,60.0,58.9,Watch,watch,2026-06-29 16:51:04
119546,Aditya Birla Sun Life Special Situations Fund - Growth - Direct Plan,,Aditya Birla Sun Life Mutual Fund,Thematic,Income,26.5916,18-05-2018,1322,0.0,0.0,0.0,0.0,0.0,0.0,0.0,0.0,0.0,,22.65,0.0,10.1,Avoid,avoid,2026-06-29 16:51:19
119520,Aditya Birla Sun Life Long Term Advantage - Growth - Direct Plan,,Aditya Birla Sun Life Mutual Fund,Other,Income,25.37,05-02-2016,760,0.0,0.0,0.0,0.0,0.0,0.0,0.0,0.0,0.0,,14.29,0.0,11.0,Avoid,avoid,2026-06-29 16:50:55
119518,Aditya Birla Sun Life International Equity Fund - Plan B - Growth - Direct Plan,,Aditya Birla Sun Life Mutual Fund,International,Formerly Known as IIFL Mutual Fund,30.2806,28-07-2023,2599,0.0,0.0,0.0,0.0,0.0,1.06,5.01,2.51,0.0,-8.15,60.88,40.0,9.0,Avoid,avoid,2026-06-29 16:50:56
119529,Aditya Birla Sun Life Government Securities Fund - Short Term Plan - Growth - Direct Plan,,Aditya Birla Sun Life Mutual Fund,Other,Income,12.2272,11-12-2015,707,0.0,0.0,0.0,0.0,0.0,0.0,0.0,0.0,0.0,,54.28,0.0,6.8,Avoid,avoid,2026-06-29 16:50:56
119536,Aditya Birla Sun Life India Reforms Fund - Growth - Direct Plan,,Aditya Birla Sun Life Mutual Fund,Other,Income,20.46,18-05-2018,1322,0.0,0.0,0.0,0.0,0.0,0.0,0.0,0.0,0.0,,34.03,0.0,9.0,Avoid,avoid,2026-06-29 16:50:56
119542,Sundaram Equity Hybrid Fund Direct Plan - Growth,,Sundaram Mutual Fund,Hybrid,Hybrid Scheme - Balanced Hybrid Fund,146.339,31-12-2021,2213,0.0,0.0,0.0,0.0,0.0,0.0,0.0,2.16,0.0,,29.68,20.0,11.9,Avoid,avoid,2026-06-29 16:51:19
119555,Sundaram Select Thematic Funds Capex Opportunities -Direct Plan - Growth Option,,Sundaram Mutual Fund,Thematic,Income,17.067,04-04-2014,313,0.0,0.0,0.0,0.0,0.0,0.0,0.0,0.0,0.0,,36.87,0.0,8.7,Avoid,avoid,2026-06-29 16:51:19
119559,Sundaram Select Thematic Funds Energy Opportunities -Direct Plan - Growth Option,,Sundaram Mutual Fund,Sectoral,Income,7.3623,11-04-2014,317,0.0,0.0,0.0,0.0,0.0,0.0,0.0,0.0,0.0,,28.34,0.0,9.5,Avoid,avoid,2026-06-29 16:51:19
119572,Sundaram Multi Asset Fund Direct Growth,,Sundaram Mutual Fund,Multi Cap,Equity Scheme - Multi Cap Fund,17.115,28-12-2018,1472,0.0,0.0,0.0,0.0,0.0,0.0,0.0,0.0,0.0,,13.86,0.0,11.1,Avoid,avoid,2026-06-29 16:51:19
119576,Aditya Birla Sun Life Commodity Equities Fund - Global Agri Plan - Growth - Direct Plan,,Aditya Birla Sun Life Mutual Fund,International,Formerly Known as IIFL Mutual Fund,37.3501,28-07-2023,2602,0.0,0.0,0.0,0.0,0.0,2.87,0.6,2.89,0.0,-2.54,42.16,40.0,10.5,Avoid,avoid,2026-06-29 16:51:19
119578,Sundaram Select Focus Direct Plan - Growth,,Sundaram Mutual Fund,Thematic,Equity Scheme - Focused Fund,283.5119,24-12-2021,2208,0.0,0.0,0.0,0.0,0.0,0.0,0.0,1.68,0.0,,36.69,20.0,11.2,Avoid,avoid,2026-06-29 16:51:19
119580,Birla Sun Life Commodities Equities Fund Global Multi Commodity Plan - Growth - Direct Plan,,Aditya Birla Sun Life Mutual Fund,International,Income,13.9008,19-07-2013,138,0.0,0.0,0.0,0.0,0.0,0.0,0.0,0.0,0.0,,14.09,0.0,11.0,Avoid,avoid,2026-06-29 16:51:20
119544,Aditya Birla Sun Life ELSS Tax Saver Fund - Growth - Direct Plan,INF209K01UN8,Aditya Birla Sun Life Mutual Fund,ELSS,Equity Scheme - ELSS,68.79,25-06-2026,3315,2.63,12.83,-0.95,0.29,3.57,13.32,14.37,9.77,4.56,0.47,35.12,80.0,34.2,Avoid,avoid,2026-06-29 16:51:21
119533,Aditya Birla Sun Life Corporate Bond Fund - Growth - Direct Plan,INF209K01S38,Aditya Birla Sun Life Mutual Fund,Debt,Debt Scheme - Corporate Bond Fund,121.0865,25-06-2026,3254,1.84,2.7,2.61,5.23,7.32,7.47,7.47,6.57,0.67,0.36,2.38,100.0,30.1,Avoid,avoid,2026-06-29 16:51:04
119523,Aditya Birla Sun Life Low duration Fund - Growth - Direct Plan,INF209K01XU7,Aditya Birla Sun Life Mutual Fund,Debt,Debt Scheme - Low Duration Fund,773.7041,25-06-2026,3254,1.02,1.69,2.91,6.27,7.35,7.44,7.38,6.71,0.23,0.91,1.71,100.0,35.3,Avoid,avoid,2026-06-29 16:51:04
119539,Aditya Birla Sun Life Medium Term Plan - Growth - Direct Plan,INF209K01XA9,Aditya Birla Sun Life Mutual Fund,Debt,Debt Scheme - Medium Duration Fund,47.4743,25-06-2026,3254,1.73,2.89,5.56,9.32,11.98,10.64,14.07,12.84,0.6,1.75,12.65,100.0,52.0,Avoid,avoid,2026-06-29 16:51:04
119550,Aditya Birla Sun Life Banking & PSU Debt Fund- Direct Plan-Growth,INF209K01YN0,Aditya Birla Sun Life Mutual Fund,Debt,Debt Scheme - Banking and PSU Fund,401.4726,25-06-2026,3254,1.58,2.22,2.57,5.23,7.27,7.28,7.2,6.42,0.52,0.31,3.04,100.0,29.4,Avoid,avoid,2026-06-29 16:51:31
119528,Aditya Birla Sun Life Large Cap Fund - Growth - Direct Plan,INF209K01YY7,Aditya Birla Sun Life Mutual Fund,Large Cap,Equity Scheme - Large Cap Fund,569.26,25-06-2026,3315,2.4,9.97,-5.6,-4.28,1.83,11.34,14.43,11.68,4.45,0.35,37.66,80.0,32.1,Avoid,avoid,2026-06-29 16:51:04
119526,Aditya Birla Sun Life Arbitrage Fund - Growth - Direct Plan,INF209K01VP1,Aditya Birla Sun Life Mutual Fund,Hybrid,Hybrid Scheme - Arbitrage Fund,30.5065,25-06-2026,3315,0.99,1.53,3.27,6.58,7.17,7.58,7.29,6.67,0.2,1.25,0.54,100.0,38.5,Avoid,avoid,2026-06-29 16:51:04
119549,Sundaram Value Fund Direct Plan - Growth,INF903J01NN3,Sundaram Mutual Fund,Thematic,Equity Scheme - Value Fund,226.9057,25-06-2026,3315,2.78,9.79,-5.48,-4.18,0.89,9.18,12.78,10.71,4.89,0.19,41.3,80.0,26.0,Avoid,avoid,2026-06-29 16:51:32
119517,Aditya Birla Sun Life International Equity Fund - Growth - Direct Plan,INF209K01WS3,Aditya Birla Sun Life Mutual Fund,International,Equity Scheme - Sectoral/ Thematic,56.0634,25-06-2026,3314,-1.59,14.44,10.52,27.61,26.99,19.36,17.83,11.98,3.64,0.81,73.89,80.0,58.0,Watch,watch,2026-06-29 16:51:04
119556,Aditya Birla Sun Life Small Cap Fund - Growth - Direct Plan,INF209K01WN4,Aditya Birla Sun Life Mutual Fund,Small Cap,Equity Scheme - Small Cap Fund,108.0401,25-06-2026,3312,3.35,23.94,12.62,9.11,5.36,17.78,20.8,14.66,5.94,0.58,57.41,80.0,46.0,Avoid,avoid,2026-06-29 16:51:32
119564,Aditya Birla Sun Life Focused Fund - Growth - Direct Plan,INF209K01WE3,Aditya Birla Sun Life Mutual Fund,Thematic,Equity Scheme - Focused Fund,163.4254,25-06-2026,3315,2.24,10.97,-2.52,0.02,4.85,14.53,16.14,12.8,4.45,0.56,36.73,100.0,41.7,Avoid,avoid,2026-06-29 16:51:31
119566,Sundaram Large and Midcap Fund Direct Plan - Growth,INF903J01PR9,Sundaram Mutual Fund,Mid Cap,Equity Scheme - Large & Mid Cap Fund,101.0186,25-06-2026,3314,4.62,16.53,2.15,4.66,4.79,15.52,17.86,14.64,4.93,0.59,38.05,100.0,44.9,Avoid,avoid,2026-06-29 16:51:32
119574,SBI Arbitrage Opportunities Fund - Direct Plan - Gr,INF200K01QU0,SBI Mutual Fund,Hybrid,Hybrid Scheme - Arbitrage Fund,38.258,25-06-2026,3317,0.95,1.46,3.22,6.47,7.03,7.43,7.27,6.72,0.19,1.05,0.65,100.0,36.6,Avoid,avoid,2026-06-29 16:51:32
119568,Aditya Birla Sun Life Liquid Fund - Growth - Direct Plan,INF209K01VA3,Aditya Birla Sun Life Mutual Fund,Debt,Debt Scheme - Liquid Fund,452.9468,28-06-2026,4289,0.61,1.79,3.35,6.4,6.86,7.03,6.92,6.27,0.07,0.94,0.23,100.0,35.2,Avoid,avoid,2026-06-29 16:51:33
119581,Sundaram Mid Cap Fund Direct Plan - Growth,INF903J01MJ3,Sundaram Mutual Fund,Mid Cap,Equity Scheme - Mid Cap Fund,1613.2213,25-06-2026,3315,1.71,15.82,3.21,6.61,7.99,22.2,24.5,19.25,5.0,0.92,44.31,100.0,62.4,Watch,watch,2026-06-29 16:51:33
119584,Birla Sun Life Commodities Equities Fund Global Precious Metals Plan - Growth - Direct Plan,,Aditya Birla Sun Life Mutual Fund,International,Income,7.4348,19-07-2013,138,0.0,0.0,0.0,0.0,0.0,0.0,0.0,0.0,0.0,,47.24,0.0,7.6,Avoid,avoid,2026-06-29 16:51:20
119586,Sundaram Select Thematic Funds PSU Opportunities -Direct Plan - Growth Option,,Sundaram Mutual Fund,Sectoral,Income,12.349,22-07-2016,873,0.0,0.0,0.0,0.0,0.0,0.0,0.0,0.0,0.0,,33.0,0.0,9.1,Avoid,avoid,2026-06-29 16:51:20
119592,Sundaram Growth Fund - Direct Plan - Growth Option,,Sundaram Mutual Fund,Other,Income,122.0254,16-09-2016,910,0.0,0.0,0.0,0.0,0.0,0.0,0.0,0.0,0.0,,31.59,0.0,9.2,Avoid,avoid,2026-06-29 16:51:20
119599,Sundaram Entertainment Opportunities Fund -Direct Plan - Growth Option,,Sundaram Mutual Fund,Thematic,Income,21.3857,22-07-2016,873,0.0,0.0,0.0,0.0,0.0,0.0,0.0,0.0,0.0,,22.29,0.0,10.2,Avoid,avoid,2026-06-29 16:51:21
119603,Sundaram Gilt Fund - Direct Plan - Growth Option,,Sundaram Mutual Fund,Debt,Income,27.6262,04-05-2018,1281,0.0,0.0,0.0,0.0,0.0,0.0,0.0,0.0,0.0,,3.86,0.0,12.1,Avoid,avoid,2026-06-29 16:51:22
119612,Aditya Birla Sun Life Gilt Plus - Liquid Plan - Growth - Direct Plan,,Aditya Birla Sun Life Mutual Fund,Debt,Income,32.4464,11-12-2015,706,0.0,0.0,0.0,0.0,0.0,0.0,0.0,0.0,0.0,,0.05,0.0,12.5,Avoid,avoid,2026-06-29 16:51:38
119614,Aditya Birla Sun Life Constant Maturity 10 Year Gilt Fund - Growth - Direct Plan,,Aditya Birla Sun Life Mutual Fund,Debt,Income,49.117,01-06-2018,1303,0.0,0.0,0.0,0.0,0.0,0.0,0.0,0.0,0.0,,10.69,0.0,11.4,Avoid,avoid,2026-06-29 16:51:38
119618,Aditya Birla Sun Life India Opportunities Fund - Growth - Direct Plan,,Aditya Birla Sun Life Mutual Fund,Thematic,Income,169.48,01-06-2018,1332,0.0,0.0,0.0,0.0,0.0,0.0,0.0,0.0,0.0,,13.1,0.0,11.1,Avoid,avoid,2026-06-29 16:51:38
119632,Sundaram Short Term Credit Risk Fund - Direct Plan - Growth Option,,Sundaram Mutual Fund,Debt,Debt Scheme - Credit Risk Fund,27.7073,29-12-2020,1517,0.0,0.0,0.0,0.0,0.0,0.0,0.0,0.0,0.0,,11.09,0.0,11.3,Avoid,avoid,2026-06-29 16:51:38
119644,Sundaram Regular Savings Fund - Direct Plan - Growth Option,,Sundaram Mutual Fund,Other,54EB Growth,17.173,04-05-2018,1281,0.0,0.0,0.0,0.0,0.0,0.0,0.0,0.0,0.0,,8.97,0.0,11.6,Avoid,avoid,2026-06-29 16:51:38
119591,Aditya Birla Sun Life Consumption Fund - Growth - Direct Plan,INF209K01WC7,Aditya Birla Sun Life Mutual Fund,Sectoral,Equity Scheme - Sectoral/ Thematic,234.58,25-06-2026,3315,3.23,10.59,-6.28,-5.85,0.45,10.4,14.21,12.2,4.8,0.27,34.52,80.0,30.6,Avoid,avoid,2026-06-29 16:51:32
119602,Sundaram Global Brand Theme-Equity Active FOF - Direct Growth,INF903J01OB6,Sundaram Mutual Fund,International,Other Scheme - FoF Overseas,45.4382,25-06-2026,3231,-6.04,9.54,2.75,20.39,17.48,16.49,19.77,11.47,4.51,0.6,30.06,80.0,49.9,Avoid,avoid,2026-06-29 16:51:33
119597,Sundaram Financial Services Opportunities Fund Direct Plan - Growth,INF903J01NB8,Sundaram Mutual Fund,Sectoral,Equity Scheme - Sectoral/ Thematic,124.2029,25-06-2026,3315,5.64,16.79,0.97,2.87,6.24,15.61,21.61,15.91,6.31,0.56,43.22,80.0,42.8,Avoid,avoid,2026-06-29 16:51:33
119605,Aditya Birla Sun Life Government Securities Fund - Growth - Direct Plan,INF209K01XP7,Aditya Birla Sun Life Mutual Fund,Debt,Debt Scheme - Gilt Fund,88.9373,25-06-2026,3254,3.05,5.18,2.36,2.79,5.08,6.29,6.72,5.74,1.71,-0.09,10.81,100.0,23.2,Avoid,avoid,2026-06-29 16:51:33
119595,Sundaram Consumption Fund (Formerly Known as Sundaram Rural and Consumption Fund Direct Plan - Growth),INF903J01NH5,Sundaram Mutual Fund,Sectoral,Equity Scheme - Sectoral/ Thematic,99.6197,25-06-2026,3315,2.96,11.54,-7.03,-7.69,0.47,10.55,14.85,11.96,5.21,0.26,35.74,80.0,30.1,Avoid,avoid,2026-06-29 16:51:33
119589,Sundaram Small Cap Fund Direct Plan - Growth,INF903J01NK9,Sundaram Mutual Fund,Small Cap,Equity Scheme - Small Cap Fund,318.6893,25-06-2026,3315,3.28,26.17,11.4,11.14,8.28,19.69,23.12,18.51,6.46,0.69,57.06,100.0,56.3,Watch,watch,2026-06-29 16:51:32
119609,SBI EQUITY HYBRID FUND - DIRECT PLAN - Growth,INF200K01RY0,SBI Mutual Fund,Hybrid,Hybrid Scheme - Aggressive Hybrid Fund,347.7312,25-06-2026,3324,1.12,11.24,1.67,2.57,7.8,13.78,14.38,11.82,3.72,0.65,27.49,100.0,41.6,Avoid,avoid,2026-06-29 16:51:41
119598,SBI Large Cap FUND-DIRECT PLAN -GROWTH,INF200K01QX4,SBI Mutual Fund,Large Cap,Equity Scheme - Large Cap Fund,105.2202,25-06-2026,3325,3.53,12.82,-1.03,0.78,4.44,11.34,14.98,12.18,4.57,0.36,37.08,100.0,34.6,Avoid,avoid,2026-06-29 16:51:33
119621,Sundaram Corporate Bond Fund Direct Plan - Growth,INF903J01NR4,Sundaram Mutual Fund,Debt,Debt Scheme - Corporate Bond Fund,43.7829,25-06-2026,3250,1.45,2.13,2.41,5.13,7.32,7.22,6.95,6.19,0.46,0.28,11.02,100.0,28.4,Avoid,avoid,2026-06-29 16:51:47
119620,Aditya Birla Sun Life Midcap Fund - Growth - Direct Plan,INF209K01Q30,Aditya Birla Sun Life Mutual Fund,Mid Cap,Equity Scheme - Mid Cap Fund,933.64,25-06-2026,3315,3.36,19.57,4.51,5.47,5.89,19.0,19.89,16.67,5.47,0.73,45.08,100.0,52.6,Avoid,avoid,2026-06-29 16:51:47
119625,Sundaram Banking & PSU Fund (Formerly Known as Sundaram Banking and PSU Debt Fund) Direct Plan - Growth,INF903J01PA5,Sundaram Mutual Fund,Debt,Debt Scheme - Banking and PSU Fund,46.1004,25-06-2026,3250,1.41,2.11,2.57,5.32,7.31,7.23,7.09,5.99,0.43,0.3,1.78,100.0,29.5,Avoid,avoid,2026-06-29 16:51:47
119635,Sundaram Conservative Hybrid Fund (Formerly Known as Sundaram Debt Oriented Hybrid Fund) Direct Plan - Growth,INF903J01OP6,Sundaram Mutual Fund,Debt,Hybrid Scheme - Conservative Hybrid Fund,32.5566,25-06-2026,3250,1.04,2.25,-1.73,-0.57,3.2,5.94,7.08,7.23,1.23,-0.21,12.57,80.0,19.9,Avoid,avoid,2026-06-29 16:51:46
119646,Aditya Birla Sun Life MNC Fund - Growth - Direct Plan,INF209K01VT3,Aditya Birla Sun Life Mutual Fund,Thematic,Equity Scheme - Sectoral/ Thematic,1440.58,25-06-2026,3315,1.03,12.66,-2.6,-5.38,-2.92,9.58,11.08,6.92,4.78,0.2,32.43,40.0,20.8,Avoid,avoid,2026-06-29 16:51:47
119685,SBI Edge Fund - DIRECT PLAN - GROWTH,,SBI Mutual Fund,Other,Income,14.2573,17-12-2015,711,0.0,0.0,0.0,0.0,0.0,0.0,0.0,0.0,0.0,,6.39,0.0,11.8,Avoid,avoid,2026-06-29 16:51:39
119654,Sundaram Monthly Income Plan - Moderate Plan - Direct Plan - Growth Option,,Sundaram Mutual Fund,Other,Income,21.7559,09-09-2016,867,0.0,0.0,0.0,0.0,0.0,0.0,0.0,0.0,0.0,,2.38,0.0,12.3,Avoid,avoid,2026-06-29 16:51:38
119680,Sundaram Low Duration Fund Direct Plan - Growth,,Sundaram Mutual Fund,Debt,Debt Scheme - Low Duration Fund,30.2653,31-12-2021,2168,0.0,0.0,0.0,0.0,0.0,0.0,0.0,2.03,0.0,,7.93,20.0,14.2,Avoid,avoid,2026-06-29 16:51:39
119664,Sundaram Short Term Debt Fund Direct Plan - Growth,,Sundaram Mutual Fund,Debt,Debt Scheme - Short Duration Fund,39.0994,31-12-2021,2167,0.0,0.0,0.0,0.0,0.0,0.0,0.0,2.26,0.0,,10.88,20.0,13.9,Avoid,avoid,2026-06-29 16:51:39
119661,Aditya Birla Sun Life Tax Plan - Direct Plan - Growth Option,,Aditya Birla Sun Life Mutual Fund,ELSS,Equity Scheme - ELSS,51.83,13-04-2023,2529,0.0,0.0,0.0,0.0,0.0,0.0,1.6,-0.33,0.0,,35.93,20.0,11.3,Avoid,avoid,2026-06-29 16:51:39
119686,Sundaram Money Fund Direct Plan - Growth,,Sundaram Mutual Fund,Debt,Debt Scheme - Liquid Fund,44.5103,31-12-2021,3127,0.0,0.0,0.0,0.0,0.0,0.0,0.0,0.34,0.0,,0.21,20.0,15.0,Avoid,avoid,2026-06-29 16:51:54
119707,SBI GILT FUND - DIRECT PLAN - GROWTH,INF200K01SH3,SBI Mutual Fund,Debt,Debt Scheme - Gilt Fund,72.4044,25-06-2026,3261,1.49,2.97,2.76,3.72,6.07,6.81,7.37,6.47,0.91,0.01,9.51,100.0,25.4,Avoid,avoid,2026-06-29 16:52:06
119671,SBI Dynamic Bond Fund - DIRECT PLAN - Growth,INF200K01RD4,SBI Mutual Fund,Debt,Debt Scheme - Dynamic Bond,41.03,25-06-2026,3262,1.28,2.25,3.28,5.06,7.02,7.43,7.83,6.81,0.52,0.27,8.86,100.0,28.8,Avoid,avoid,2026-06-29 16:51:47
119657,Aditya Birla Sun Life Income Fund - Growth - Direct Plan,INF209K01WY1,Aditya Birla Sun Life Mutual Fund,Debt,Debt Scheme - Medium to Long Duration Fund,140.3652,25-06-2026,3254,2.25,3.41,2.42,3.83,6.2,6.56,6.88,5.95,0.98,-0.08,10.26,100.0,24.2,Avoid,avoid,2026-06-29 16:51:47
119659,Aditya Birla Sun Life Value Fund - Growth - Direct Plan,INF209K01WQ7,Aditya Birla Sun Life Mutual Fund,Thematic,Equity Scheme - Value Fund,150.9192,25-06-2026,3315,1.17,16.96,4.31,5.13,4.62,18.38,21.81,15.7,5.25,0.68,57.48,80.0,47.2,Avoid,avoid,2026-06-29 16:51:47
119648,Aditya Birla Sun Life Nifty 50 Index Fund - Growth - Direct Plan,INF209K01VY3,Aditya Birla Sun Life Mutual Fund,Index / ETF,Other Scheme - Index Funds,250.6631,25-06-2026,3315,2.45,8.16,-6.81,-5.29,1.03,8.85,12.09,9.85,4.37,0.17,37.62,80.0,25.1,Avoid,avoid,2026-06-29 16:51:47
119675,Sundaram Medium Duration Fund (Formerly Known as Sundaram Medium Term Bond Fund) Direct Plan - Growth,INF903J01PO6,Sundaram Mutual Fund,Debt,Debt Scheme - Medium Duration Fund,80.3608,25-06-2026,3251,1.33,2.03,2.02,4.06,6.18,6.15,6.27,5.12,0.49,-0.4,8.03,100.0,21.5,Avoid,avoid,2026-06-29 16:51:47
119705,SBI COMMA Fund - DIRECT PLAN - Growth,INF200K01SB6,SBI Mutual Fund,Thematic,Equity Scheme - Sectoral/ Thematic,123.9817,25-06-2026,3322,-2.36,8.25,6.28,9.36,7.17,18.6,18.34,12.66,4.69,0.8,40.75,80.0,49.3,Avoid,avoid,2026-06-29 16:52:04
119700,SBI INFRASTRUCTURE FUND -  DIRECT PLAN - GROWTH,INF200K01RS2,SBI Mutual Fund,Sectoral,Equity Scheme - Sectoral/ Thematic,55.9333,25-06-2026,3324,0.96,18.65,5.53,2.28,-0.46,18.94,22.45,19.42,6.34,0.66,42.08,80.0,52.1,Avoid,avoid,2026-06-29 16:52:06
119709,SBI ESG Exclusionary Strategy Fund - Direct Plan -Growth,INF200K01SE0,SBI Mutual Fund,Thematic,Equity Scheme - Sectoral/ Thematic,261.765,25-06-2026,3324,2.98,13.03,-2.74,-1.77,1.42,10.75,13.59,10.74,4.98,0.31,36.66,80.0,29.7,Avoid,avoid,2026-06-29 16:52:07
119711,SBI MNC FUND - DIRECT PLAN -GROWTH,INF200K01SN1,SBI Mutual Fund,Thematic,Equity Scheme - Sectoral/ Thematic,433.125,25-06-2026,3324,3.78,18.91,11.19,7.55,3.88,8.08,12.12,9.42,4.98,0.11,27.53,80.0,24.8,Avoid,avoid,2026-06-29 16:52:06
119719,SBI Children's Fund - Savings Plan - DIRECT PLAN - GROWTH,INF200K01QR6,SBI Mutual Fund,Other,Solution Oriented Scheme - Children’s Fund,128.1393,25-06-2026,3259,3.12,7.7,5.93,7.6,8.97,12.33,12.36,11.22,1.48,1.12,14.42,100.0,46.3,Avoid,avoid,2026-06-29 16:52:06
119714,SBI Medium to Long Duration Fund-DIRECT PLAN -Growth,INF200K01SR2,SBI Mutual Fund,Debt,Debt Scheme - Medium to Long Duration Fund,79.8748,25-06-2026,3261,1.99,3.11,2.81,4.75,6.91,7.16,7.6,6.47,0.79,0.17,8.54,100.0,27.4,Avoid,avoid,2026-06-29 16:52:06
119718,SBI Flexicap Fund - DIRECT PLAN - Growth Option,INF200K01UG1,SBI Mutual Fund,Multi Cap,Equity Scheme - Flexi Cap Fund,120.357,25-06-2026,3320,1.52,10.27,-4.34,-1.95,1.02,9.99,12.73,10.17,4.4,0.25,35.8,80.0,27.9,Avoid,avoid,2026-06-29 16:52:06
119716,SBI MIDCAP FUND - DIRECT PLAN - GROWTH,INF200K01TP4,SBI Mutual Fund,Mid Cap,Equity Scheme - Mid Cap Fund,271.9823,25-06-2026,3325,2.71,16.26,3.43,1.34,2.44,13.59,17.82,15.97,5.45,0.47,43.05,100.0,41.6,Avoid,avoid,2026-06-29 16:52:06
119721,SBI LARGE & MIDCAP FUND -DIRECT PLAN -Growth,INF200K01UJ5,SBI Mutual Fund,Mid Cap,Equity Scheme - Large & Mid Cap Fund,706.4261,25-06-2026,3323,2.4,11.84,0.65,4.31,6.27,15.4,18.93,15.3,4.32,0.64,36.43,100.0,46.3,Avoid,avoid,2026-06-29 16:52:07
119762,Kotak Gilt-Savings-Growth - Direct,,Kotak Mahindra Mutual Fund,Debt,Income,26.3906,13-08-2013,149,0.0,0.0,0.0,0.0,0.0,0.0,0.0,0.0,0.0,,1.63,0.0,12.3,Avoid,avoid,2026-06-29 16:52:15
119740,Kotak Credit Risk Fund - Direct Plan - Standard Income Distribution cum capital withdrawal option,INF174K01MG5,Kotak Mahindra Mutual Fund,Debt,Debt Scheme - Credit Risk Fund,26.7991,25-06-2026,2955,1.32,2.29,3.33,7.6,8.25,8.55,8.01,6.75,0.51,1.06,6.55,100.0,38.2,Avoid,avoid,2026-06-29 16:52:20
119759,Kotak Gilt-Investment Regular-Growth - Direct,INF174K01KE4,Kotak Mahindra Mutual Fund,Debt,Debt Scheme - Gilt Fund,111.2426,25-06-2026,3252,2.57,4.24,2.34,2.68,4.98,6.26,7.02,5.96,1.54,-0.12,13.35,100.0,22.9,Avoid,avoid,2026-06-29 16:52:28
119739,Kotak Bond Short Term Plan-(Growth) - Direct,INF174K01JI7,Kotak Mahindra Mutual Fund,Debt,Debt Scheme - Short Duration Fund,60.7714,25-06-2026,3252,1.49,2.07,2.72,5.57,7.63,7.62,7.53,6.61,0.44,0.6,3.05,100.0,32.5,Avoid,avoid,2026-06-29 16:52:07
119741,Kotak Credit Risk Fund - Growth - Direct,INF174K01LZ7,Kotak Mahindra Mutual Fund,Debt,Debt Scheme - Credit Risk Fund,35.68,25-06-2026,3250,1.32,2.29,3.33,7.6,8.25,8.55,8.01,6.75,0.51,1.06,3.86,100.0,38.5,Avoid,avoid,2026-06-29 16:52:27
119727,SBI FOCUSED FUND - DIRECT PLAN -GROWTH,INF200K01RJ1,SBI Mutual Fund,Thematic,Equity Scheme - Focused Fund,433.9673,25-06-2026,3323,-0.61,14.78,1.36,8.24,9.64,16.61,17.69,13.8,5.4,0.69,32.74,80.0,46.3,Avoid,avoid,2026-06-29 16:52:06
119735,Kotak Bond Fund - Growth - Direct,INF174K01JC0,Kotak Mahindra Mutual Fund,Debt,Debt Scheme - Medium to Long Duration Fund,90.3381,25-06-2026,3252,2.5,3.79,3.07,4.75,6.94,7.43,7.74,6.52,1.04,0.23,9.92,100.0,28.0,Avoid,avoid,2026-06-29 16:52:06
119753,Kotak Dynamic Bond Fund - Direct Plan - Standard Income Distribution cum capital withdrawal option,INF174K01JX6,Kotak Mahindra Mutual Fund,Debt,Debt Scheme - Dynamic Bond,15.1238,25-06-2026,3252,2.21,3.58,3.46,5.62,7.3,7.96,7.93,6.8,1.04,0.37,8.18,100.0,30.4,Avoid,avoid,2026-06-29 16:52:28
119750,Kotak Savings Fund-Growth - Direct,INF174K01JP2,Kotak Mahindra Mutual Fund,Debt,Debt Scheme - Ultra Short Duration Fund,47.785,25-06-2026,3252,0.85,1.56,3.11,6.35,7.11,7.21,7.09,6.43,0.16,0.81,0.87,100.0,34.3,Avoid,avoid,2026-06-29 16:52:28
119755,Kotak Dynamic Bond Fund - Growth - Direct,INF174K01JU2,Kotak Mahindra Mutual Fund,Debt,Debt Scheme - Dynamic Bond,43.093,25-06-2026,3252,2.21,3.58,3.46,5.62,7.3,7.96,7.94,6.8,1.04,0.37,3.22,100.0,30.8,Avoid,avoid,2026-06-29 16:52:28
119746,Kotak Money Market Fund - (Growth) - Direct,INF174K01MW2,Kotak Mahindra Mutual Fund,Debt,Debt Scheme - Money Market Fund,4827.7402,25-06-2026,3580,0.95,1.77,3.15,6.31,7.25,7.36,7.23,6.55,0.18,0.97,0.81,100.0,35.8,Avoid,avoid,2026-06-29 16:52:28
119757,Kotak Gilt-Investment  Provident Fund and Trust-Growth - Direct,INF174K01KM7,Kotak Mahindra Mutual Fund,Debt,Debt Scheme - Gilt Fund,113.9386,25-06-2026,3237,2.57,4.24,2.34,2.68,4.98,6.26,7.03,5.96,1.54,-0.12,13.35,100.0,22.9,Avoid,avoid,2026-06-29 16:52:28
119723,SBI ELSS Tax Saver FUND - DIRECT PLAN -GROWTH,INF200K01UM9,SBI Mutual Fund,ELSS,Equity Scheme - ELSS,474.7315,25-06-2026,3325,2.87,11.74,-2.42,-1.16,2.5,18.41,21.93,17.41,4.73,0.76,38.2,80.0,51.5,Avoid,avoid,2026-06-29 16:52:06
119732,SBI PSU Fund - DIRECT PLAN - GROWTH,INF200K01UY4,SBI Mutual Fund,Sectoral,Equity Scheme - Sectoral/ Thematic,38.5316,25-06-2026,3324,-0.34,6.3,4.97,8.05,3.87,29.03,31.2,24.47,5.41,1.03,47.06,80.0,69.5,Watch,watch,2026-06-29 16:52:07
119769,Kotak Contra Fund - Direct Plan - Growth,INF174K01KZ9,Kotak Mahindra Mutual Fund,Thematic,Equity Scheme - Contra Fund,181.094,25-06-2026,3315,2.76,11.68,-1.82,1.18,3.11,17.78,20.8,16.46,4.6,0.73,37.89,100.0,51.4,Avoid,avoid,2026-06-29 16:52:28
119766,Kotak Liquid Fund - Direct Plan - Growth,INF174K01NE8,Kotak Mahindra Mutual Fund,Debt,Debt Scheme - Liquid Fund,5663.1413,28-06-2026,4109,0.62,1.78,3.3,6.32,6.8,6.97,6.84,6.2,0.07,0.71,0.26,100.0,33.2,Avoid,avoid,2026-06-29 16:52:29
119771,Kotak Arbitrage Fund - Direct Plan - Growth,INF174K01LC6,Kotak Mahindra Mutual Fund,Hybrid,Hybrid Scheme - Arbitrage Fund,42.6572,25-06-2026,3293,0.98,1.5,3.3,6.56,7.13,7.62,7.38,6.8,0.2,1.28,0.57,100.0,38.8,Avoid,avoid,2026-06-29 16:52:28
119786,L&T Credit Risk Fund- Direct Plan - Growth,,L&T Mutual Fund,Debt,Debt Scheme - Credit Risk Fund,25.5448,24-11-2022,2386,0.0,0.0,0.0,0.0,0.0,0.0,0.68,1.52,0.0,,5.07,40.0,17.0,Avoid,avoid,2026-06-29 16:52:37
119795,L&T Banking and PSU Debt Fund - Direct Plan - Growth,,L&T Mutual Fund,Debt,Debt Scheme - Banking and PSU Fund,21.0934,24-11-2022,2386,0.0,0.0,0.0,0.0,0.0,0.0,0.65,0.72,0.0,,3.73,40.0,17.1,Avoid,avoid,2026-06-29 16:52:37
119790,L&T Liquid Fund - Direct Plan -Growth,,L&T Mutual Fund,Debt,Debt Scheme - Liquid Fund,3010.1597,24-11-2022,3028,0.0,0.0,0.0,0.0,0.0,0.0,0.55,1.16,0.0,,0.29,40.0,17.5,Avoid,avoid,2026-06-29 16:52:37
119783,SBI HEALTHCARE OPPORTUNITIES FUND - DIRECT PLAN -GROWTH,INF200K01UP2,SBI Mutual Fund,Sectoral,Equity Scheme - Sectoral/ Thematic,559.579,25-06-2026,3324,5.46,16.77,16.08,14.27,17.56,24.68,26.06,17.19,3.82,1.21,30.53,80.0,70.1,Watch,watch,2026-06-29 16:52:47
119779,Kotak Global Emerging Market overseas Equity Omni FOF - Growth - Direct,INF174K01LW4,Kotak Mahindra Mutual Fund,International,Other Scheme - FoF Overseas,45.142,25-06-2026,3208,-0.45,27.74,35.18,63.58,36.6,28.81,21.93,11.92,6.69,1.06,31.96,80.0,72.6,Watch,watch,2026-06-29 16:52:28
119781,Kotak Gold Fund Growth - Direct,INF174K01MP6,Kotak Mahindra Mutual Fund,Gold,Other Scheme - FoF Domestic,55.9795,25-06-2026,3267,-10.94,-5.23,1.9,43.66,37.26,32.58,27.15,22.88,7.34,1.3,26.26,100.0,87.5,Strong Pick,strong,2026-06-29 16:52:29
119798,SBI CREDIT RISK FUND - DIRECT PLAN -GROWTH,INF200K01SV4,SBI Mutual Fund,Debt,Debt Scheme - Credit Risk Fund,53.1865,25-06-2026,3261,1.63,2.76,4.27,7.86,8.62,8.44,8.56,7.71,0.39,1.46,27.19,100.0,39.8,Avoid,avoid,2026-06-29 16:52:46
119777,Kotak Multi Asset Omni FOF - Direct Growth - Direct,INF174K01LN3,Kotak Mahindra Mutual Fund,Hybrid,Other Scheme - FoF Domestic,273.912,25-06-2026,3300,-0.15,7.13,-0.32,8.15,8.97,16.42,19.38,16.08,3.8,0.85,22.83,100.0,53.3,Avoid,avoid,2026-06-29 16:52:28
119775,Kotak Midcap Fund - Direct Plan - Growth,INF174K01LT0,Kotak Mahindra Mutual Fund,Mid Cap,Equity Scheme - Mid Cap Fund,168.272,25-06-2026,3314,3.64,18.34,6.64,6.87,7.68,20.93,23.05,18.56,5.2,0.83,35.97,100.0,59.8,Watch,watch,2026-06-29 16:52:28
119773,Kotak ELSS Tax Saver Fund-Growth - Direct,INF174K01LI3,Kotak Mahindra Mutual Fund,ELSS,Equity Scheme - ELSS,136.064,25-06-2026,3316,3.84,12.68,-0.88,-1.25,0.68,13.18,16.66,13.47,4.79,0.44,36.43,80.0,37.2,Avoid,avoid,2026-06-29 16:52:28
119788,SBI GOLD FUND- DIRECT PLAN - GROWTH,INF200K01RP8,SBI Mutual Fund,Gold,Other Scheme - FoF Domestic,42.3836,25-06-2026,3265,-10.83,-5.45,1.37,43.88,37.52,32.6,27.27,23.32,7.84,1.24,25.01,100.0,86.9,Strong Pick,strong,2026-06-29 16:52:42
119800,SBI Liquid Fund - DIRECT PLAN -Growth,INF200K01UT4,SBI Mutual Fund,Debt,Debt Scheme - Liquid Fund,4381.7428,28-06-2026,4567,0.61,1.78,3.3,6.29,6.73,6.93,6.81,6.17,0.07,0.55,0.17,100.0,31.9,Avoid,avoid,2026-06-29 16:52:47
119809,L&T Low Duration Fund-Direct Plan-Growth,,L&T Mutual Fund,Debt,Debt Scheme - Low Duration Fund,24.5327,24-11-2022,2386,0.0,0.0,0.0,0.0,0.0,0.0,0.56,1.19,0.0,,2.71,40.0,17.2,Avoid,avoid,2026-06-29 16:52:37
119807,L&T Mid Cap Fund-Direct Plan-Growth,,L&T Mutual Fund,Mid Cap,Equity Scheme - Mid Cap Fund,229.3027,24-11-2022,2435,0.0,0.0,0.0,0.0,0.0,0.0,3.1,2.07,0.0,,39.82,20.0,10.9,Avoid,avoid,2026-06-29 16:52:37
119844,L&T Triple Ace Bond Fund - Direct Plan -Growth,,L&T Mutual Fund,Debt,Debt Scheme - Corporate Bond Fund,63.7261,24-11-2022,2386,0.0,0.0,0.0,0.0,0.0,0.0,0.84,1.01,0.0,,6.27,40.0,16.8,Avoid,avoid,2026-06-29 16:53:01
119849,L&T Ultra Short Term Fund-Direct Plan - Growth,,L&T Mutual Fund,Debt,Debt Scheme - Ultra Short Duration Fund,37.4628,24-11-2022,2386,0.0,0.0,0.0,0.0,0.0,0.0,0.54,1.14,0.0,,1.01,40.0,17.4,Avoid,avoid,2026-06-29 16:53:01
119802,L&T Equity Savings Fund - Direct Plan-Growth,,L&T Mutual Fund,Hybrid,Hybrid Scheme - Equity Savings,25.4455,24-11-2022,2423,0.0,0.0,0.0,0.0,0.0,0.0,1.26,1.81,0.0,,18.13,40.0,15.6,Avoid,avoid,2026-06-29 16:52:37
119859,MOSt 10 Year Gilt Fund - Direct Plan - Growth,,Motilal Oswal Mutual Fund,Debt,Gilt,12.7944,21-10-2015,671,0.0,0.0,0.0,0.0,0.0,0.0,0.0,0.0,0.0,,11.93,0.0,11.3,Avoid,avoid,2026-06-29 16:53:00
119852,L&T Conservative Hybrid Fund -Direct Plan- Growth,,L&T Mutual Fund,Index / ETF,Hybrid Scheme - Conservative Hybrid Fund,46.6935,24-11-2022,2386,0.0,0.0,0.0,0.0,0.0,0.0,1.27,1.33,0.0,,9.2,40.0,16.5,Avoid,avoid,2026-06-29 16:53:01
119856,L&T Short Term Bond Fund -Direct Plan- Growth,,L&T Mutual Fund,Debt,Debt Scheme - Short Duration Fund,22.9819,24-11-2022,2386,0.0,0.0,0.0,0.0,0.0,0.0,0.57,0.94,0.0,,2.26,40.0,17.3,Avoid,avoid,2026-06-29 16:53:01
119867,JPMorgan India Equity Fund - Direct Plan - Growth Option,,JPMorgan Mutual Fund,Other,Income,23.019,24-11-2016,955,0.0,0.0,0.0,0.0,0.0,0.0,0.0,0.0,0.0,,18.53,0.0,10.6,Avoid,avoid,2026-06-29 16:53:00
119869,JPMorgan India Mid and Small Cap Fund - Direct Plan - Growth Option,,JPMorgan Mutual Fund,Small Cap,Income,20.603,24-11-2016,955,0.0,0.0,0.0,0.0,0.0,0.0,0.0,0.0,0.0,,21.32,0.0,10.3,Avoid,avoid,2026-06-29 16:53:00
119871,JPMorgan India Tax Advantage Fund - Direct Plan - Growth Option,,JPMorgan Mutual Fund,Other,Income,31.51,24-11-2016,955,0.0,0.0,0.0,0.0,0.0,0.0,0.0,0.0,0.0,,17.92,0.0,10.6,Avoid,avoid,2026-06-29 16:53:00
119872,JPMorgan Greater China Equity Off-shore Fund - Direct Plan - Growth Option,,JPMorgan Mutual Fund,International,Income,20.683,24-11-2016,903,0.0,0.0,0.0,0.0,0.0,0.0,0.0,0.0,0.0,,30.02,0.0,9.4,Avoid,avoid,2026-06-29 16:53:00
119874,JPMorgan EEMEA Equity Off-shore Fund - Direct Plan - Growth Option,,JPMorgan Mutual Fund,Other,Income,10.863,30-12-2014,479,0.0,0.0,0.0,0.0,0.0,0.0,0.0,0.0,0.0,,25.0,0.0,9.9,Avoid,avoid,2026-06-29 16:53:00
119878,JPMorgan ASEAN Equity Off-shore Fund - Direct Plan - Growth Option,,JPMorgan Mutual Fund,Other,Income,16.756,24-11-2016,918,0.0,0.0,0.0,0.0,0.0,0.0,0.0,0.0,0.0,,21.95,0.0,10.2,Avoid,avoid,2026-06-29 16:53:01
119876,Tata Income Fund - Direct Plan - Growth Option,,Tata Mutual Fund,Debt,Debt Scheme - Medium to Long Duration Fund,72.1992,23-09-2022,2346,0.0,0.0,0.0,0.0,0.0,0.0,0.38,0.5,0.0,,6.68,40.0,16.8,Avoid,avoid,2026-06-29 16:53:02
119883,JPMorgan India Active Bond Fund - Direct Plan - Growth Option,,JPMorgan Mutual Fund,Other,Income,18.1777,24-11-2016,931,0.0,0.0,0.0,0.0,0.0,0.0,0.0,0.0,0.0,,8.32,0.0,11.6,Avoid,avoid,2026-06-29 16:53:01
119884,Tata Fixed Income Portfolio Fund - Scheme A1 - Direct Plan - Growth,,Tata Mutual Fund,Other,Income,12.5027,02-01-2015,400,0.0,0.0,0.0,0.0,0.0,0.0,0.0,0.0,0.0,,0.03,0.0,12.5,Avoid,avoid,2026-06-29 16:53:01
119886,ING Core Equity Fund - Direct Plan - Growth Option,,ING Mutual Fund,Other,Income,57.91,09-10-2014,436,0.0,0.0,0.0,0.0,0.0,0.0,0.0,0.0,0.0,,19.64,0.0,10.5,Avoid,avoid,2026-06-29 16:53:01
119890,JPMorgan India Short Term Income Fund - Direct Plan -  Growth Option,,JPMorgan Mutual Fund,Other,Income,14.6715,24-11-2016,933,0.0,0.0,0.0,0.0,0.0,0.0,0.0,0.0,0.0,,15.9,0.0,10.8,Avoid,avoid,2026-06-29 16:53:01
119893,BNP Paribas LARGE CAP Fund - Direct Plan - Growth Option,,BNP Paribas Mutual Fund,Large Cap,Equity Scheme - Large Cap Fund,146.7578,13-03-2022,2264,0.0,0.0,0.0,0.0,0.0,0.0,0.0,1.12,0.0,,32.34,20.0,11.6,Avoid,avoid,2026-06-29 16:53:02
119895,Tata Fixed Income Portfolio Fund - Scheme A2 - Direct Plan - Growth,,Tata Mutual Fund,Other,Income,10.3438,02-01-2015,256,0.0,0.0,0.0,0.0,0.0,0.0,0.0,0.0,0.0,,4.44,0.0,12.0,Avoid,avoid,2026-06-29 16:53:01
119894,BNP Paribas LARGE CAP Fund - Direct Plan - Income Distribution cum Capital Withdrawal Option,,BNP Paribas Mutual Fund,Large Cap,Equity Scheme - Large Cap Fund,22.6511,13-03-2022,2264,0.0,0.0,0.0,0.0,0.0,0.0,0.0,1.11,0.0,,37.43,20.0,11.1,Avoid,avoid,2026-06-29 16:53:01
119905,JPMorgan India Liquid Fund - Direct Plan - Growth Option,,JPMorgan Mutual Fund,Debt,Income,20.4484,24-11-2016,1174,0.0,0.0,0.0,0.0,0.0,0.0,0.0,0.0,0.0,,0.23,0.0,12.5,Avoid,avoid,2026-06-29 16:53:02
119899,Tata Fixed Income Portfolio Fund - Scheme A3 - Direct Plan - Growth,,Tata Mutual Fund,Other,Income,15.7798,17-11-2015,448,0.0,0.0,0.0,0.0,0.0,0.0,0.0,0.0,0.0,,0,0.0,12.5,Avoid,avoid,2026-06-29 16:53:01
119909,ING Midcap Fund - Direct Plan - Growth Option,,ING Mutual Fund,Mid Cap,Income,36.84,09-10-2014,436,0.0,0.0,0.0,0.0,0.0,0.0,0.0,0.0,0.0,,24.74,0.0,9.9,Avoid,avoid,2026-06-29 16:53:02
119912,Tata Fixed Income Portfolio Fund - Scheme B2 - Direct Plan - Growth,,Tata Mutual Fund,Other,Income,12.2929,17-11-2015,556,0.0,0.0,0.0,0.0,0.0,0.0,0.0,0.0,0.0,,0.15,0.0,12.5,Avoid,avoid,2026-06-29 16:53:02
119914,ING Large Cap Equity Fund - Direct Plan - Growth Option,,ING Mutual Fund,Large Cap,Income,10.64,09-10-2014,436,0.0,0.0,0.0,0.0,0.0,0.0,0.0,0.0,0.0,,68.64,0.0,6.2,Avoid,avoid,2026-06-29 16:53:02
119916,ING Tax Savings Fund - Direct Plan - Growth Option,,ING Mutual Fund,ELSS,Income,42.11,09-10-2014,436,0.0,0.0,0.0,0.0,0.0,0.0,0.0,0.0,0.0,,17.1,0.0,10.7,Avoid,avoid,2026-06-29 16:53:02
119843,SBI MULTI ASSET ALLOCATION FUND - DIRECT PLAN - GROWTH,INF200K01TZ3,SBI Mutual Fund,Hybrid,Hybrid Scheme - Multi Asset Allocation,73.9299,25-06-2026,3210,-0.22,6.13,1.28,12.08,11.2,17.13,17.79,14.42,2.95,1.13,17.59,100.0,57.9,Watch,watch,2026-06-29 16:53:07
119921,Tata Fixed Income Portfolio Fund - Scheme B3 - Direct Plan - Growth,,Tata Mutual Fund,Other,Income,15.0868,17-11-2015,390,0.0,0.0,0.0,0.0,0.0,0.0,0.0,0.0,0.0,,0,0.0,12.5,Avoid,avoid,2026-06-29 16:53:02
119926,JPMorgan India Treasury Fund - Direct Plan - Growth Option,,JPMorgan Mutual Fund,Other,Income,19.0247,24-11-2016,934,0.0,0.0,0.0,0.0,0.0,0.0,0.0,0.0,0.0,,8.22,0.0,11.6,Avoid,avoid,2026-06-29 16:53:02
119812,SBI LOW DURATION FUND - DIRECT PLAN - GROWTH,INF200K01VM7,SBI Mutual Fund,Debt,Debt Scheme - Low Duration Fund,3856.201,25-06-2026,3262,0.98,1.68,2.84,5.98,7.16,7.27,7.16,6.43,0.21,0.71,1.3,100.0,33.3,Avoid,avoid,2026-06-29 16:52:46
119816,SBI SHORT TERM DEBT FUND - DIRECT PLAN -GROWTH,INF200K01VE4,SBI Mutual Fund,Debt,Debt Scheme - Short Duration Fund,36.1529,25-06-2026,3262,1.45,2.11,2.64,5.65,7.62,7.52,7.37,6.52,0.44,0.55,2.35,100.0,32.0,Avoid,avoid,2026-06-29 16:52:46
119839,SBI Conservative Hybrid Fund - Direct Plan - Growth,INF200K01TS8,SBI Mutual Fund,Index / ETF,Hybrid Scheme - Conservative Hybrid Fund,83.6617,25-06-2026,3258,1.29,5.12,3.11,5.45,6.58,9.37,10.3,9.42,1.34,0.61,11.88,100.0,35.3,Avoid,avoid,2026-06-29 16:53:04
119835,SBI CONTRA FUND - DIRECT PLAN - GROWTH,INF200K01RA0,SBI Mutual Fund,Thematic,Equity Scheme - Contra Fund,410.2228,25-06-2026,3323,0.57,7.66,-5.31,-3.4,0.31,14.4,18.96,17.62,4.22,0.54,44.74,80.0,43.7,Avoid,avoid,2026-06-29 16:53:07
119828,SBI ULTRA SHORT DURATION FUND - DIRECT PLAN - GROWTH,INF200K01TF5,SBI Mutual Fund,Debt,Debt Scheme - Ultra Short Duration Fund,6464.7877,25-06-2026,3933,0.87,1.64,3.09,6.29,7.04,7.16,7.02,6.31,0.15,0.79,0.95,100.0,34.0,Avoid,avoid,2026-06-29 16:52:47
119827,SBI NIFTY INDEX FUND - DIRECT PLAN - GROWTH,INF200K01TE8,SBI Mutual Fund,Index / ETF,Other Scheme - Index Funds,224.4702,25-06-2026,3325,2.45,8.17,-6.83,-5.37,0.98,8.82,12.11,9.88,4.38,0.17,38.39,80.0,25.0,Avoid,avoid,2026-06-29 16:52:47
119824,SBI MEDIUM DURATION FUND - DIRECT PLAN - GROWTH,INF200K01VB0,SBI Mutual Fund,Debt,Debt Scheme - Medium Duration Fund,58.8912,25-06-2026,3244,1.63,2.84,3.32,6.33,7.92,7.77,7.89,6.87,0.54,0.66,7.45,100.0,33.1,Avoid,avoid,2026-06-29 16:52:46
119821,SBI  SAVINGS FUND - DIRECT PLAN - GROWTH,INF200K01SZ5,SBI Mutual Fund,Debt,Debt Scheme - Money Market Fund,47.3061,25-06-2026,3260,0.95,1.74,3.02,6.19,7.18,7.3,7.2,6.51,0.18,0.86,0.98,100.0,34.7,Avoid,avoid,2026-06-29 16:52:46
119863,Tata Treasury Advantage Fund - Direct Plan - Growth Option,INF277K01OK4,Tata Mutual Fund,Debt,Debt Scheme - Low Duration Fund,4301.8441,25-06-2026,3253,1.04,1.91,3.12,6.26,7.28,7.31,7.14,6.42,0.22,0.8,5.14,100.0,33.9,Avoid,avoid,2026-06-29 16:53:06
119833,SBI OVERNIGHT FUND - DIRECT PLAN - GROWTH,INF200K01TK5,SBI Mutual Fund,Debt,Debt Scheme - Overnight Fund,4433.999,28-06-2026,4565,0.42,1.26,2.54,5.29,5.83,6.14,6.12,5.59,0.02,-3.3,0.11,100.0,21.8,Avoid,avoid,2026-06-29 16:52:47
119861,Tata Liquid Fund- Direct Plan-Growth Option,INF277K01YE6,Tata Mutual Fund,Debt,Debt Scheme - Liquid Fund,4424.5718,28-06-2026,4351,0.6,1.74,3.29,6.33,6.82,6.99,6.85,6.21,0.06,0.83,0.23,100.0,34.2,Avoid,avoid,2026-06-29 16:53:08
119935,ING Liquid Fund - Super Institutional Plan - Direct Plan - Growth Option,,ING Mutual Fund,Debt,Income,20.009,09-10-2014,540,0.0,0.0,0.0,0.0,0.0,0.0,0.0,0.0,0.0,,0.34,0.0,12.5,Avoid,avoid,2026-06-29 16:53:02
119930,Tata Fixed Income Portfolio Fund - Scheme C2 - Direct Plan - Growth,,Tata Mutual Fund,Other,Income,12.2225,17-11-2015,502,0.0,0.0,0.0,0.0,0.0,0.0,0.0,0.0,0.0,,0.06,0.0,12.5,Avoid,avoid,2026-06-29 16:53:02
119936,Tata Fixed Income Portfolio Fund - Scheme C3 - Direct Plan - Growth,,Tata Mutual Fund,Other,Income,11.4828,17-11-2015,261,0.0,0.0,0.0,0.0,0.0,0.0,0.0,0.0,0.0,,0,0.0,12.5,Avoid,avoid,2026-06-29 16:53:02
119939,ING Treasury Advantage Fund - Institutional Plan - Direct Plan - Growth Option,,ING Mutual Fund,Other,Income,18.0711,09-10-2014,424,0.0,0.0,0.0,0.0,0.0,0.0,0.0,0.0,0.0,,0.34,0.0,12.5,Avoid,avoid,2026-06-29 16:53:03
119952,Tata Floating Rate Fund - Long Term Plan - Direct Plan- Growth,,Tata Mutual Fund,Other,Income,2082.3437,17-11-2015,635,0.0,0.0,0.0,0.0,0.0,0.0,0.0,0.0,0.0,,0,0.0,12.5,Avoid,avoid,2026-06-29 16:53:03
119944,Tata Gilt Mid Term Fund - Direct Plan - Growth,,Tata Mutual Fund,Debt,Income,19.3984,01-06-2018,1299,0.0,0.0,0.0,0.0,0.0,0.0,0.0,0.0,0.0,,6.71,0.0,11.8,Avoid,avoid,2026-06-29 16:53:03
119947,DHFL Pramerica Credit Opportunities Fund - Direct Plan- Growth Option,,DHFL Pramerica Mutual Fund,Thematic,Income,1508.1875,03-03-2016,756,0.0,0.0,0.0,0.0,0.0,0.0,0.0,0.0,0.0,,2.86,0.0,12.2,Avoid,avoid,2026-06-29 16:53:03
119949,Tata Short Term Bond Fund - Direct Plan - Growth Option,INF277K01QR4,Tata Mutual Fund,Debt,Debt Scheme - Short Duration Fund,55.9487,25-06-2026,3253,1.31,2.22,2.76,5.36,7.32,7.32,7.28,6.44,0.41,0.42,5.12,100.0,30.3,Avoid,avoid,2026-06-29 16:53:08
119964,ING Income Fund - Regular Plan - Direct Plan - Growth Option,,ING Mutual Fund,Other,Income,33.4381,09-10-2014,424,0.0,0.0,0.0,0.0,0.0,0.0,0.0,0.0,0.0,,8.75,0.0,11.6,Avoid,avoid,2026-06-29 16:53:03
119955,Tata Gilt Short Maturity Fund - Direct Plan - Growth,,Tata Mutual Fund,Debt,Income,25.9497,17-03-2017,988,0.0,0.0,0.0,0.0,0.0,0.0,0.0,0.0,0.0,,3.72,0.0,12.1,Avoid,avoid,2026-06-29 16:53:03
119966,ING Gilt Fund- Provident Fund -Dynamic Plan - Direct Plan - Growth Option,,ING Mutual Fund,Debt,Income,20.0604,09-10-2014,424,0.0,0.0,0.0,0.0,0.0,0.0,0.0,0.0,0.0,,14.03,0.0,11.0,Avoid,avoid,2026-06-29 16:53:03
119969,ING Gilt Fund- Provident Fund -Dynamic Plan - Direct Plan  - Cyclical Series Option 2012,,ING Mutual Fund,Debt,Income,11.2167,25-03-2013,57,0.0,0.0,0.0,0.0,0.0,0.0,0.0,0.0,0.0,,0.6,0.0,12.4,Avoid,avoid,2026-06-29 16:53:03
119974,ING MIP Fund - Direct Plan - Growth Option,,ING Mutual Fund,Other,Income,18.3294,09-10-2014,422,0.0,0.0,0.0,0.0,0.0,0.0,0.0,0.0,0.0,,5.86,0.0,11.9,Avoid,avoid,2026-06-29 16:53:03
119977,Tata MIP Plus Fund - Direct Plan - Growth,,Tata Mutual Fund,Other,Income,25.3754,28-08-2015,636,0.0,0.0,0.0,0.0,0.0,0.0,0.0,0.0,0.0,,7.57,0.0,11.7,Avoid,avoid,2026-06-29 16:53:03
119979,ING Balanced Fund - Direct Plan - Growth Option,,ING Mutual Fund,Hybrid,Income,36.01,09-10-2014,436,0.0,0.0,0.0,0.0,0.0,0.0,0.0,0.0,0.0,,11.12,0.0,11.3,Avoid,avoid,2026-06-29 16:53:04
119981,ING Short Term Income Fund - Direct Plan - Growth Option,,ING Mutual Fund,Other,Income,24.3731,09-10-2014,424,0.0,0.0,0.0,0.0,0.0,0.0,0.0,0.0,0.0,,3.48,0.0,12.1,Avoid,avoid,2026-06-29 16:53:04
119986,BNP Paribas Corporate Bond Fund - Direct Plan - Quarterly Income Distribution cum Capital Withdrawal Option,,BNP Paribas Mutual Fund,Debt,Debt Scheme - Corporate Bond Fund,10.5851,13-03-2022,2219,0.0,0.0,0.0,0.0,0.0,0.0,0.0,-0.2,0.0,,13.21,0.0,11.1,Avoid,avoid,2026-06-29 16:53:13
119983,BNP Paribas Corporate Bond Fund - Direct Plan - Annual Income Distribution cum Capital Withdrawal Option,,BNP Paribas Mutual Fund,Debt,Debt Scheme - Corporate Bond Fund,11.3011,13-03-2022,2219,0.0,0.0,0.0,0.0,0.0,0.0,0.0,0.4,0.0,,20.9,20.0,12.8,Avoid,avoid,2026-06-29 16:53:13
119985,BNP Paribas Corporate Bond Fund - Direct Plan - Monthly Income Distribution cum Capital Withdrawal Option,,BNP Paribas Mutual Fund,Debt,Debt Scheme - Corporate Bond Fund,10.2642,13-03-2022,2219,0.0,0.0,0.0,0.0,0.0,0.0,0.0,-0.37,0.0,,17.41,0.0,10.7,Avoid,avoid,2026-06-29 16:53:13
119984,BNP Paribas Corporate Bond Fund - Direct Plan - Growth Option,,BNP Paribas Mutual Fund,Debt,Debt Scheme - Corporate Bond Fund,23.3944,13-03-2022,2219,0.0,0.0,0.0,0.0,0.0,0.0,0.0,0.41,0.0,,10.84,20.0,13.9,Avoid,avoid,2026-06-29 16:53:13
119987,BNP Paribas MULTI CAP Fund - Direct Plan - Income Distribution cum Capital Withdrawal Option,,BNP Paribas Mutual Fund,Multi Cap,Equity Scheme - Multi Cap Fund,23.025,13-03-2022,2264,0.0,0.0,0.0,0.0,0.0,0.0,0.0,1.22,0.0,,47.04,20.0,10.1,Avoid,avoid,2026-06-29 16:53:13
119953,Tata Gilt Securities Fund- Direct Plan - Growth Option,INF277K01OX7,Tata Mutual Fund,Debt,Debt Scheme - Gilt Fund,90.6607,25-06-2026,3250,3.35,5.67,2.72,3.46,6.58,7.06,7.43,6.37,1.81,0.06,10.37,100.0,25.6,Avoid,avoid,2026-06-29 16:53:08
119960,Tata Equity Savings Fund- Direct Plan- Growth Option,INF277K01QH5,Tata Mutual Fund,Hybrid,Hybrid Scheme - Equity Savings,63.7493,20-02-2026,3214,0.0,0.0,-0.09,2.39,5.0,8.89,9.4,8.37,0.49,0.6,13.85,100.0,33.5,Avoid,avoid,2026-06-29 16:53:07
119989,ING Asset Allocator Multi-Manager FoF Scheme - Direct Plan - Growth Option,,ING Mutual Fund,Hybrid,Income,17.0724,23-05-2014,333,0.0,0.0,0.0,0.0,0.0,0.0,0.0,0.0,0.0,,15.43,0.0,10.9,Avoid,avoid,2026-06-29 16:53:13
119998,ING Active Debt Multi-Manager FoF Scheme - Direct Plan - Growth Option,,ING Mutual Fund,Debt,Income,17.671,09-10-2014,424,0.0,0.0,0.0,0.0,0.0,0.0,0.0,0.0,0.0,,9.23,0.0,11.5,Avoid,avoid,2026-06-29 16:53:13
119991,BNP Paribas Flexi Debt Fund - Direct Plan - Daily Income Distribution cum Capital Withdrawal Option,,BNP Paribas Mutual Fund,Debt,Debt Scheme - Dynamic Bond,10.0858,13-03-2022,2219,0.0,0.0,0.0,0.0,0.0,0.0,0.0,0.05,0.0,,5.5,20.0,14.4,Avoid,avoid,2026-06-29 16:53:13
119996,BNP Paribas Flexi Debt Fund - Direct Plan - Weekly Income Distribution cum Capital Withdrawal Option,,BNP Paribas Mutual Fund,Debt,Debt Scheme - Dynamic Bond,10.0563,13-03-2022,2219,0.0,0.0,0.0,0.0,0.0,0.0,0.0,0.04,0.0,,7.05,20.0,14.3,Avoid,avoid,2026-06-29 16:53:13
119993,BNP Paribas Flexi Debt Fund - Direct Plan - Half Yearly Income Distribution cum Capital Withdrawal Option,,BNP Paribas Mutual Fund,Debt,Debt Scheme - Dynamic Bond,10.0,13-03-2022,2219,0.0,0.0,0.0,0.0,0.0,0.0,0.0,0.0,0.0,,8.46,0.0,11.6,Avoid,avoid,2026-06-29 16:53:13
119988,BNP Paribas MULTI CAP Fund - Direct Plan - Growth Option,,BNP Paribas Mutual Fund,Multi Cap,Equity Scheme - Multi Cap Fund,83.9294,13-03-2022,2264,0.0,0.0,0.0,0.0,0.0,0.0,0.0,1.7,0.0,,36.18,20.0,11.2,Avoid,avoid,2026-06-29 16:53:13
119992,BNP Paribas Flexi Debt Fund - Direct Plan - Growth Option,,BNP Paribas Mutual Fund,Debt,Debt Scheme - Dynamic Bond,39.7255,13-03-2022,2219,0.0,0.0,0.0,0.0,0.0,0.0,0.0,0.55,0.0,,5.86,20.0,14.4,Avoid,avoid,2026-06-29 16:53:13
119994,BNP Paribas Flexi Debt Fund - Direct Plan - Monthly Income Distribution cum Capital Withdrawal Option,,BNP Paribas Mutual Fund,Debt,Debt Scheme - Dynamic Bond,10.2411,13-03-2022,2219,0.0,0.0,0.0,0.0,0.0,0.0,0.0,0.25,0.0,,8.55,20.0,14.1,Avoid,avoid,2026-06-29 16:53:13
119995,BNP Paribas Flexi Debt Fund - Direct Plan - Quarterly Income Distribution cum Capital Withdrawal Option,,BNP Paribas Mutual Fund,Debt,Debt Scheme - Dynamic Bond,10.3016,13-03-2022,2219,0.0,0.0,0.0,0.0,0.0,0.0,0.0,-0.28,0.0,,10.13,0.0,11.4,Avoid,avoid,2026-06-29 16:53:13
120003,ING Income Growth Multi Manager FoF Scheme - 15% Equity Plan -  Direct Plan - Option A - Growth Option,,ING Mutual Fund,Fund of Funds,Income,14.8275,23-05-2014,333,0.0,0.0,0.0,0.0,0.0,0.0,0.0,0.0,0.0,,10.17,0.0,11.4,Avoid,avoid,2026-06-29 16:53:14
120000,BNP Paribas Income And Gold Fund - Direct Plan - Growth Option,,BNP Paribas Mutual Fund,Gold,Income,11.2223,30-10-2015,679,0.0,0.0,0.0,0.0,0.0,0.0,0.0,0.0,0.0,,3.85,0.0,12.1,Avoid,avoid,2026-06-29 16:53:13
120005,ING 5 Star Multi Manager FoF Scheme - Direct Plan - Growth Option,,ING Mutual Fund,Fund of Funds,Income,24.0069,09-10-2014,428,0.0,0.0,0.0,0.0,0.0,0.0,0.0,0.0,0.0,,21.01,0.0,10.3,Avoid,avoid,2026-06-29 16:53:14
120001,BNP Paribas Mid Cap Fund - Direct Plan - Income Distribution cum Capital Withdrawal Option,,BNP Paribas Mutual Fund,Mid Cap,Equity Scheme - Mid Cap Fund,52.9982,13-03-2022,2264,0.0,0.0,0.0,0.0,0.0,0.0,0.0,1.28,0.0,,39.59,20.0,10.9,Avoid,avoid,2026-06-29 16:53:14
120007,BNP Paribas LOW DURATION Fund - Direct Plan - Daily Income Distribution cum Capital Withdrawal Option,,BNP Paribas Mutual Fund,Debt,Debt Scheme - Low Duration Fund,10.0859,13-03-2022,2219,0.0,0.0,0.0,0.0,0.0,0.0,0.0,0.0,0.0,,5.95,20.0,14.4,Avoid,avoid,2026-06-29 16:53:14
120002,BNP Paribas Mid Cap Fund - Direct Plan - Growth Option,,BNP Paribas Mutual Fund,Mid Cap,Equity Scheme - Mid Cap Fund,63.1554,13-03-2022,2264,0.0,0.0,0.0,0.0,0.0,0.0,0.0,1.28,0.0,,35.55,20.0,11.3,Avoid,avoid,2026-06-29 16:53:14
120008,BNP Paribas LOW DURATION Fund - Direct Plan - Growth Option,,BNP Paribas Mutual Fund,Debt,Debt Scheme - Low Duration Fund,35.0507,13-03-2022,2219,0.0,0.0,0.0,0.0,0.0,0.0,0.0,0.56,0.0,,5.9,20.0,14.4,Avoid,avoid,2026-06-29 16:53:14
120013,ING Global Commodities Fund - Direct plan - Growth Option,,ING Mutual Fund,International,Income,13.1456,09-10-2014,406,0.0,0.0,0.0,0.0,0.0,0.0,0.0,0.0,0.0,,18.99,0.0,10.5,Avoid,avoid,2026-06-29 16:53:14
120016,ING Multi Manager Equity Fund - Direct Plan - Option A -  Growth  Option,,ING Mutual Fund,Other,Income,14.43,09-10-2014,436,0.0,0.0,0.0,0.0,0.0,0.0,0.0,0.0,0.0,,19.61,0.0,10.5,Avoid,avoid,2026-06-29 16:53:14
120009,BNP Paribas LOW DURATION Fund - Direct Plan - Monthly Income Distribution cum Capital Withdrawal Option,,BNP Paribas Mutual Fund,Debt,Debt Scheme - Low Duration Fund,10.0569,13-03-2022,2219,0.0,0.0,0.0,0.0,0.0,0.0,0.0,0.11,0.0,,6.84,20.0,14.3,Avoid,avoid,2026-06-29 16:53:14
120010,BNP Paribas LOW DURATION Fund - Direct Plan - Weekly Income Distribution cum Capital Withdrawal Option,,BNP Paribas Mutual Fund,Debt,Debt Scheme - Low Duration Fund,10.0133,13-03-2022,2219,0.0,0.0,0.0,0.0,0.0,0.0,0.0,-0.01,0.0,,6.32,0.0,11.8,Avoid,avoid,2026-06-29 16:53:14
120019,ING Latin America Equity Fund - Direct Plan - Growth Option,,ING Mutual Fund,Other,Income,10.8,09-10-2014,429,0.0,0.0,0.0,0.0,0.0,0.0,0.0,0.0,0.0,,19.41,0.0,10.5,Avoid,avoid,2026-06-29 16:53:14
120017,ING Global Real Estate Fund - Retail Plan - Direct Plan - Growth Option,,ING Mutual Fund,International,Income,15.96,09-10-2014,423,0.0,0.0,0.0,0.0,0.0,0.0,0.0,0.0,0.0,,7.82,0.0,11.7,Avoid,avoid,2026-06-29 16:53:14
120022,ING Financial Planning Fund - Conservative Plan - Direct Plan - Growth Option,,ING Mutual Fund,Index / ETF,Income,13.4947,09-10-2014,424,0.0,0.0,0.0,0.0,0.0,0.0,0.0,0.0,0.0,,3.15,0.0,12.2,Avoid,avoid,2026-06-29 16:53:14
120024,ING Financial Planning Fund - Prudent Plan - Direct Plan - Growth Option,,ING Mutual Fund,Other,Income,14.1329,09-10-2014,424,0.0,0.0,0.0,0.0,0.0,0.0,0.0,0.0,0.0,,6.99,0.0,11.8,Avoid,avoid,2026-06-29 16:53:14
120025,ING Financial Planning Fund - Aggressive Plan - Direct Plan - Growth Option,,ING Mutual Fund,Other,Income,15.0278,09-10-2014,424,0.0,0.0,0.0,0.0,0.0,0.0,0.0,0.0,0.0,,13.33,0.0,11.1,Avoid,avoid,2026-06-29 16:53:14
120027,ING Financial Planning Fund - Cautious Plan - Direct Plan - Growth Option,,ING Mutual Fund,Other,Income,13.248,08-10-2014,423,0.0,0.0,0.0,0.0,0.0,0.0,0.0,0.0,0.0,,1.88,0.0,12.3,Avoid,avoid,2026-06-29 16:53:15
120032,ING Income Growth Multi Manager FoF Scheme - 30% Equity Plan -Direct Plan - Option A -  Growth Option,,ING Mutual Fund,Fund of Funds,Income,15.271,18-03-2014,293,0.0,0.0,0.0,0.0,0.0,0.0,0.0,0.0,0.0,,11.2,0.0,11.3,Avoid,avoid,2026-06-29 16:53:15
120030,HSBC Large Cap Fund - Direct Growth,INF336L01CM7,HSBC Mutual Fund,Large Cap,Equity Scheme - Large Cap Fund,528.2746,25-06-2026,3316,3.86,9.49,-3.46,-0.56,2.27,11.86,14.96,11.25,4.33,0.38,36.05,60.0,30.9,Avoid,avoid,2026-06-29 16:53:19
120034,HSBC Infrastructure Equity Fund - Growth Direct,,HSBC Mutual Fund,Sectoral,Equity Scheme - Sectoral/ Thematic,30.6449,25-11-2022,2436,0.0,0.0,0.0,0.0,0.0,0.0,4.96,4.78,0.0,,66.54,40.0,11.2,Avoid,avoid,2026-06-29 16:53:15
120042,HSBC Dynamic Asset Allocation Fund-Growth Direct,,HSBC Mutual Fund,Hybrid,Hybrid Scheme - Dynamic Asset Allocation or Balanced Advantage,18.4023,28-12-2018,1465,0.0,0.0,0.0,0.0,0.0,0.0,0.0,0.0,0.0,,15.71,0.0,10.9,Avoid,avoid,2026-06-29 16:53:15
120035,HSBC Brazil Fund - Growth Direct,INF336L01BY4,HSBC Mutual Fund,International,Other Scheme - FoF Overseas,10.8807,25-06-2026,3052,-3.65,-6.23,13.1,33.92,23.9,11.13,14.8,4.55,7.36,0.3,65.08,60.0,36.5,Avoid,avoid,2026-06-29 16:53:21
120048,HSBC Flexi Debt Fund - Growth Direct,,HSBC Mutual Fund,Debt,Debt Scheme - Dynamic Bond,31.3835,25-11-2022,2378,0.0,0.0,0.0,0.0,0.0,0.0,0.66,0.71,0.0,,6.96,40.0,16.8,Avoid,avoid,2026-06-29 16:53:15
120043,HSBC Global Emerging Market Fund - Growth Direct,INF336L01CJ3,HSBC Mutual Fund,International,Other Scheme - FoF Overseas,39.3784,25-06-2026,2995,-1.65,26.85,36.47,68.39,38.36,29.4,21.38,12.12,6.6,1.07,34.59,80.0,72.7,Watch,watch,2026-06-29 16:53:21
120046,HSBC Flexi Cap Fund - Direct Growth,INF336L01DH5,HSBC Mutual Fund,Multi Cap,Equity Scheme - Flexi Cap Fund,254.2329,25-06-2026,3316,1.68,17.88,3.26,2.56,4.73,17.53,19.76,14.92,5.39,0.64,39.79,80.0,46.2,Avoid,avoid,2026-06-29 16:53:21
120038,HSBC Liquid Fund -  Growth Direct,INF336L01CC8,HSBC Mutual Fund,Debt,Debt Scheme - Liquid Fund,2792.9556,28-06-2026,3971,0.62,1.77,3.29,6.31,6.8,6.98,6.87,6.22,0.07,0.77,0.27,100.0,33.7,Avoid,avoid,2026-06-29 16:53:21
120057,HSBC Gilt Fund - Growth Direct,,HSBC Mutual Fund,Debt,Income,18.7551,01-12-2015,608,0.0,0.0,0.0,0.0,0.0,0.0,0.0,0.0,0.0,,8.68,0.0,11.6,Avoid,avoid,2026-06-29 16:53:15
120098,DHFL Pramerica Dynamic Monthly Income Fund - Direct Plan-Growth Option,,DHFL Pramerica Mutual Fund,Other,Income,13.7683,03-03-2016,761,0.0,0.0,0.0,0.0,0.0,0.0,0.0,0.0,0.0,,6.85,0.0,11.8,Avoid,avoid,2026-06-29 16:53:29
120054,HSBC Floating Rate Fund - Long Term Plan - Growth Direct,,HSBC Mutual Fund,Other,Income,24.0876,24-05-2016,811,0.0,0.0,0.0,0.0,0.0,0.0,0.0,0.0,0.0,,0.21,0.0,12.5,Avoid,avoid,2026-06-29 16:53:15
120072,HSBC MIP-Regular Plan-Growth Direct,,HSBC Mutual Fund,Other,Income,27.8294,07-10-2016,904,0.0,0.0,0.0,0.0,0.0,0.0,0.0,0.0,0.0,,7.07,0.0,11.8,Avoid,avoid,2026-06-29 16:53:15
120077,HSBC - Small Cap Fund - Growth Direct,,HSBC Mutual Fund,Small Cap,Income,12.7765,25-04-2014,324,0.0,0.0,0.0,0.0,0.0,0.0,0.0,0.0,0.0,,35.32,0.0,8.8,Avoid,avoid,2026-06-29 16:53:16
120088,DHFL Pramerica Dynamic Asset Allocation Fund - Direct Plan-Growth Option,,DHFL Pramerica Mutual Fund,Other,Income,11.97,03-03-2016,779,0.0,0.0,0.0,0.0,0.0,0.0,0.0,0.0,0.0,,15.24,0.0,10.9,Avoid,avoid,2026-06-29 16:53:29
120082,BNP Paribas Conservative Hybrid Fund - Direct Plan - Growth Option,,BNP Paribas Mutual Fund,Index / ETF,Hybrid Scheme - Conservative Hybrid Fund,39.9835,13-03-2022,2219,0.0,0.0,0.0,0.0,0.0,0.0,0.0,0.7,0.0,,8.23,20.0,14.1,Avoid,avoid,2026-06-29 16:53:29
120062,HSBC Short Duration Fund - Growth Direct,,HSBC Mutual Fund,Debt,Debt Scheme - Short Duration Fund,35.6582,25-11-2022,2385,0.0,0.0,0.0,0.0,0.0,0.0,0.56,0.99,0.0,,10.15,40.0,16.4,Avoid,avoid,2026-06-29 16:53:15
120083,BNP Paribas Conservative Hybrid Fund - Direct Plan - Monthly Income Distribution cum Capital Withdrawal Option,,BNP Paribas Mutual Fund,Index / ETF,Hybrid Scheme - Conservative Hybrid Fund,12.3237,13-03-2022,2219,0.0,0.0,0.0,0.0,0.0,0.0,0.0,-0.12,0.0,,10.47,0.0,11.4,Avoid,avoid,2026-06-29 16:53:29
120066,HSBC Low Duration Fund - Growth Direct,,HSBC Mutual Fund,Debt,Debt Scheme - Low Duration Fund,18.3965,25-11-2022,2334,0.0,0.0,0.0,0.0,0.0,0.0,0.56,1.12,0.0,,12.88,40.0,16.2,Avoid,avoid,2026-06-29 16:53:15
120069,HSBC Small Cap Equity Fund - Growth Direct,,HSBC Mutual Fund,Small Cap,Equity Scheme - Small Cap Fund,90.7368,25-11-2022,2436,0.0,0.0,0.0,0.0,0.0,0.0,3.8,2.05,0.0,,56.01,20.0,9.2,Avoid,avoid,2026-06-29 16:53:16
120079,HSBC Tax Saver Equity Fund - Growth Direct,INF336L01EE0,HSBC Mutual Fund,ELSS,Equity Scheme - ELSS,101.2359,23-01-2026,3214,0.0,0.0,-5.29,-6.21,3.21,15.18,16.85,13.58,1.91,0.6,37.88,80.0,43.3,Avoid,avoid,2026-06-29 16:53:21
120059,HSBC Medium to Long Duration Fund - Direct Growth,INF336L01DE2,HSBC Mutual Fund,Debt,Debt Scheme - Medium to Long Duration Fund,48.7234,25-06-2026,3249,2.1,2.87,2.2,3.66,6.42,6.75,6.89,5.63,0.82,-0.01,8.84,100.0,25.3,Avoid,avoid,2026-06-29 16:53:21
120073,HSBC Conservative Hybrid Fund - Direct Growth,INF336L01DW4,HSBC Mutual Fund,Index / ETF,Hybrid Scheme - Conservative Hybrid Fund,71.9578,25-06-2026,3246,2.09,6.26,4.56,5.06,6.68,9.98,10.51,8.79,1.5,0.61,10.38,100.0,35.4,Avoid,avoid,2026-06-29 16:53:21
120084,PGIM India Dynamic Bond Fund - Direct Plan-Growth Option,INF663L01AD7,PGIM India Mutual Fund,Debt,Debt Scheme - Dynamic Bond,3108.8578,25-06-2026,3253,1.81,2.75,2.35,4.02,6.68,7.43,7.34,6.48,0.79,0.24,4.13,100.0,28.7,Avoid,avoid,2026-06-29 16:53:30
120135,BNP Paribas Short Term Fund - Direct Plan - Daily Income Distribution cum Capital Withdrawal Option,,BNP Paribas Mutual Fund,Debt,Debt Scheme - Short Duration Fund,10.0313,13-03-2022,2219,0.0,0.0,0.0,0.0,0.0,0.0,0.0,0.07,0.0,,5.03,20.0,14.5,Avoid,avoid,2026-06-29 16:53:30
120150,Reliance Fixed Horizon Fund - XXII - Series 39 - Direct Plan - Growth Option,,Reliance Mutual Fund,Other,Income,11.1433,30-04-2014,305,0.0,0.0,0.0,0.0,0.0,0.0,0.0,0.0,0.0,,1.27,0.0,12.4,Avoid,avoid,2026-06-29 16:53:30
120181,IDFC FTP SERIES - 7 - Direct Plan - Growth,,IDFC Mutual Fund,Other,Income,10.8667,16-01-2014,243,0.0,0.0,0.0,0.0,0.0,0.0,0.0,0.0,0.0,,1.04,0.0,12.4,Avoid,avoid,2026-06-29 16:53:30
120146,BNP Paribas Long Term Equity Fund - Direct Plan - Income Distribution cum Capital Withdrawal Option,,BNP Paribas Mutual Fund,ELSS,Equity Scheme - ELSS,22.7955,13-03-2022,2264,0.0,0.0,0.0,0.0,0.0,0.0,0.0,0.58,0.0,,36.43,20.0,11.2,Avoid,avoid,2026-06-29 16:53:30
120160,Kotak Multi Asset Allocation Fund-Growth - Direct,,Kotak Mahindra Mutual Fund,Hybrid,Half Yearly Dividend,18.07151,11-10-2017,1147,0.0,0.0,0.0,0.0,0.0,0.0,0.0,0.0,0.0,,7.88,0.0,11.7,Avoid,avoid,2026-06-29 16:53:30
120147,BNP Paribas Long Term Equity Fund - Direct Plan - Growth Option,,BNP Paribas Mutual Fund,ELSS,Equity Scheme - ELSS,60.6707,13-03-2022,2264,0.0,0.0,0.0,0.0,0.0,0.0,0.0,0.59,0.0,,31.59,20.0,11.7,Avoid,avoid,2026-06-29 16:53:30
120246,Sahara Income Fund-Growth-Direct,,Sahara Mutual Fund,Other,Income,27.6932,14-12-2015,709,0.0,0.0,0.0,0.0,0.0,0.0,0.0,0.0,0.0,,0.24,0.0,12.5,Avoid,avoid,2026-06-29 16:53:31
120137,SBI CONSTANT MATURITY 10 YEAR GILT FUND - DIRECT PLAN - GROWTH,INF200K01SK7,SBI Mutual Fund,Debt,Debt Scheme - Gilt Fund with 10 year constant duration,69.1756,25-06-2026,3261,2.09,3.44,2.47,4.03,7.23,7.32,7.81,6.21,0.98,0.18,4.46,100.0,27.9,Avoid,avoid,2026-06-29 16:53:36
120262,Sahara Liquid Fund-Fixed Pricing - Direct -Growth option,,Sahara Mutual Fund,Debt,Liquid,3024.287,27-03-2020,2555,0.0,0.0,0.0,0.0,0.0,0.0,0.0,0.0,0.0,,0.23,0.0,12.5,Avoid,avoid,2026-06-29 16:53:51
120186,ICICI Prudential US Bluechip Equity Fund - Direct Plan -  Growth,INF109K01Z71,ICICI Prudential Mutual Fund,Large Cap,Equity Scheme - Sectoral/ Thematic,81.75,25-06-2026,3207,-3.59,4.35,0.11,16.95,13.36,12.44,16.92,11.0,2.75,0.38,24.65,80.0,41.4,Avoid,avoid,2026-06-29 16:53:42
120158,Kotak Large & Midcap Fund - Direct- Growth,INF174K01LF9,Kotak Mahindra Mutual Fund,Mid Cap,Equity Scheme - Large & Mid Cap Fund,404.072,25-06-2026,3315,3.34,11.88,0.14,2.2,3.26,16.38,19.5,15.61,4.76,0.65,36.03,100.0,47.9,Avoid,avoid,2026-06-29 16:53:42
120154,Kotak Debt Hybrid - Growth - Direct,INF174K01JZ1,Kotak Mahindra Mutual Fund,Debt,Hybrid Scheme - Conservative Hybrid Fund,69.562,25-06-2026,3232,2.24,4.37,0.8,2.97,5.59,9.57,10.68,9.54,1.61,0.52,11.8,100.0,34.6,Avoid,avoid,2026-06-29 16:53:41
120152,Kotak Large Cap  Fund - Growth - Direct,INF174K01KW6,Kotak Mahindra Mutual Fund,Large Cap,Equity Scheme - Large Cap Fund,653.534,25-06-2026,3315,2.89,9.52,-4.34,-2.44,2.53,12.39,15.03,11.82,4.39,0.42,36.94,60.0,32.4,Avoid,avoid,2026-06-29 16:53:41
120164,Kotak-Small Cap Fund - Growth - Direct,INF174K01KT2,Kotak Mahindra Mutual Fund,Small Cap,Equity Scheme - Small Cap Fund,312.959,25-06-2026,3316,4.08,21.34,6.89,0.47,0.95,14.05,17.05,14.88,5.72,0.44,40.61,100.0,41.0,Avoid,avoid,2026-06-29 16:53:42
120211,ICICI Prudential Money Market Fund Option - Direct Plan -  Growth,INF109K01R14,ICICI Prudential Mutual Fund,Debt,Debt Scheme - Money Market Fund,408.9923,25-06-2026,3581,0.96,1.75,3.09,6.28,7.26,7.35,7.24,6.53,0.18,0.92,1.23,100.0,35.3,Avoid,avoid,2026-06-29 16:53:43
120166,Kotak Flexicap Fund - Growth - Direct,INF174K01LS2,Kotak Mahindra Mutual Fund,Multi Cap,Equity Scheme - Flexi Cap Fund,96.521,25-06-2026,3313,2.08,11.15,-1.25,-1.36,3.15,14.24,16.91,12.86,4.61,0.52,37.31,60.0,36.9,Avoid,avoid,2026-06-29 16:53:42
120251,ICICI Prudential Equity & Debt Fund - Direct Plan - Growth,INF109K01Y07,ICICI Prudential Mutual Fund,Debt,Hybrid Scheme - Aggressive Hybrid Fund,451.96,25-06-2026,3316,2.7,8.16,-0.59,2.99,6.9,16.57,17.89,17.47,3.32,0.93,30.7,100.0,53.6,Avoid,avoid,2026-06-29 16:53:43
120242,ICICI Prudential Multi Sector Passive FOF - Direct Plan - Growth,INF109K01W58,ICICI Prudential Mutual Fund,Fund of Funds,Other Scheme - FoF Domestic,176.385,25-06-2026,3316,1.68,12.02,-0.78,1.81,5.7,14.58,17.62,13.68,4.63,0.59,34.88,80.0,41.0,Avoid,avoid,2026-06-29 16:53:43
120256,ICICI Prudential Banking and PSU Debt Fund - Direct Plan -  Growth,INF109K010A6,ICICI Prudential Mutual Fund,Debt,Debt Scheme - Banking and PSU Fund,36.2428,25-06-2026,3204,1.71,2.53,2.9,6.04,7.55,7.61,7.67,6.85,0.51,0.58,2.88,100.0,32.5,Avoid,avoid,2026-06-29 16:53:43
120244,ICICI Prudential Banking and Financial Services Fund - Direct Plan -  Growth,INF109K013J1,ICICI Prudential Mutual Fund,Sectoral,Equity Scheme - Sectoral/ Thematic,150.69,25-06-2026,3316,5.32,14.1,-2.97,-2.15,6.49,11.55,16.37,11.52,5.44,0.37,47.76,60.0,28.9,Avoid,avoid,2026-06-29 16:53:43
120261,LIC MF Aggressive Hybrid Fund-Direct Plan-Growth,INF767K01ED0,LIC Mutual Fund,Hybrid,Hybrid Scheme - Aggressive Hybrid Fund,225.8421,25-06-2026,3304,2.69,11.26,-1.12,-0.57,3.55,11.67,13.26,9.86,3.94,0.41,28.16,60.0,30.3,Avoid,avoid,2026-06-29 16:53:43
120197,ICICI Prudential Liquid Fund - Direct Plan - Growth,INF109K01Q49,ICICI Prudential Mutual Fund,Debt,Debt Scheme - Liquid Fund,414.7842,28-06-2026,4243,0.61,1.76,3.29,6.3,6.78,6.96,6.84,6.19,0.07,0.69,0.16,100.0,33.1,Avoid,avoid,2026-06-29 16:53:43
120249,LIC MF Liquid Fund-Direct Plan-Growth,INF767K01DN1,LIC Mutual Fund,Debt,Debt Scheme - Liquid Fund,5088.701,28-06-2026,4239,0.61,1.77,3.3,6.32,6.78,6.96,6.84,6.2,0.07,0.7,0.16,100.0,33.1,Avoid,avoid,2026-06-29 16:53:43
120300,ICICI Prudential Blended Plan B - Direct Plan -  Growth Option - I,,ICICI Prudential Mutual Fund,Other,Income,24.0808,07-10-2016,904,0.0,0.0,0.0,0.0,0.0,0.0,0.0,0.0,0.0,,4.99,0.0,12.0,Avoid,avoid,2026-06-29 16:54:06
120284,Sahara Gilt Fund-Growth - Direct,,Sahara Mutual Fund,Debt,Income,24.5108,14-12-2015,709,0.0,0.0,0.0,0.0,0.0,0.0,0.0,0.0,0.0,,0,0.0,12.5,Avoid,avoid,2026-06-29 16:53:51
120294,Religare Invesco AGILE Fund - Direct Plan - Growth Option,,Invesco Mutual Fund,Other,Income,9.5399,24-09-2015,672,0.0,0.0,0.0,0.0,0.0,0.0,0.0,0.0,0.0,,15.5,0.0,10.9,Avoid,avoid,2026-06-29 16:54:06
120289,Sahara Growth Fund-Growth- Direct,,Sahara Mutual Fund,Other,Growth,120.2339,27-03-2020,1779,0.0,0.0,0.0,0.0,0.0,0.0,0.0,0.0,0.0,,35.3,0.0,8.8,Avoid,avoid,2026-06-29 16:53:51
120291,SaharaTax Gain-Growth- direct,,Sahara Mutual Fund,ELSS,ELSS,56.7813,03-04-2020,1783,0.0,0.0,0.0,0.0,0.0,0.0,0.0,0.0,0.0,,35.04,0.0,8.8,Avoid,avoid,2026-06-29 16:54:06
120297,Sahara Midcap Fund-Growth Option - Direct,,Sahara Mutual Fund,Mid Cap,Growth,67.0164,03-04-2020,1783,0.0,0.0,0.0,0.0,0.0,0.0,0.0,0.0,0.0,,32.01,0.0,9.2,Avoid,avoid,2026-06-29 16:54:06
120280,Sahara Liquid Fund-Variable Pricing -Direct - Growth option,,Sahara Mutual Fund,Debt,Liquid,3348.2894,27-03-2020,2554,0.0,0.0,0.0,0.0,0.0,0.0,0.0,0.0,0.0,,0.23,0.0,12.5,Avoid,avoid,2026-06-29 16:53:51
120306,LIC  MF Index Fund-Sensex Advantage-Direct Plan Growth Option,,LIC Mutual Fund,Index / ETF,Income,52.6027,07-08-2015,629,0.0,0.0,0.0,0.0,0.0,0.0,0.0,0.0,0.0,,11.34,0.0,11.3,Avoid,avoid,2026-06-29 16:54:06
120310,ICICI Prudential Blended Plan A-Direct Plan -  Growth,,ICICI Prudential Mutual Fund,Other,FV Rs 32.161,23.0933,22-04-2016,803,0.0,0.0,0.0,0.0,0.0,0.0,0.0,0.0,0.0,,0.25,0.0,12.5,Avoid,avoid,2026-06-29 16:54:06
120320,LIC NOMURA MF Floating Rate Fund - Short Term Plan - Direct Plan Growth option,,LIC Mutual Fund,Other,Income,20.113,03-03-2014,284,0.0,0.0,0.0,0.0,0.0,0.0,0.0,0.0,0.0,,0.05,0.0,12.5,Avoid,avoid,2026-06-29 16:54:06
120321,LIC NOMURA MF Floating Rate Fund - Short Term Plan - Direct Plan Daily Weekly Option,,LIC Mutual Fund,Other,Income,10.1522,03-03-2014,279,0.0,0.0,0.0,0.0,0.0,0.0,0.0,0.0,0.0,,1.98,0.0,12.3,Avoid,avoid,2026-06-29 16:54:06
120324,LIC NOMURA MF Floater MIP - Direct Plan-Growth Option,,LIC Mutual Fund,Debt,Income,20.2379,31-10-2013,203,0.0,0.0,0.0,0.0,0.0,0.0,0.0,0.0,0.0,,5.48,0.0,11.9,Avoid,avoid,2026-06-29 16:54:06
120325,LIC NOMURA MF Floater MIP - Direct Plan-Monthly Option,,LIC Mutual Fund,Debt,Income,10.4383,31-10-2013,48,0.0,0.0,0.0,0.0,0.0,0.0,0.0,0.0,0.0,,0.81,0.0,12.4,Avoid,avoid,2026-06-29 16:54:06
120329,LIC NOMURA MF Opportunities Fund-Direct Plan Growth option,,LIC Mutual Fund,Thematic,Income,18.6622,06-05-2013,81,0.0,0.0,0.0,0.0,0.0,0.0,0.0,0.0,0.0,,9.28,0.0,11.5,Avoid,avoid,2026-06-29 16:54:06
120331,LIC NOMURA MF INDIA VISION FUND - Direct Plan GROWTH OPTION,,LIC Mutual Fund,Other,Income,9.0402,06-05-2013,81,0.0,0.0,0.0,0.0,0.0,0.0,0.0,0.0,0.0,,10.47,0.0,11.4,Avoid,avoid,2026-06-29 16:54:06
120267,LIC MF Large Cap Fund-Direct Plan-Growth,INF767K01EJ7,LIC Mutual Fund,Large Cap,Equity Scheme - Large Cap Fund,61.1626,25-06-2026,3306,3.7,10.45,-5.92,-5.9,0.17,9.22,11.7,9.01,4.6,0.2,33.09,60.0,23.3,Avoid,avoid,2026-06-29 16:53:55
120264,LIC MF Flexi Cap Fund-Direct Plan-Growth,INF767K01EG3,LIC Mutual Fund,Multi Cap,Equity Scheme - Flexi Cap Fund,113.6388,25-06-2026,3306,5.32,17.98,1.26,6.42,2.54,13.06,15.8,11.54,4.68,0.42,34.2,60.0,33.9,Avoid,avoid,2026-06-29 16:53:57
120282,LIC MF Gilt Fund-Direct Plan-Growth,INF767K01EZ3,LIC Mutual Fund,Debt,Debt Scheme - Gilt Fund,66.9574,25-06-2026,3253,2.99,5.21,2.36,2.54,4.96,5.93,6.09,5.21,1.74,-0.17,7.38,100.0,22.3,Avoid,avoid,2026-06-29 16:53:57
120299,UTI MMF - Direct Plan - Growth Option,INF789F01XV6,UTI Mutual Fund,Debt,Debt Scheme - Money Market Fund,3323.3044,25-06-2026,3920,0.94,1.76,3.08,6.28,7.26,7.36,7.25,6.57,0.18,0.97,0.76,100.0,35.8,Avoid,avoid,2026-06-29 16:54:16
120279,LIC MF Medium to Long Duration Fund-Direct Plan-Growth,INF767K01EW0,LIC Mutual Fund,Debt,Debt Scheme - Medium to Long Duration Fund,81.8245,25-06-2026,3253,2.07,3.32,2.92,4.45,7.6,7.57,7.94,6.39,0.87,0.3,6.22,100.0,29.2,Avoid,avoid,2026-06-29 16:53:57
120276,LIC MF Conservative Hybrid Fund-Direct Plan-Growth,INF767K01EO7,LIC Mutual Fund,Index / ETF,Hybrid Scheme - Conservative Hybrid Fund,94.0249,25-06-2026,3250,2.44,3.81,1.04,2.96,5.51,6.98,7.34,6.4,1.35,0.02,7.92,100.0,25.6,Avoid,avoid,2026-06-29 16:53:57
120270,LIC MF ELSS Tax Saver-Direct Plan-Growth,INF767K01EM1,LIC Mutual Fund,ELSS,Equity Scheme - ELSS,169.7837,25-06-2026,3306,4.78,13.19,-3.51,-4.22,1.13,11.39,14.98,11.74,4.75,0.37,35.69,60.0,30.3,Avoid,avoid,2026-06-29 16:53:57
120285,LIC MF Children's Fund-Direct Plan-Growth,INF767K01FB1,LIC Mutual Fund,Other,Solution Oriented Scheme - Children’s Fund,37.4844,25-06-2026,3283,3.83,16.27,2.75,2.51,1.49,10.33,12.29,9.23,4.35,0.28,31.22,80.0,28.1,Avoid,avoid,2026-06-29 16:53:57
120313,ICICI Prudential Income plus Arbitrage Omni FOF - Direct Plan - Growth,INF109K01W82,ICICI Prudential Mutual Fund,Hybrid,Other Scheme - FoF Domestic,71.3482,25-06-2026,3189,1.41,2.14,3.3,6.48,7.82,10.46,11.42,10.05,0.32,1.25,14.0,100.0,43.6,Avoid,avoid,2026-06-29 16:54:17
120307,LIC MF Nifty 50 Index Fund-Direct Plan-Growth,INF767K01FF2,LIC Mutual Fund,Index / ETF,Other Scheme - Index Funds,143.8879,25-06-2026,3306,2.41,8.08,-6.98,-5.69,0.81,8.64,11.98,9.76,4.37,0.16,38.11,80.0,24.6,Avoid,avoid,2026-06-29 16:54:17
120315,LIC MF Low Duration Fund-Direct Plan-Growth,INF767K01FM8,LIC Mutual Fund,Debt,Debt Scheme - Low Duration Fund,45.6515,25-06-2026,3253,1.01,1.9,3.13,6.38,7.36,7.35,7.15,6.42,0.21,0.88,6.18,100.0,34.6,Avoid,avoid,2026-06-29 16:54:17
120308,LIC MF BSE Sensex Index Fund-Direct Plan-Growth,INF767K01FJ4,LIC Mutual Fund,Index / ETF,Other Scheme - Index Funds,155.3334,25-06-2026,3306,3.37,7.5,-8.65,-7.9,-0.66,6.73,10.65,8.83,4.43,0.01,37.53,80.0,19.6,Avoid,avoid,2026-06-29 16:54:14
120323,ICICI Prudential Value Fund (erstwhile Value Discovery Fund) - Direct Plan - Growth,INF109K012K1,ICICI Prudential Mutual Fund,Thematic,Equity Scheme - Value Fund,510.51,25-06-2026,3315,1.75,6.12,-6.46,-2.21,4.58,15.91,18.53,17.23,3.75,0.72,36.7,80.0,48.0,Avoid,avoid,2026-06-29 16:54:17
120304,UTI-  Liquid Cash Plan - Direct Plan - Growth Option,INF789F1AD46,UTI Mutual Fund,Debt,Debt Scheme - Liquid Fund,459.6239,28-06-2026,4446,-89.94,-89.82,-89.67,-89.36,-66.22,-50.34,-39.9,-32.98,24.99,-0.58,90.0,80.0,8.0,Avoid,avoid,2026-06-29 16:54:18
120333,Invesco India Balanced Advantage Fund - Direct Plan - Growth,INF205K01LN5,Invesco Mutual Fund,Hybrid,Hybrid Scheme - Dynamic Asset Allocation or Balanced Advantage,62.94,25-06-2026,3316,2.49,6.99,-3.23,-2.27,3.15,10.44,12.59,9.79,2.73,0.42,26.49,60.0,29.4,Avoid,avoid,2026-06-29 16:54:18
120343,LIC NOMURA MF SYSTEMATIC ASSET ALLOCATION FUND - Direct Plan GROWTH OPTION,,LIC Mutual Fund,Other,Income,10.2583,06-05-2013,59,0.0,0.0,0.0,0.0,0.0,0.0,0.0,0.0,0.0,,10.08,0.0,11.4,Avoid,avoid,2026-06-29 16:54:07
120361,Sahara R.E.A.L Fund - Growth  Fund- Direct,,Sahara Mutual Fund,Other,Growth,16.8006,27-03-2020,1779,0.0,0.0,0.0,0.0,0.0,0.0,0.0,0.0,0.0,,35.96,0.0,8.8,Avoid,avoid,2026-06-29 16:54:09
120371,Sahara Power & Natural resources Fund- Growth - Direct,,Sahara Mutual Fund,Sectoral,Growth,16.5008,27-03-2020,1779,0.0,0.0,0.0,0.0,0.0,0.0,0.0,0.0,0.0,,38.63,0.0,8.5,Avoid,avoid,2026-06-29 16:54:10
120355,Sahara Infrastructure Fund ---VARIABLE PRICING OPTION-Direct-Growth,,Sahara Mutual Fund,Sectoral,Growth,22.7307,03-04-2020,1783,0.0,0.0,0.0,0.0,0.0,0.0,0.0,0.0,0.0,,35.62,0.0,8.8,Avoid,avoid,2026-06-29 16:54:08
120353,Sahara Infrastructure Fund ---FIXED PRICING OPTION-Direct-Growth,,Sahara Mutual Fund,Sectoral,Growth,21.2123,03-04-2020,1783,0.0,0.0,0.0,0.0,0.0,0.0,0.0,0.0,0.0,,34.59,0.0,8.9,Avoid,avoid,2026-06-29 16:54:08
120368,Sahara Classic Fund- Growth Option- Direct,,Sahara Mutual Fund,Other,Income,19.7305,14-12-2015,709,0.0,0.0,0.0,0.0,0.0,0.0,0.0,0.0,0.0,,0.14,0.0,12.5,Avoid,avoid,2026-06-29 16:54:09
120347,LIC NOMURA MF TOP 100 FUND - Direct Plan GROWTH OPTION,,LIC Mutual Fund,Other,Income,8.3638,06-05-2013,81,0.0,0.0,0.0,0.0,0.0,0.0,0.0,0.0,0.0,,8.9,0.0,11.6,Avoid,avoid,2026-06-29 16:54:07
120340,Sahara Wealth Plus Fund-Fixed Pricing Option-Direct-Growth,,Sahara Mutual Fund,Other,Growth,33.1545,27-03-2020,1779,0.0,0.0,0.0,0.0,0.0,0.0,0.0,0.0,0.0,,36.11,0.0,8.7,Avoid,avoid,2026-06-29 16:54:06
120345,Sahara Wealth Plus Fund-Variable Pricing Option-Direct-Growth,,Sahara Mutual Fund,Other,Growth,38.7232,27-03-2020,1779,0.0,0.0,0.0,0.0,0.0,0.0,0.0,0.0,0.0,,35.12,0.0,8.8,Avoid,avoid,2026-06-29 16:54:07
120379,SAHARA SHORT TERM BOND FUND-GROWTH- Direct,,Sahara Mutual Fund,Other,Income,17.3868,14-12-2015,709,0.0,0.0,0.0,0.0,0.0,0.0,0.0,0.0,0.0,,0.13,0.0,12.5,Avoid,avoid,2026-06-29 16:54:20
120382,Sahara Super 20 Fund - Growth - Direct,,Sahara Mutual Fund,Other,Growth,16.459,27-03-2020,1779,0.0,0.0,0.0,0.0,0.0,0.0,0.0,0.0,0.0,,32.71,0.0,9.1,Avoid,avoid,2026-06-29 16:54:20
120373,SAHARA BANKING & FINANCIAL SERVICES FUND- GROWTH - Direct,,Sahara Mutual Fund,Sectoral,Growth,46.5124,27-03-2020,1779,0.0,0.0,0.0,0.0,0.0,0.0,0.0,0.0,0.0,,45.22,0.0,7.8,Avoid,avoid,2026-06-29 16:54:11
120348,Invesco India Contra Fund - Direct Plan - Growth,INF205K01LE4,Invesco Mutual Fund,Thematic,Equity Scheme - Contra Fund,157.4,25-06-2026,3316,3.83,14.35,-2.48,-2.07,4.07,17.07,19.12,15.01,4.8,0.66,36.52,60.0,44.4,Avoid,avoid,2026-06-29 16:54:18
120338,LIC MF Banking & PSU Fund-Direct Plan-Growth,INF767K01GI4,LIC Mutual Fund,Debt,Debt Scheme - Banking and PSU Fund,39.7129,25-06-2026,3240,1.6,2.39,2.81,5.43,7.54,7.44,7.2,6.33,0.5,0.4,2.77,100.0,30.5,Avoid,avoid,2026-06-29 16:54:18
120357,Invesco India Large & Mid Cap Fund - Direct Plan - Growth,INF205K01MA0,Invesco Mutual Fund,Mid Cap,Equity Scheme - Large & Mid Cap Fund,128.63,25-06-2026,3316,7.2,24.38,7.97,6.92,11.55,24.59,25.19,19.07,5.97,1.0,35.31,80.0,64.7,Watch,watch,2026-06-29 16:54:18
120334,ICICI Prudential Multi-Asset Fund - Direct Plan - Growth,INF109K015K4,ICICI Prudential Mutual Fund,Hybrid,Hybrid Scheme - Multi Asset Allocation,889.451,25-06-2026,3314,0.63,6.3,-1.39,6.06,9.45,16.91,18.39,18.14,3.08,1.11,30.61,100.0,56.9,Watch,watch,2026-06-29 16:54:18
120351,LIC MF Infrastructure Fund-Direct Plan-Growth,INF767K01GW5,LIC Mutual Fund,Sectoral,Equity Scheme - Sectoral/ Thematic,63.8459,25-06-2026,3306,2.57,22.44,13.66,10.58,6.93,28.89,28.84,25.45,5.92,0.95,39.58,100.0,72.4,Watch,watch,2026-06-29 16:54:18
120364,ICICI Prudential Arbitrage Fund - Direct Plan - Growth,INF109K016O4,ICICI Prudential Mutual Fund,Hybrid,Hybrid Scheme - Arbitrage Fund,39.1462,25-06-2026,3312,0.97,1.47,3.21,6.45,7.05,7.46,7.22,6.59,0.2,1.05,0.6,100.0,36.6,Avoid,avoid,2026-06-29 16:54:18
120381,ICICI Prudential MidCap Fund - Direct Plan -  Growth,INF109K011N7,ICICI Prudential Mutual Fund,Mid Cap,Equity Scheme - Mid Cap Fund,382.14,25-06-2026,3316,0.35,17.77,8.76,12.63,9.47,25.02,24.49,19.25,5.5,0.97,44.04,100.0,69.7,Watch,watch,2026-06-29 16:54:28
120377,ICICI Prudential Balanced Advantage Fund - Direct Plan -  Growth,INF109K012B0,ICICI Prudential Mutual Fund,Hybrid,Hybrid Scheme - Dynamic Asset Allocation or Balanced Advantage,86.86,25-06-2026,3316,2.77,8.02,0.46,4.79,7.84,12.34,12.84,11.54,2.77,0.72,27.03,100.0,40.3,Avoid,avoid,2026-06-29 16:54:20
120446,JM MIP Fund (Direct) - Growth Option,,JM Financial Mutual Fund,Other,Income,25.7788,28-04-2017,1036,0.0,0.0,0.0,0.0,0.0,0.0,0.0,0.0,0.0,,2.35,0.0,12.3,Avoid,avoid,2026-06-29 16:54:30
120463,JM Money Manager Fund - Super Plan (Direct) - Growth Option,,JM Financial Mutual Fund,Other,Income,25.0959,24-05-2018,1296,0.0,0.0,0.0,0.0,0.0,0.0,0.0,0.0,0.0,,0.42,0.0,12.5,Avoid,avoid,2026-06-29 16:54:30
120471,JM Short Term Fund (Direct) - Growth Option,,JM Financial Mutual Fund,Debt,Debt Scheme - Short Duration Fund,26.9629,25-09-2020,1866,0.0,0.0,0.0,0.0,0.0,0.0,0.0,0.0,0.0,,7.62,0.0,11.7,Avoid,avoid,2026-06-29 16:54:31
120461,JM Money Manager Fund - Super Plus Plan (Direct) - Growth Option,,JM Financial Mutual Fund,Other,Income,25.0204,24-05-2018,1297,0.0,0.0,0.0,0.0,0.0,0.0,0.0,0.0,0.0,,0.37,0.0,12.5,Avoid,avoid,2026-06-29 16:54:30
120458,JM Ultra Short Duration Fund - (Direct) - Growth Option,,JM Financial Mutual Fund,Debt,Debt Scheme - Ultra Short Duration Fund,27.5938,25-09-2020,1866,0.0,0.0,0.0,0.0,0.0,0.0,0.0,0.0,0.0,,5.5,0.0,11.9,Avoid,avoid,2026-06-29 16:54:30
120468,Axis Focused Fund - Direct Plan - Growth Option,INF846K01CQ8,Axis Mutual Fund,Thematic,Equity Scheme - Focused Fund,62.66,25-06-2026,3325,5.43,14.93,-0.78,-3.51,2.57,9.67,11.26,6.55,4.71,0.22,33.72,60.0,23.0,Avoid,avoid,2026-06-29 16:54:43
120444,Invesco India Banking and PSU Fund - Direct Plan -  Growth Option,INF205K01KT4,Invesco Mutual Fund,Debt,Debt Scheme - Banking and PSU Fund,2560.9962,25-06-2026,3252,1.75,2.5,2.69,5.29,7.33,7.35,7.2,5.87,0.56,0.32,4.89,100.0,29.5,Avoid,avoid,2026-06-29 16:54:42
120475,Axis Strategic Bond Fund - Direct Plan - Growth Option,INF846K01DT0,Axis Mutual Fund,Debt,Debt Scheme - Medium Duration Fund,33.0181,25-06-2026,3257,1.77,2.81,3.54,7.08,8.6,8.47,8.41,7.52,0.53,1.09,7.33,100.0,38.0,Avoid,avoid,2026-06-29 16:54:43
120435,JM Dynamic Bond Fund - (Direct) - Growth Option,INF192K01DD3,JM Financial Mutual Fund,Debt,Debt Scheme - Dynamic Bond,46.2027,25-06-2026,3253,1.32,2.11,1.87,3.8,6.88,6.9,6.85,6.2,0.57,0.06,3.0,100.0,26.7,Avoid,avoid,2026-06-29 16:54:42
120430,JM Medium to Long Duration Fund (Direct) - Growth Option,INF192K01CW5,JM Financial Mutual Fund,Debt,Debt Scheme - Medium to Long Duration Fund,72.0499,25-06-2026,3254,1.72,2.56,2.25,3.64,6.79,6.91,7.05,5.77,0.71,0.06,10.57,100.0,26.0,Avoid,avoid,2026-06-29 16:54:42
120438,Axis Banking & PSU Debt Fund - Direct Plan - Growth Option,INF846K01CR6,Axis Mutual Fund,Debt,Debt Scheme - Banking and PSU Fund,2874.9114,25-06-2026,3261,1.55,2.22,2.73,5.55,7.36,7.21,6.96,6.26,0.46,0.3,2.85,100.0,29.5,Avoid,avoid,2026-06-29 16:54:42
120465,Axis Large Cap Fund - Direct Plan - Growth,INF846K01DP8,Axis Mutual Fund,Large Cap,Equity Scheme - Large Cap Fund,68.79,25-06-2026,3325,4.31,10.52,-3.44,-3.11,1.69,10.0,12.04,8.23,4.28,0.25,30.1,60.0,24.5,Avoid,avoid,2026-06-29 16:54:43
120451,Axis Dynamic Bond Fund - Direct Plan - Growth Option,INF846K01DI3,Axis Mutual Fund,Debt,Debt Scheme - Dynamic Bond,34.5635,25-06-2026,3260,2.23,3.6,3.82,6.1,7.86,7.6,7.89,6.46,0.82,0.34,7.11,100.0,30.1,Avoid,avoid,2026-06-29 16:54:42
120447,Axis Gilt Fund - Direct Plan - Growth Option,INF846K01DD4,Axis Mutual Fund,Debt,Debt Scheme - Gilt Fund,28.5511,25-06-2026,3261,2.71,4.5,3.59,4.88,7.01,7.66,7.62,6.46,1.28,0.25,11.13,100.0,28.3,Avoid,avoid,2026-06-29 16:54:42
120473,Axis Gold Fund - Direct Plan - Growth option,INF846K01DS2,Axis Mutual Fund,Gold,Other Scheme - FoF Domestic,43.653,25-06-2026,3325,-10.92,-5.19,1.35,43.34,36.84,32.09,26.96,23.03,7.48,1.27,26.15,100.0,87.3,Strong Pick,strong,2026-06-29 16:54:43
120478,Axis Conservative Hybrid Fund - Direct Plan - Half Yearly,INF846K01EB6,Axis Mutual Fund,Index / ETF,Hybrid Scheme - Conservative Hybrid Fund,13.3957,25-06-2026,3138,1.73,3.41,-2.48,-3.0,0.15,1.77,1.9,1.2,1.92,-0.91,17.62,60.0,13.3,Avoid,avoid,2026-06-29 16:54:43
120484,JM Aggressive Hybrid Fund (Direct) - Growth Option,INF192K01BQ9,JM Financial Mutual Fund,Hybrid,Hybrid Scheme - Aggressive Hybrid Fund,134.3948,25-06-2026,3321,1.95,10.07,-2.16,-4.33,-1.18,15.5,18.21,14.44,3.86,0.63,36.57,80.0,43.8,Avoid,avoid,2026-06-29 16:54:57
120482,JM Arbitrage Fund (Direct) - Growth Option,INF192K01BN6,JM Financial Mutual Fund,Hybrid,Hybrid Scheme - Arbitrage Fund,36.9216,25-06-2026,3320,0.89,1.34,3.08,6.25,6.67,7.13,6.89,6.22,0.18,0.6,0.54,100.0,32.5,Avoid,avoid,2026-06-29 16:54:57
120479,Axis Conservative Hybrid Fund - Direct Plan - Quarterly,INF846K01ED2,Axis Mutual Fund,Index / ETF,Hybrid Scheme - Conservative Hybrid Fund,12.9654,25-06-2026,3248,1.73,3.41,-1.42,-2.4,-0.73,-0.54,0.08,-0.93,1.66,-1.43,15.38,40.0,11.7,Avoid,avoid,2026-06-29 16:54:43
120480,Axis Conservative Hybrid Fund - Direct Plan - Growth Option,INF846K01EA8,Axis Mutual Fund,Index / ETF,Hybrid Scheme - Conservative Hybrid Fund,35.9872,25-06-2026,3258,1.73,3.41,0.14,2.19,5.49,7.31,8.19,7.0,1.3,0.1,9.38,100.0,26.7,Avoid,avoid,2026-06-29 16:54:53
120486,JM Value Fund (Direct) - Growth Option,INF192K01BT3,JM Financial Mutual Fund,Thematic,Equity Scheme - Value Fund,107.5831,25-06-2026,3316,3.79,18.26,-0.62,-4.14,-2.76,16.39,21.48,16.76,5.99,0.52,37.93,40.0,41.1,Avoid,avoid,2026-06-29 16:54:57
120525,Religare Invesco GILT Fund - Short Duration Plan - Direct Plan - Growth,,Invesco Mutual Fund,Debt,Income,1641.5373,22-12-2015,713,0.0,0.0,0.0,0.0,0.0,0.0,0.0,0.0,0.0,,0.42,0.0,12.5,Avoid,avoid,2026-06-29 16:55:06
120505,Axis Midcap Fund - Direct Plan - Growth,INF846K01EH3,Axis Mutual Fund,Mid Cap,Equity Scheme - Mid Cap Fund,139.63,25-06-2026,3325,2.47,16.23,6.11,4.54,5.75,17.97,20.12,15.64,4.75,0.74,29.36,80.0,49.6,Avoid,avoid,2026-06-29 16:54:57
120488,JM Focused Fund (Direct)  - Growth Option,INF192K01BW7,JM Financial Mutual Fund,Thematic,Equity Scheme - Focused Fund,23.2659,25-06-2026,3316,3.06,16.17,-1.0,0.08,0.9,14.78,18.64,14.79,5.52,0.53,37.37,100.0,43.1,Avoid,avoid,2026-06-29 16:54:57
120507,Invesco India Money Market Fund - Direct Plan - Growth,INF205K01RY9,Invesco Mutual Fund,Debt,Debt Scheme - Money Market Fund,3352.9675,25-06-2026,3252,0.95,1.77,3.07,6.24,7.15,7.21,7.11,6.32,0.18,0.72,0.9,100.0,33.5,Avoid,avoid,2026-06-29 16:54:57
120497,Invesco India Corporate Bond Fund - Direct Plan - Growth,INF205K01RF8,Invesco Mutual Fund,Debt,Debt Scheme - Corporate Bond Fund,3599.8215,25-06-2026,3252,1.76,2.56,2.63,5.36,7.55,7.49,7.31,6.35,0.59,0.41,4.69,100.0,30.4,Avoid,avoid,2026-06-29 16:54:57
120517,Aditya Birla Sun Life Equity Hybrid'95 Fund - Direct Plan-Growth,INF209K01ZC0,Aditya Birla Sun Life Mutual Fund,Hybrid,Hybrid Scheme - Aggressive Hybrid Fund,1713.8,25-06-2026,3316,2.77,9.09,-2.42,-1.04,3.09,11.27,12.63,9.91,3.53,0.42,31.97,60.0,29.8,Avoid,avoid,2026-06-29 16:54:57
120492,JM Flexicap Fund (Direct) - Growth Option,INF192K01CC7,JM Financial Mutual Fund,Multi Cap,Equity Scheme - Flexi Cap Fund,111.8968,25-06-2026,3316,3.66,17.0,1.4,-1.02,-1.46,17.39,21.19,17.81,5.2,0.63,34.95,60.0,47.3,Avoid,avoid,2026-06-29 16:54:57
120513,Axis Treasury Advantage Fund - Direct Plan - Growth Option,INF846K01EN1,Axis Mutual Fund,Debt,Debt Scheme - Low Duration Fund,3455.6554,25-06-2026,3261,1.02,1.82,3.06,6.4,7.46,7.47,7.34,6.6,0.21,1.01,1.46,100.0,36.2,Avoid,avoid,2026-06-29 16:54:57
120510,Axis Short Duration Fund - Direct Plan - Growth Option,INF846K01EI1,Axis Mutual Fund,Debt,Debt Scheme - Short Duration Fund,35.9356,25-06-2026,3260,1.47,2.38,3.05,6.23,8.08,7.87,7.75,6.89,0.44,0.82,2.6,100.0,35.0,Avoid,avoid,2026-06-29 16:54:57
120494,JM ELSS Tax Saver Fund (Direct) - Growth Option,INF192K01CE3,JM Financial Mutual Fund,ELSS,Equity Scheme - ELSS,57.7304,25-06-2026,3316,4.29,18.67,1.23,3.3,2.9,16.81,20.44,16.04,5.34,0.63,37.39,100.0,48.3,Avoid,avoid,2026-06-29 16:54:57
120520,Invesco India Gilt Fund - Direct  Plan - Growth,INF205K01SN0,Invesco Mutual Fund,Debt,Debt Scheme - Gilt Fund,3245.4057,25-06-2026,3252,3.35,5.42,2.67,3.87,5.87,7.15,7.15,6.11,1.57,0.1,9.17,100.0,26.3,Avoid,avoid,2026-06-29 16:55:11
120490,JM Large Cap Fund (Direct) - Growth Option,INF192K01BZ0,JM Financial Mutual Fund,Large Cap,Equity Scheme - Large Cap Fund,175.3553,25-06-2026,3320,2.47,10.65,-3.41,-1.83,-1.18,12.83,15.63,12.71,4.58,0.42,19.8,60.0,35.3,Avoid,avoid,2026-06-29 16:54:57
120524,Axis Multi Asset Allocation Fund - Direct Plan - Growth Option,INF846K01EV4,Axis Mutual Fund,Hybrid,Hybrid Scheme - Multi Asset Allocation,51.6079,25-06-2026,3324,0.93,6.89,0.15,11.08,10.32,14.15,14.39,11.03,3.77,0.67,27.42,80.0,42.5,Avoid,avoid,2026-06-29 16:55:12
120503,Axis ELSS Tax Saver Fund - Direct Plan - Growth Option,INF846K01EW2,Axis Mutual Fund,ELSS,Equity Scheme - ELSS,108.3758,25-06-2026,3325,3.89,12.57,-1.32,-2.13,2.77,11.08,13.91,8.26,4.72,0.33,33.51,60.0,26.3,Avoid,avoid,2026-06-29 16:54:57
120572,Aditya Birla Sun Life Monthly Income - Growth - Direct Plan,,Aditya Birla Sun Life Mutual Fund,Other,Income,69.4224,01-06-2018,1303,0.0,0.0,0.0,0.0,0.0,0.0,0.0,0.0,0.0,,7.46,0.0,11.7,Avoid,avoid,2026-06-30 16:08:18
120582,ICICI Prudential Dynamic Bond Fund - Direct Plan -  Growth,,ICICI Prudential Mutual Fund,Debt,Income,20.425,25-05-2018,1298,0.0,0.0,0.0,0.0,0.0,0.0,0.0,0.0,0.0,,7.56,0.0,11.7,Avoid,avoid,2026-06-30 16:08:19
120605,ICICI Prudential Gilt Fund Investment Plan PF Option - Direct Plan -Growth Option,,ICICI Prudential Mutual Fund,Debt,Gilt,35.5313,25-05-2018,1298,0.0,0.0,0.0,0.0,0.0,0.0,0.0,0.0,0.0,,12.57,0.0,11.2,Avoid,avoid,2026-06-29 16:55:41
120608,ICICI Prudential Short Term Gilt Fund - Direct Plan -  Growth,,ICICI Prudential Mutual Fund,Debt,Direct,44.688,25-05-2018,1297,0.0,0.0,0.0,0.0,0.0,0.0,0.0,0.0,0.0,,6.03,0.0,11.9,Avoid,avoid,2026-06-29 16:55:41
120611,ICICI Prudential Gilt Fund Treasury Plan PF Option - Direct Plan -Growth Option,,ICICI Prudential Mutual Fund,Debt,Gilt,25.8427,25-05-2018,1251,0.0,0.0,0.0,0.0,0.0,0.0,0.0,0.0,0.0,,4.95,0.0,12.0,Avoid,avoid,2026-06-29 16:55:41
120591,ICICI Prudential Smallcap Fund - Direct Plan - Growth,INF109K015M0,ICICI Prudential Mutual Fund,Small Cap,Equity Scheme - Small Cap Fund,100.73,29-06-2026,3288,3.57,19.66,5.11,1.36,1.81,14.01,17.73,16.43,3.96,0.46,45.12,100.0,43.4,Avoid,avoid,2026-06-30 16:08:36
120586,ICICI Prudential Large Cap Fund (erstwhile Bluechip Fund) - Direct Plan - Growth,INF109K016L0,ICICI Prudential Mutual Fund,Large Cap,Equity Scheme - Large Cap Fund,118.91,29-06-2026,3317,2.13,7.99,-5.8,-2.97,2.59,13.57,16.26,13.94,3.34,0.55,37.3,80.0,40.0,Avoid,avoid,2026-06-30 16:08:24
120603,ICICI Prudential All Seasons Bond Fund - Direct Plan - Growth,INF109K016E5,ICICI Prudential Mutual Fund,Debt,Debt Scheme - Dynamic Bond,42.3454,25-06-2026,3253,1.96,3.34,3.17,5.91,7.95,8.02,8.39,7.29,0.75,0.62,3.59,100.0,33.2,Avoid,avoid,2026-06-29 16:55:53
120599,ICICI Prudential Multicap Fund - Direct Plan -  Growth,INF109K014O9,ICICI Prudential Mutual Fund,Multi Cap,Equity Scheme - Multi Cap Fund,955.15,25-06-2026,3316,1.31,19.09,6.9,6.77,7.22,18.87,21.4,17.21,5.42,0.78,38.88,100.0,54.5,Avoid,avoid,2026-06-29 16:55:53
120570,Invesco India Low Duration Fund - Direct Plan - Growth,INF205K01NY8,Invesco Mutual Fund,Debt,Debt Scheme - Low Duration Fund,4192.3197,29-06-2026,3253,1.09,1.91,3.07,6.19,7.25,7.26,7.07,6.33,0.24,0.7,1.42,100.0,33.3,Avoid,avoid,2026-06-30 16:08:20
120594,ICICI Prudential Technology Fund - Direct Plan -  Growth,INF109K01Z48,ICICI Prudential Mutual Fund,Sectoral,Equity Scheme - Sectoral/ Thematic,184.64,25-06-2026,3315,-3.47,2.55,-21.32,-19.41,-4.45,6.53,7.26,5.9,5.79,0.01,35.09,80.0,17.8,Avoid,avoid,2026-06-29 16:55:53
120590,ICICI Prudential Gilt Fund - Direct Plan - Growth,INF109K018C5,ICICI Prudential Mutual Fund,Debt,Debt Scheme - Gilt Fund,117.0906,29-06-2026,3254,2.85,4.63,3.56,5.24,7.69,7.88,8.38,7.15,1.11,0.39,12.31,100.0,29.8,Avoid,avoid,2026-06-30 16:08:24
120579,ICICI Prudential Children's Fund - Direct Plan,INF109K01Y49,ICICI Prudential Mutual Fund,Other,Solution Oriented Scheme - Children’s Fund,362.92,29-06-2026,3317,0.99,11.82,0.21,-1.48,3.85,15.65,16.78,14.03,3.43,0.69,31.1,80.0,44.8,Avoid,avoid,2026-06-30 16:08:24
120592,ICICI Prudential ELSS Tax Saver Fund - Direct Plan - Growth,INF109K01Y31,ICICI Prudential Mutual Fund,ELSS,Equity Scheme - ELSS,1040.57,25-06-2026,3316,4.09,11.12,-2.12,-0.53,4.74,13.38,15.64,12.99,4.39,0.51,37.51,80.0,37.8,Avoid,avoid,2026-06-29 16:55:53
120596,ICICI Prudential Large & Mid Cap Fund - Direct Plan - Growth,INF109K011O5,ICICI Prudential Mutual Fund,Mid Cap,Equity Scheme - Large & Mid Cap Fund,1142.88,25-06-2026,3316,1.97,10.64,-2.14,1.08,5.93,18.03,20.15,18.4,4.6,0.8,37.42,100.0,54.4,Avoid,avoid,2026-06-29 16:55:53
120587,ICICI Prudential FMCG Fund - Direct Plan -  Growth,INF109K01Z14,ICICI Prudential Mutual Fund,Sectoral,Equity Scheme - Sectoral/ Thematic,461.74,29-06-2026,3316,-0.21,6.8,-10.74,-12.33,-6.35,-0.94,5.88,8.0,4.13,-0.61,29.59,80.0,13.0,Avoid,avoid,2026-06-30 16:08:24
120575,SBI CONSUMPTION OPPORTUNITIES FUND - DIRECT PLAN - GROWTH,INF200K01RM5,SBI Mutual Fund,Sectoral,Equity Scheme - Sectoral/ Thematic,325.1577,29-06-2026,3322,1.63,8.49,-6.56,-8.94,-3.01,8.47,13.23,13.89,3.88,0.14,35.38,80.0,28.8,Avoid,avoid,2026-06-30 16:08:24
120578,SBI TECHNOLOGY OPPORTUNITIES FUND - DIRECT PLAN - GROWTH,INF200K01RV6,SBI Mutual Fund,Sectoral,Equity Scheme - Sectoral/ Thematic,205.3031,29-06-2026,3318,-4.33,0.46,-21.54,-18.24,-1.62,7.7,9.76,8.24,5.15,0.07,29.85,80.0,21.1,Avoid,avoid,2026-06-30 16:08:24
120616,ICICI Prudential Regular Savings Fund - Direct Plan - Growth,INF109K01S39,ICICI Prudential Mutual Fund,Index / ETF,Hybrid Scheme - Conservative Hybrid Fund,87.3791,25-06-2026,3251,1.41,4.33,1.87,5.0,7.45,9.83,10.22,9.38,1.07,0.85,8.85,100.0,38.0,Avoid,avoid,2026-06-29 16:55:53
120619,ICICI Prudential Bond Fund - Direct Plan - Growth,INF109K01V83,ICICI Prudential Mutual Fund,Debt,Debt Scheme - Medium to Long Duration Fund,44.7525,25-06-2026,3252,2.11,3.4,2.85,4.85,7.41,7.55,7.87,6.63,0.89,0.31,10.2,100.0,28.9,Avoid,avoid,2026-06-29 16:55:53
120620,ICICI Prudential Nifty 50 Index Fund - Direct Plan Cumulative Option,INF109K012M7,ICICI Prudential Mutual Fund,Index / ETF,Other Scheme - Index Funds,253.9199,25-06-2026,3316,2.44,8.16,-6.81,-5.32,1.0,8.81,12.1,9.87,4.37,0.17,38.16,80.0,25.0,Avoid,avoid,2026-06-29 16:55:53
120706,Aditya Birla Sun Life MIP II - Savings 5 Plan - Growth / Payment - Direct Plan,,Aditya Birla Sun Life Mutual Fund,Other,Income,34.4463,01-06-2018,1301,0.0,0.0,0.0,0.0,0.0,0.0,0.0,0.0,0.0,,6.77,0.0,11.8,Avoid,avoid,2026-06-30 16:08:25
120691,ICICI Prudential Child Care Plan Study - Direct Plan- Cumulative,,ICICI Prudential Mutual Fund,Other,Income,72.4243,25-05-2018,1294,0.0,0.0,0.0,0.0,0.0,0.0,0.0,0.0,0.0,,4.28,0.0,12.1,Avoid,avoid,2026-06-29 16:55:54
120699,UTI - Master Value Fund-Growth Option-Direct,,UTI Mutual Fund,Thematic,Income,64.2308,26-03-2014,306,0.0,0.0,0.0,0.0,0.0,0.0,0.0,0.0,0.0,,18.65,0.0,10.6,Avoid,avoid,2026-06-29 16:55:54
120698,UTI - Master Value Fund-Income Option - Direct,,UTI Mutual Fund,Thematic,Income,26.9256,26-03-2014,306,0.0,0.0,0.0,0.0,0.0,0.0,0.0,0.0,0.0,,18.63,0.0,10.6,Avoid,avoid,2026-06-29 16:55:54
120704,Aditya Birla Sun Life MIP - Direct Plan - Growth,,Aditya Birla Sun Life Mutual Fund,Other,Income,46.7502,01-06-2018,1301,0.0,0.0,0.0,0.0,0.0,0.0,0.0,0.0,0.0,,5.81,0.0,11.9,Avoid,avoid,2026-06-29 16:55:54
120688,ICICI Prudential Exports & Services Fund - Direct Plan - Growth,INF109K01W25,ICICI Prudential Mutual Fund,Sectoral,Equity Scheme - Sectoral/ Thematic,182.83,25-06-2026,3311,2.89,12.68,-1.12,0.7,5.96,17.46,18.6,16.54,4.16,0.8,37.49,100.0,51.9,Avoid,avoid,2026-06-29 16:56:02
120692,ICICI Prudential Corporate Bond Fund - Direct Plan - Growth,INF109K016B1,ICICI Prudential Mutual Fund,Debt,Debt Scheme - Corporate Bond Fund,33.2788,25-06-2026,3253,1.62,2.55,3.04,6.23,7.76,7.76,7.82,6.91,0.47,0.73,2.01,100.0,34.1,Avoid,avoid,2026-06-29 16:56:02
120702,ICICI Prudential Diversified Debt Strategy Active FOF  - Direct Plan - Growth,INF109K01X73,ICICI Prudential Mutual Fund,Debt,Other Scheme - FoF Domestic,49.558,25-06-2026,3224,1.81,2.97,2.95,5.82,7.52,7.57,7.78,6.65,0.65,0.46,4.64,100.0,31.2,Avoid,avoid,2026-06-29 16:56:02
120689,UTI Medium to Long Duration Fund-Growth - Direct,INF789F01SQ6,UTI Mutual Fund,Debt,Debt Scheme - Medium to Long Duration Fund,82.8974,25-06-2026,3252,1.62,2.75,2.25,3.66,6.35,6.51,6.9,8.68,0.75,-0.11,13.07,100.0,24.5,Avoid,avoid,2026-06-29 16:56:02
120711,ICICI Prudential Credit Risk Fund - Direct Plan - Growth,INF109K01V00,ICICI Prudential Mutual Fund,Debt,Debt Scheme - Credit Risk Fund,38.0915,29-06-2026,3253,1.55,2.83,3.97,8.58,9.4,9.11,8.72,8.01,0.45,1.81,2.93,100.0,45.9,Avoid,avoid,2026-06-30 16:08:27
120718,UTI Short Duration Fund - Direct Plan - Growth Option,INF789F01XY0,UTI Mutual Fund,Debt,Debt Scheme - Short Duration Fund,35.7755,29-06-2026,3251,1.55,2.34,2.91,5.66,7.5,7.56,7.51,7.66,0.47,0.56,13.16,100.0,31.3,Avoid,avoid,2026-06-30 16:08:36
120705,Aditya Birla Sun Life Regular Savings Fund - Growth / Payment - Direct Plan,INF209K01XH4,Aditya Birla Sun Life Mutual Fund,Index / ETF,Hybrid Scheme - Conservative Hybrid Fund,78.6218,25-06-2026,3252,1.55,4.24,2.49,5.06,7.68,9.24,9.84,8.92,1.19,0.66,14.23,100.0,34.7,Avoid,avoid,2026-06-29 16:56:02
120716,UTI Nifty 50 Index Fund - Growth Option- Direct,INF789F01XA0,UTI Mutual Fund,Index / ETF,Other Scheme - Index Funds,168.1435,29-06-2026,3317,1.99,7.7,-7.22,-5.28,0.81,8.7,12.06,9.87,3.55,0.16,38.42,80.0,25.3,Avoid,avoid,2026-06-30 16:08:36
120715,UTI ELSS Tax Saver Fund - Direct Plan - Growth Option,INF789F01TF7,UTI Mutual Fund,ELSS,Equity Scheme - ELSS,225.4076,29-06-2026,3317,2.78,11.06,-4.12,-4.24,0.2,10.5,13.12,10.11,3.72,0.3,35.06,60.0,27.5,Avoid,avoid,2026-06-30 16:08:36
120700,ICICI Prudential Aggressive Hybrid Active FOF - Direct Plan - Growth,INF109K01X40,ICICI Prudential Mutual Fund,Hybrid,Other Scheme - FoF Domestic,239.7499,25-06-2026,2768,2.01,9.46,-3.25,-1.29,7.73,15.43,18.13,15.23,3.59,0.74,35.74,80.0,45.6,Avoid,avoid,2026-06-29 16:56:02
120731,UTI-Transportation and Logistics  Fund-Growth Option- Direct,INF789F01SH5,UTI Mutual Fund,Sectoral,Equity Scheme - Sectoral/ Thematic,322.7728,29-06-2026,3317,1.93,11.81,-4.34,6.72,2.57,18.33,20.73,18.95,4.35,0.72,56.91,80.0,52.1,Avoid,avoid,2026-06-30 16:08:35
120726,UTI Mid Cap Fund-Growth Option- Direct,INF789F01UA6,UTI Mutual Fund,Mid Cap,Equity Scheme - Mid Cap Fund,341.7912,29-06-2026,3317,1.41,14.53,1.76,-0.72,2.25,14.22,17.49,14.05,3.88,0.5,40.75,80.0,40.1,Avoid,avoid,2026-06-30 16:08:36
120728,UTI Infrastructure Fund-Growth Option- Direct,INF789F01TU6,UTI Mutual Fund,Sectoral,Equity Scheme - Sectoral/ Thematic,152.8215,29-06-2026,3317,1.28,13.57,2.68,0.22,-0.26,16.6,20.63,15.97,4.19,0.66,42.78,60.0,44.5,Avoid,avoid,2026-06-30 16:08:36
120724,UTI Children's Equity Fund - Direct Plan - Growth Option,INF789F1AZV0,UTI Mutual Fund,Other,Solution Oriented Scheme - Children’s Fund,89.9218,29-06-2026,3317,2.12,9.67,-5.48,-6.14,-0.96,9.52,12.21,9.29,3.56,0.23,35.22,60.0,24.7,Avoid,avoid,2026-06-30 16:08:36
120722,ICICI Prudential Focused Equity Fund - Direct Plan - Growth,INF109K018N2,ICICI Prudential Mutual Fund,Thematic,Equity Scheme - Focused Fund,107.7,29-06-2026,3311,3.77,12.48,-3.8,1.54,7.07,19.15,21.2,17.76,3.79,0.87,34.15,100.0,56.7,Watch,watch,2026-06-30 16:08:36
120768,UTI Services Industries Fund-Income Option-Direct,,UTI Mutual Fund,Sectoral,Income,40.2058,22-08-2014,406,0.0,0.0,0.0,0.0,0.0,0.0,0.0,0.0,0.0,,9.76,0.0,11.5,Avoid,avoid,2026-06-29 16:56:29
120757,UTI Bluechip Flexicap Fund - Direct Plan - Growth Option,,UTI Mutual Fund,Large Cap,Income,35.8696,02-05-2018,1309,0.0,0.0,0.0,0.0,0.0,0.0,0.0,0.0,0.0,,21.91,0.0,10.2,Avoid,avoid,2026-06-29 16:56:29
120759,UTI Contra Fund-Growth-Growth Option-Direct,,UTI Mutual Fund,Thematic,Income,17.0544,22-08-2014,406,0.0,0.0,0.0,0.0,0.0,0.0,0.0,0.0,0.0,,20.28,0.0,10.4,Avoid,avoid,2026-06-29 16:56:29
120769,UTI Energy Fund-Income Option-Direct,,UTI Mutual Fund,Sectoral,Merger of Capex & Energy Opportunities,11.9979,03-03-2016,779,0.0,0.0,0.0,0.0,0.0,0.0,0.0,0.0,0.0,,26.28,0.0,9.8,Avoid,avoid,2026-06-29 16:56:29
120767,UTI Services Industries Fund-Growth Option- Direct,,UTI Mutual Fund,Sectoral,Income,93.4863,22-08-2014,406,0.0,0.0,0.0,0.0,0.0,0.0,0.0,0.0,0.0,,9.76,0.0,11.5,Avoid,avoid,2026-06-29 16:56:29
120773,UTI Smart Woman Savings Plan - Growth Option- Direct,,UTI Mutual Fund,Other,Income,38.4113,02-05-2018,1280,0.0,0.0,0.0,0.0,0.0,0.0,0.0,0.0,0.0,,8.18,0.0,11.6,Avoid,avoid,2026-06-29 16:56:29
120776,UTI - MIS-Growth-Direct,,UTI Mutual Fund,Other,Income,36.2635,02-05-2018,1280,0.0,0.0,0.0,0.0,0.0,0.0,0.0,0.0,0.0,,6.7,0.0,11.8,Avoid,avoid,2026-06-29 16:56:29
120770,UTI Energy Fund-Growth Option-Direct,,UTI Mutual Fund,Sectoral,Merger of Capex & Energy Opportunities,10.5805,03-03-2016,779,0.0,0.0,0.0,0.0,0.0,0.0,0.0,0.0,0.0,,26.3,0.0,9.8,Avoid,avoid,2026-06-29 16:56:29
120775,UTI - MIS-Income-Direct,,UTI Mutual Fund,Other,Income,12.436,02-05-2018,1280,0.0,0.0,0.0,0.0,0.0,0.0,0.0,0.0,0.0,,8.59,0.0,11.6,Avoid,avoid,2026-06-29 16:56:29
120764,UTI Credit Risk Fund - Direct Plan - Growth Option,INF789F01YB6,UTI Mutual Fund,Debt,Debt Scheme - Credit Risk Fund,20.5967,25-06-2026,3252,1.2,2.13,3.23,6.73,8.02,7.82,7.75,10.21,0.32,1.07,34.38,100.0,36.8,Avoid,avoid,2026-06-29 16:56:41
120746,UTI Ultra Short Duration Fund - Direct Plan - Growth Option,INF789F01TI1,UTI Mutual Fund,Debt,Debt Scheme - Ultra Short Duration Fund,4847.7582,29-06-2026,3253,0.92,1.88,3.31,6.52,7.27,7.34,7.17,7.06,0.16,1.21,3.61,100.0,37.5,Avoid,avoid,2026-06-30 16:08:36
120743,ICICI Prudential Long Term Bond Fund - Direct Plan - Growth,INF109K017L8,ICICI Prudential Mutual Fund,Debt,Debt Scheme - Long Duration Fund,101.7449,29-06-2026,3254,2.9,4.96,2.69,3.24,6.63,7.17,7.62,5.89,1.48,0.1,12.03,80.0,24.1,Avoid,avoid,2026-06-30 16:08:36
120735,UTI Low Duration Fund - Direct Plan - Growth Option,INF789F01XI3,UTI Mutual Fund,Debt,Debt Scheme - Low Duration Fund,3837.776,29-06-2026,3253,1.1,1.87,3.08,6.27,7.36,7.32,7.14,7.5,0.25,0.73,12.12,100.0,32.8,Avoid,avoid,2026-06-30 16:08:36
120751,UTI Value Fund - Direct Plan - Growth Option,INF789F01VB2,UTI Mutual Fund,Thematic,Equity Scheme - Value Fund,179.9896,29-06-2026,3316,2.35,9.61,-5.37,-3.56,2.07,14.7,16.86,13.17,3.69,0.58,36.68,60.0,39.0,Avoid,avoid,2026-06-30 16:08:19
120754,ICICI Prudential Short Term Fund - Direct Plan - Growth Option,INF109K013N3,ICICI Prudential Mutual Fund,Debt,Debt Scheme - Short Duration Fund,70.0979,25-06-2026,3253,1.53,2.42,3.15,6.56,8.07,8.04,8.18,7.26,0.42,1.05,3.38,100.0,37.2,Avoid,avoid,2026-06-29 16:56:41
120766,UTI Retirement Fund- Direct Plan,INF789F1AA64,UTI Mutual Fund,Other,Solution Oriented Scheme - Retirement Fund,54.6756,25-06-2026,3316,2.09,5.44,-0.5,1.23,5.03,10.19,11.58,10.26,2.11,0.49,18.93,100.0,35.1,Avoid,avoid,2026-06-29 16:56:41
120733,UTI Banking and Financial Services Fund - Direct Plan - Growth Option,INF789F01SN3,UTI Mutual Fund,Sectoral,Equity Scheme - Sectoral/ Thematic,225.7263,29-06-2026,3317,6.0,14.37,0.25,1.36,8.45,13.91,18.85,13.57,4.84,0.53,49.0,80.0,38.1,Avoid,avoid,2026-06-30 16:08:36
120762,UTI Dynamic Bond Fund - Direct Plan - Growth Option,INF789F01XD4,UTI Mutual Fund,Debt,Debt Scheme - Dynamic Bond,35.3485,25-06-2026,3252,1.22,2.37,2.84,4.9,7.27,7.5,7.35,9.61,0.69,0.32,8.13,100.0,30.8,Avoid,avoid,2026-06-29 16:56:35
120760,UTI Multi Asset Allocation Fund - Direct Plan - Growth Option,INF789F01VE6,UTI Mutual Fund,Hybrid,Hybrid Scheme - Multi Asset Allocation,86.9282,25-06-2026,3316,-0.18,7.63,-1.48,4.91,7.25,16.68,18.62,14.3,3.52,0.92,25.02,80.0,48.9,Avoid,avoid,2026-06-29 16:56:41
120771,UTI Children's Hybrid Fund - Direct Plan,INF789F1AZR8,UTI Mutual Fund,Hybrid,Solution Oriented Scheme - Children’s Fund,41.3094,25-06-2026,3316,2.09,5.8,-0.9,-0.88,3.12,7.53,8.81,7.73,2.14,0.12,18.68,80.0,23.9,Avoid,avoid,2026-06-29 16:56:37
120779,UTI Conservative Hybrid Fund - Direct Plan - Growth Option,INF789F01UJ7,UTI Mutual Fund,Index / ETF,Hybrid Scheme - Conservative Hybrid Fund,76.8357,25-06-2026,3251,2.14,4.67,0.51,1.93,5.53,8.71,9.52,8.77,1.6,0.4,14.44,100.0,31.3,Avoid,avoid,2026-06-29 16:56:42
120784,UTI - Unit Linked Insurance Plan- Direct,,UTI Mutual Fund,Hybrid,Hybrid Scheme - Dynamic Asset Allocation or Balanced Advantage,45.6847,25-06-2026,3311,2.83,7.52,0.03,-0.02,5.22,7.83,8.89,7.37,2.16,0.18,17.85,80.0,24.8,Avoid,avoid,2026-06-29 16:56:43
120780,UTI India Consumer Fund - Direct Plan - Growth Option,INF789F01VF3,UTI Mutual Fund,Sectoral,Equity Scheme - Sectoral/ Thematic,61.1757,25-06-2026,3316,3.64,12.86,-4.49,-2.32,0.51,10.81,13.53,10.94,5.25,0.32,29.69,80.0,30.5,Avoid,avoid,2026-06-29 16:56:42
120782,UTI Healthcare Fund - Direct Plan - Growth Option,INF789F01TO9,UTI Mutual Fund,Sectoral,Equity Scheme - Sectoral/ Thematic,364.9704,25-06-2026,3316,4.5,18.53,14.18,14.39,17.88,26.0,24.27,15.4,3.71,1.28,27.1,80.0,69.8,Watch,watch,2026-06-29 16:56:42
120785,UTI - Overnight Fund - Direct Plan - Growth Option,INF789FB1S71,UTI Mutual Fund,Debt,Debt Scheme - Overnight Fund,3732.9101,28-06-2026,3770,0.42,1.27,2.56,5.33,5.88,6.18,6.16,5.62,0.02,-3.14,0.82,100.0,21.9,Avoid,avoid,2026-06-29 16:56:43
120788,UTI - CRTS 81 - Growth Option- Direct,,UTI Mutual Fund,Other,Income,366.6593,02-05-2018,1275,0.0,0.0,0.0,0.0,0.0,0.0,0.0,0.0,0.0,,5.4,0.0,11.9,Avoid,avoid,2026-06-29 16:56:30
120790,UTI Conservative Hybrid Fund - Direct Plan - Monthly Payment Option,INF789F01UM1,UTI Mutual Fund,Index / ETF,Hybrid Scheme - Conservative Hybrid Fund,75.5835,25-06-2026,2544,2.14,4.67,0.51,1.93,5.53,8.71,9.52,8.77,1.6,0.4,14.44,100.0,31.3,Avoid,avoid,2026-06-29 16:56:42
120792,UTI - GILT FUND - Direct Plan - Growth Option,INF789F01TL5,UTI Mutual Fund,Debt,Debt Scheme - Gilt Fund,68.1397,25-06-2026,3251,1.21,3.02,3.52,4.96,6.67,7.05,7.21,6.06,1.05,0.09,8.1,100.0,26.5,Avoid,avoid,2026-06-29 16:56:43
120819,quant Aggressive Hybrid Fund-Growth Option-Direct Plan,INF966L01556,quant Mutual Fund,Hybrid,Hybrid Scheme - Aggressive Hybrid Fund,518.4556,25-06-2026,3319,1.61,20.7,9.72,10.7,5.79,16.06,17.04,15.14,5.03,0.66,28.69,100.0,50.3,Avoid,avoid,2026-06-29 16:56:43
120795,UTI Arbitrage Fund - Direct Plan - Growth Option,INF789FB1RG6,UTI Mutual Fund,Hybrid,Hybrid Scheme - Arbitrage Fund,39.7007,25-06-2026,3301,0.99,1.52,3.23,6.51,7.07,7.5,7.19,6.58,0.2,1.1,0.7,100.0,37.1,Avoid,avoid,2026-06-29 16:56:43
120875,UTI FTIF Series XIII -IV (546 DAYS)-Growth Option-DIRECT,,UTI Mutual Fund,Other,Income,11.3624,03-07-2014,356,0.0,0.0,0.0,0.0,0.0,0.0,0.0,0.0,0.0,,1.71,0.0,12.3,Avoid,avoid,2026-06-29 16:57:06
120845,Quant Money Market Fund-Growth Option-Direct Plan,,quant Mutual Fund,Debt,Debt Scheme - Money Market Fund,32.417,12-02-2021,1989,0.0,0.0,0.0,0.0,0.0,0.0,0.0,0.0,0.0,,38.57,0.0,8.5,Avoid,avoid,2026-06-29 16:57:06
120830,Quant Dynamic Bond-Growth Option-Direct Plan,,quant Mutual Fund,Debt,Debt Scheme - Dynamic Bond,65.4718,12-02-2021,1990,0.0,0.0,0.0,0.0,0.0,0.0,0.0,0.0,0.0,,3.39,0.0,12.1,Avoid,avoid,2026-06-29 16:56:49
120966,Reliance Fixed Horizon Fund - XXIII - Series 1 - Direct Plan - Growth Option,,Reliance Mutual Fund,Other,Income,11.0839,17-04-2014,279,0.0,0.0,0.0,0.0,0.0,0.0,0.0,0.0,0.0,,1.27,0.0,12.4,Avoid,avoid,2026-06-29 16:57:06
121032,DSP BlackRock RGESS Fund - Series 1  - Direct Plan - Growth Option,,DSP Mutual Fund,Other,Income,13.4281,23-03-2016,720,0.0,0.0,0.0,0.0,0.0,0.0,0.0,0.0,0.0,,24.42,0.0,10.0,Avoid,avoid,2026-06-29 16:57:06
121039,UTI FTIF Series XIV -I (366 DAYS)-Growth Option-DIRECT,,UTI Mutual Fund,Other,Income,10.9132,13-02-2014,242,0.0,0.0,0.0,0.0,0.0,0.0,0.0,0.0,0.0,,1.25,0.0,12.4,Avoid,avoid,2026-06-29 16:57:06
121051,DSP BlackRock FTP - Series 21 - 18M - Direct Plan - Growth,,DSP Mutual Fund,Other,Income,11.3526,26-08-2014,359,0.0,0.0,0.0,0.0,0.0,0.0,0.0,0.0,0.0,,1.92,0.0,12.3,Avoid,avoid,2026-06-29 16:57:06
121054,IDFC FTP SERIES-9(410 Days) -Direct Plan- Growth,,IDFC Mutual Fund,Other,Income,11.0418,07-04-2014,269,0.0,0.0,0.0,0.0,0.0,0.0,0.0,0.0,0.0,,1.43,0.0,12.4,Avoid,avoid,2026-06-29 16:57:06
121073,Reliance Fixed Horizon Fund - XXIII - Series 2 - Direct Plan - Growth Option,,Reliance Mutual Fund,Other,Income,11.0785,16-04-2014,273,0.0,0.0,0.0,0.0,0.0,0.0,0.0,0.0,0.0,,1.25,0.0,12.4,Avoid,avoid,2026-06-29 16:57:06
121086,IDBI RGESS-Series-I(Plan A) Growth-Direct,,IDBI Mutual Fund,Other,Income,14.37,21-03-2016,730,0.0,0.0,0.0,0.0,0.0,0.0,0.0,0.0,0.0,,20.61,0.0,10.4,Avoid,avoid,2026-06-29 16:57:06
121153,Indiabulls Income Fund - Direct Plan - Growth Option,,Indiabulls Mutual Fund,Debt,Debt Scheme - Medium Duration Fund,19.0556,31-03-2021,1946,0.0,0.0,0.0,0.0,0.0,0.0,0.0,0.0,0.0,,9.74,0.0,11.5,Avoid,avoid,2026-06-29 16:57:06
121176,UTI- Rajiv Gandhi Equity Saving Scheme - Growth Option - DIRECT,,UTI Mutual Fund,Other,1102 Days,13.5111,21-03-2016,731,0.0,0.0,0.0,0.0,0.0,0.0,0.0,0.0,0.0,,22.32,0.0,10.2,Avoid,avoid,2026-06-29 16:57:07
121204,IDFC FTP-Series 10(404 Days)- Direct Plan-Growth,,IDFC Mutual Fund,Other,Income,11.0454,07-04-2014,266,0.0,0.0,0.0,0.0,0.0,0.0,0.0,0.0,0.0,,1.39,0.0,12.4,Avoid,avoid,2026-06-29 16:57:07
121248,DSP BlackRock FTP - Series 22 - 14M - Direct Plan - Growth Option,,DSP Mutual Fund,Other,Income,11.0611,22-04-2014,272,0.0,0.0,0.0,0.0,0.0,0.0,0.0,0.0,0.0,,1.42,0.0,12.4,Avoid,avoid,2026-06-29 16:57:07
121254,LIC NOMURA MF RGESS FUND Series 1 Direct Growth Option,,LIC Mutual Fund,Other,Income,13.3908,17-03-2016,725,0.0,0.0,0.0,0.0,0.0,0.0,0.0,0.0,0.0,,26.47,0.0,9.7,Avoid,avoid,2026-06-29 16:57:07
121265,HDFC Rajiv Gandhi Equity Savings Scheme - Series 1 - February 2013-Direct Plan-Growth Option,,HDFC Mutual Fund,Hybrid,1,13.93,21-03-2016,732,0.0,0.0,0.0,0.0,0.0,0.0,0.0,0.0,0.0,,23.44,0.0,10.1,Avoid,avoid,2026-06-29 16:57:07
121268,DWS Banking and PSU Debt fund- Direct Plan-Growth,,Deutsche Mutual Fund,Debt,Income,13.0504,02-03-2016,714,0.0,0.0,0.0,0.0,0.0,0.0,0.0,0.0,0.0,,3.2,0.0,12.2,Avoid,avoid,2026-06-29 16:57:07
120834,quant Focused Fund - Growth Option-Direct Plan,INF966L01853,quant Mutual Fund,Thematic,Equity Scheme - Focused Fund,102.6248,25-06-2026,3320,0.81,26.78,8.11,5.15,1.85,15.89,18.3,14.89,6.92,0.53,36.36,80.0,42.2,Avoid,avoid,2026-06-29 16:56:56
120821,quant Multi Asset Allocation Fund-GROWTH OPTION-Direct Plan,INF966L01580,quant Mutual Fund,Hybrid,Hybrid Scheme - Multi Asset Allocation,181.7346,25-06-2026,3313,0.01,10.61,6.51,19.18,13.55,24.3,24.36,20.72,3.11,1.36,44.8,100.0,78.0,Strong Pick,strong,2026-06-29 16:56:43
120847,quant ELSS Tax Saver Fund - Growth Option - Direct Plan,INF966L01986,quant Mutual Fund,ELSS,Equity Scheme - ELSS,456.482,25-06-2026,3319,1.45,21.36,8.47,9.89,1.75,18.15,20.0,17.29,5.62,0.67,36.12,80.0,52.3,Avoid,avoid,2026-06-29 16:57:10
120828,quant Small Cap Fund - Growth Option - Direct Plan,INF966L01689,quant Mutual Fund,Small Cap,Equity Scheme - Small Cap Fund,307.0927,25-06-2026,3315,4.84,27.99,12.53,8.77,3.51,21.52,26.38,20.86,6.15,0.74,51.6,80.0,59.3,Watch,watch,2026-06-29 16:56:56
120841,quant Mid Cap Fund - Growth Option - Direct Plan,INF966L01887,quant Mutual Fund,Mid Cap,Equity Scheme - Mid Cap Fund,249.312,25-06-2026,3319,0.26,17.4,5.65,0.88,-4.06,16.7,20.06,17.77,5.23,0.57,33.43,80.0,47.8,Avoid,avoid,2026-06-29 16:56:56
120823,quant Multi Cap Fund-GROWTH OPTION-Direct Plan,INF966L01614,quant Mutual Fund,Multi Cap,Equity Scheme - Multi Cap Fund,725.7819,25-06-2026,3319,2.73,23.21,9.1,3.93,-2.3,13.57,16.68,14.33,5.6,0.43,36.26,80.0,38.1,Avoid,avoid,2026-06-29 16:56:56
120843,quant Flexi Cap Fund - Growth Option-Direct Plan,INF966L01911,quant Mutual Fund,Multi Cap,Equity Scheme - Flexi Cap Fund,122.7425,25-06-2026,3319,1.63,25.05,11.7,11.32,2.84,19.59,21.89,17.24,6.15,0.7,41.28,80.0,54.6,Avoid,avoid,2026-06-29 16:56:56
120833,quant Infrastructure Fund - Growth Option-Direct Plan,INF966L01721,quant Mutual Fund,Sectoral,Equity Scheme - Sectoral/ Thematic,46.4373,25-06-2026,3319,1.21,32.04,12.67,10.4,-0.01,22.27,23.3,21.13,8.56,0.66,45.99,80.0,60.2,Watch,watch,2026-06-29 16:56:56
120826,quant Large & Mid Cap Fund - Growth Option-Direct Plan,INF966L01648,quant Mutual Fund,Mid Cap,Equity Scheme - Large & Mid Cap Fund,137.3529,25-06-2026,3319,0.71,25.64,9.07,5.99,0.21,18.78,20.57,18.0,6.58,0.65,45.68,80.0,50.4,Avoid,avoid,2026-06-29 16:56:54
120837,quant Liquid Fund - Growth Option - Direct Plan,INF966L01820,quant Mutual Fund,Debt,Debt Scheme - Liquid Fund,44.9136,28-06-2026,4162,0.56,1.5,3.02,6.02,6.64,6.81,6.7,6.18,0.05,0.09,8.96,100.0,27.2,Avoid,avoid,2026-06-29 16:56:56
121279,Bandhan Banking and PSU Fund - Direct Growth,INF194K015G8,Bandhan Mutual Fund,Debt,Debt Scheme - Banking and PSU Fund,26.8925,25-06-2026,3216,1.76,2.5,3.3,5.91,7.45,7.3,7.14,6.35,0.46,0.38,3.29,100.0,30.4,Avoid,avoid,2026-06-29 16:57:10
121354,Aditya Birla Sun Life Rajiv Gandhi Equity Savings Scheme - Series 1 - Direct Plan-Growth,,Aditya Birla Sun Life Mutual Fund,Hybrid,Income,14.91,23-03-2016,733,0.0,0.0,0.0,0.0,0.0,0.0,0.0,0.0,0.0,,22.67,0.0,10.1,Avoid,avoid,2026-06-29 16:57:07
121380,IDFC FTP SERIES -11(397 Days) -Direct Plan-Growth,,IDFC Mutual Fund,Other,Income,11.0238,07-04-2014,262,0.0,0.0,0.0,0.0,0.0,0.0,0.0,0.0,0.0,,1.37,0.0,12.4,Avoid,avoid,2026-06-29 16:57:07
121389,IDFC FTP S 12(369 Days) -Direct Plan-Growth,,IDFC Mutual Fund,Other,Income,10.9331,10-03-2014,244,0.0,0.0,0.0,0.0,0.0,0.0,0.0,0.0,0.0,,1.28,0.0,12.4,Avoid,avoid,2026-06-29 16:57:07
121394,Reliance Fixed Horizon Fund - XXIII - Series 3 - Direct Plan - Growth Option,,Reliance Mutual Fund,Other,Income,10.9645,03-04-2014,256,0.0,0.0,0.0,0.0,0.0,0.0,0.0,0.0,0.0,,1.29,0.0,12.4,Avoid,avoid,2026-06-29 16:57:07
121414,Reliance Fixed Horizon Fund - XXIII - Series 4 - Direct Plan - Growth Option,,Reliance Mutual Fund,Other,Income,10.9801,03-04-2014,248,0.0,0.0,0.0,0.0,0.0,0.0,0.0,0.0,0.0,,1.28,0.0,12.4,Avoid,avoid,2026-06-29 16:57:07
121477,IDFC FTP S- 13(371 Days) -Direct Plan-Growth,,IDFC Mutual Fund,Other,Income,10.92,18-03-2014,244,0.0,0.0,0.0,0.0,0.0,0.0,0.0,0.0,0.0,,1.33,0.0,12.4,Avoid,avoid,2026-06-29 16:57:07
121588,UTI FTIF Series XIV -II (366 DAYS) - Growth Option - DIRECT,,UTI Mutual Fund,Other,Income,10.9416,28-02-2014,242,0.0,0.0,0.0,0.0,0.0,0.0,0.0,0.0,0.0,,1.24,0.0,12.4,Avoid,avoid,2026-06-29 16:57:07
121624,Morgan Stanley Gilt Fund - Direct Growth,,Morgan Stanley Mutual Fund,Debt,Income,10.8184,26-06-2014,315,0.0,0.0,0.0,0.0,0.0,0.0,0.0,0.0,0.0,,5.09,0.0,12.0,Avoid,avoid,2026-06-29 16:57:08
121421,Reliance Fixed Horizon Fund - XXIII - Series 5 - Direct Plan - Growth Option,,Reliance Mutual Fund,Other,Income,10.9682,02-04-2014,249,0.0,0.0,0.0,0.0,0.0,0.0,0.0,0.0,0.0,,1.33,0.0,12.4,Avoid,avoid,2026-06-29 16:57:07
121485,IDFC FTP S-14(399 Days) -Direct Plan-Growth,,IDFC Mutual Fund,Other,Income,11.0145,15-04-2014,260,0.0,0.0,0.0,0.0,0.0,0.0,0.0,0.0,0.0,,1.37,0.0,12.4,Avoid,avoid,2026-06-29 16:57:07
121594,UTI FTIF Series XIV -III (407 DAYS) - Growth Option - DIRECT,,UTI Mutual Fund,Other,Income,11.0454,10-04-2014,265,0.0,0.0,0.0,0.0,0.0,0.0,0.0,0.0,0.0,,1.27,0.0,12.4,Avoid,avoid,2026-06-29 16:57:07
121606,UTI FTIF Series XIV -IV (408 DAYS)- Growth Option - DIRECT,,UTI Mutual Fund,Other,Income,11.0657,16-04-2014,266,0.0,0.0,0.0,0.0,0.0,0.0,0.0,0.0,0.0,,1.33,0.0,12.4,Avoid,avoid,2026-06-29 16:57:08
121635,JPMorgan India Hybrid Fund - Series 2 - Direct Plan - Growth Option,,JPMorgan Mutual Fund,Hybrid,Income,13.5635,15-01-2016,669,0.0,0.0,0.0,0.0,0.0,0.0,0.0,0.0,0.0,,13.36,0.0,11.1,Avoid,avoid,2026-06-29 16:57:08
121655,Pramerica Fixed Duration Fund - Series 5 - Direct Plan - Growth Option,,DHFL Pramerica Mutual Fund,Other,Income,1099.9731,03-04-2014,252,0.0,0.0,0.0,0.0,0.0,0.0,0.0,0.0,0.0,,1.27,0.0,12.4,Avoid,avoid,2026-06-29 16:57:08
121681,IDFC FTP - S 16(397 Days)- Direct Plan-Growth,,IDFC Mutual Fund,Other,Income,10.9657,21-04-2014,257,0.0,0.0,0.0,0.0,0.0,0.0,0.0,0.0,0.0,,1.3,0.0,12.4,Avoid,avoid,2026-06-29 16:57:08
121753,Reliance Fixed Horizon Fund - XXIII - Series 7 - Direct Plan - Growth Option,,Reliance Mutual Fund,Other,Income,10.9091,03-04-2014,246,0.0,0.0,0.0,0.0,0.0,0.0,0.0,0.0,0.0,,1.35,0.0,12.4,Avoid,avoid,2026-06-29 16:57:08
121755,Reliance Fixed Horizon Fund - XXIII - Series 8 - Direct Plan - Growth Option,,Reliance Mutual Fund,Other,1099 Days,14.0124,10-04-2017,965,0.0,0.0,0.0,0.0,0.0,0.0,0.0,0.0,0.0,,2.64,0.0,12.2,Avoid,avoid,2026-06-29 16:57:08
121909,UTI FTIF Series XIV -VI (366 DAYS) - Growth Option -DIRECT,,UTI Mutual Fund,Other,Income,10.8946,20-03-2014,240,0.0,0.0,0.0,0.0,0.0,0.0,0.0,0.0,0.0,,1.39,0.0,12.4,Avoid,avoid,2026-06-29 16:57:09
121916,UTI FTIF Series XIV -VI (366 DAYS) - Maturity Div Option -DIRECT,,UTI Mutual Fund,Other,Income,10.0,20-03-2014,240,0.0,0.0,0.0,0.0,0.0,0.0,0.0,0.0,0.0,,8.19,0.0,11.6,Avoid,avoid,2026-06-29 16:57:11
121787,IDFC FTP -S 17(366 Days)- Direct Plan-Growth,,IDFC Mutual Fund,Other,Income,10.8757,27-03-2014,242,0.0,0.0,0.0,0.0,0.0,0.0,0.0,0.0,0.0,,1.34,0.0,12.4,Avoid,avoid,2026-06-29 16:57:08
121729,Reliance Fixed Horizon Fund - XXIII - Series 6 - Direct Plan - Growth Option,,Reliance Mutual Fund,Other,Income,10.8758,27-03-2014,241,0.0,0.0,0.0,0.0,0.0,0.0,0.0,0.0,0.0,,1.39,0.0,12.4,Avoid,avoid,2026-06-29 16:57:08
121912,UTI FTIF Series XIV -VI (366 DAYS) - Quarterly Div Option - DIRECT,,UTI Mutual Fund,Other,Income,10.0001,20-03-2014,240,0.0,0.0,0.0,0.0,0.0,0.0,0.0,0.0,0.0,,2.58,0.0,12.2,Avoid,avoid,2026-06-29 16:57:09
121913,UTI FTIF Series XIV -VI (366 DAYS) - Annual Div Option - DIRECT,,UTI Mutual Fund,Other,Income,10.0,20-03-2014,240,0.0,0.0,0.0,0.0,0.0,0.0,0.0,0.0,0.0,,8.19,0.0,11.6,Avoid,avoid,2026-06-29 16:57:11
122101,UTI FTIF Series XIV -VII (367 DAYS) - Growth Option -DIRECT,,UTI Mutual Fund,Other,Income,10.8861,24-03-2014,239,0.0,0.0,0.0,0.0,0.0,0.0,0.0,0.0,0.0,,1.45,0.0,12.3,Avoid,avoid,2026-06-29 16:57:11
122119,UTI FTIF Series XIV -VIII (371 DAYS) - Growth Option Direct,,UTI Mutual Fund,Other,Income,10.9024,03-04-2014,244,0.0,0.0,0.0,0.0,0.0,0.0,0.0,0.0,0.0,,1.42,0.0,12.4,Avoid,avoid,2026-06-29 16:57:11
121902,UTI FTIF Series XIV -V (366 DAYS) - Growth Option -DIRECT,,UTI Mutual Fund,Other,Income,10.9191,12-03-2014,241,0.0,0.0,0.0,0.0,0.0,0.0,0.0,0.0,0.0,,1.31,0.0,12.4,Avoid,avoid,2026-06-29 16:57:09
121929,Reliance Fixed Horizon Fund - XXIII - Series 9 - Direct Plan - Growth Option,,Reliance Mutual Fund,Other,Income,10.8951,03-04-2014,244,0.0,0.0,0.0,0.0,0.0,0.0,0.0,0.0,0.0,,1.36,0.0,12.4,Avoid,avoid,2026-06-29 16:57:11
122154,ING Gilt Fund- Provident Fund -Dynamic Plan - Direct Plan  - Cyclical Series Option 2013,,ING Mutual Fund,Debt,Income,10.0,25-03-2014,241,0.0,0.0,0.0,0.0,0.0,0.0,0.0,0.0,0.0,,14.03,0.0,11.0,Avoid,avoid,2026-06-29 16:57:11
122345,Pramerica Fixed Duration Fund - Series 13 - Direct Plan - Growth Option,,DHFL Pramerica Mutual Fund,Other,Income,1090.6059,29-04-2014,242,0.0,0.0,0.0,0.0,0.0,0.0,0.0,0.0,0.0,,1.5,0.0,12.3,Avoid,avoid,2026-06-29 16:57:11
122367,UTI FTIF Series XV -I (368 DAYS) - Annual Div. Option - Direct,,UTI Mutual Fund,Other,Income,10.0,21-04-2014,240,0.0,0.0,0.0,0.0,0.0,0.0,0.0,0.0,0.0,,7.29,0.0,11.7,Avoid,avoid,2026-06-29 16:57:12
122403,ICICI Prudential Multiple Yield Fund - Series 3 - Plan C - Direct Plan - Cumulative,,ICICI Prudential Mutual Fund,Other,Income,16.6135,15-04-2019,190,0.0,0.0,0.0,0.0,0.0,0.0,0.0,0.0,0.0,,3.27,0.0,12.2,Avoid,avoid,2026-06-29 16:57:12
122369,UTI FTIF Series XV -I (368 DAYS) - Growth Option - Direct,,UTI Mutual Fund,Other,Income,10.867,21-04-2014,240,0.0,0.0,0.0,0.0,0.0,0.0,0.0,0.0,0.0,,1.54,0.0,12.3,Avoid,avoid,2026-06-29 16:57:12
122364,UTI FTIF Series XV -I (368 DAYS) - Maturity Div Option- Direct,,UTI Mutual Fund,Other,Income,10.0,21-04-2014,240,0.0,0.0,0.0,0.0,0.0,0.0,0.0,0.0,0.0,,7.89,0.0,11.7,Avoid,avoid,2026-06-29 16:57:12
122362,UTI FTIF Series XV -I (368 DAYS) - Quarterly Div Option - Direct,,UTI Mutual Fund,Other,Income,10.0,21-04-2014,240,0.0,0.0,0.0,0.0,0.0,0.0,0.0,0.0,0.0,,2.49,0.0,12.2,Avoid,avoid,2026-06-29 16:57:12
122374,BNP Paribas Government Securities Fund - Direct Plan - Growth Option,,BNP Paribas Mutual Fund,Other,Income,15.5724,14-02-2018,1155,0.0,0.0,0.0,0.0,0.0,0.0,0.0,0.0,0.0,,8.85,0.0,11.6,Avoid,avoid,2026-06-29 16:57:12
122324,Reliance Fixed Horizon Fund XXIII - Series 10 - Direct Plan - Growth Option,,Reliance Mutual Fund,Other,1099 Days,12.8236,09-05-2016,724,0.0,0.0,0.0,0.0,0.0,0.0,0.0,0.0,0.0,,2.42,0.0,12.2,Avoid,avoid,2026-06-29 16:57:11
122389,Motilal Oswal Focused Fund - Direct Plan Growth Option,INF247L01189,Motilal Oswal Mutual Fund,Thematic,Equity Scheme - Focused Fund,57.5636,25-06-2026,3226,5.23,23.55,12.15,13.61,4.33,12.13,14.94,10.33,4.97,0.36,34.55,60.0,34.2,Avoid,avoid,2026-06-29 16:57:12
122439,ICICI Prudential Multiple Yield Fund - Series 3 - Plan D - Direct Plan - Cumulative,,ICICI Prudential Mutual Fund,Other,Income,16.5876,15-04-2019,190,0.0,0.0,0.0,0.0,0.0,0.0,0.0,0.0,0.0,,3.22,0.0,12.2,Avoid,avoid,2026-06-29 16:57:12
122458,Reliance Fixed Horizon Fund - XXIII - Series 11 - Direct Plan - Growth Option,,Reliance Mutual Fund,Other,1099 Days,12.8722,31-05-2016,727,0.0,0.0,0.0,0.0,0.0,0.0,0.0,0.0,0.0,,3.18,0.0,12.2,Avoid,avoid,2026-06-29 16:57:12
122513,UTI FTIF Series XV -II (367 DAYS) - Growth Option -Direct,,UTI Mutual Fund,Other,Income,10.8438,02-05-2014,240,0.0,0.0,0.0,0.0,0.0,0.0,0.0,0.0,0.0,,1.57,0.0,12.3,Avoid,avoid,2026-06-29 16:57:12
122516,UTI FTIF Series XV -II (367 DAYS) - Annual Div Option - Direct,,UTI Mutual Fund,Other,Income,10.0,02-05-2014,240,0.0,0.0,0.0,0.0,0.0,0.0,0.0,0.0,0.0,,6.82,0.0,11.8,Avoid,avoid,2026-06-29 16:57:12
122520,UTI FTIF Series XV -II (367 DAYS) - Quarterly Div option - Direct,,UTI Mutual Fund,Other,Income,10.0,02-05-2014,240,0.0,0.0,0.0,0.0,0.0,0.0,0.0,0.0,0.0,,2.48,0.0,12.2,Avoid,avoid,2026-06-29 16:57:12
122517,UTI FTIF Series XV -II (367 DAYS) - Maturity Div Option - Direct,,UTI Mutual Fund,Other,Income,10.0,02-05-2014,240,0.0,0.0,0.0,0.0,0.0,0.0,0.0,0.0,0.0,,7.74,0.0,11.7,Avoid,avoid,2026-06-29 16:57:12
122556,UTI FTIF Series XV -III (366 DAYS) - Growth Option - Direct,,UTI Mutual Fund,Other,Income,10.8357,16-05-2014,239,0.0,0.0,0.0,0.0,0.0,0.0,0.0,0.0,0.0,,1.65,0.0,12.3,Avoid,avoid,2026-06-29 16:57:24
122615,Reliance Fixed Horizon Fund - XXIII - Series 12 - Direct Plan - Growth  Option,,Reliance Mutual Fund,Other,1099 Days,13.8038,17-07-2017,980,0.0,0.0,0.0,0.0,0.0,0.0,0.0,0.0,0.0,,3.71,0.0,12.1,Avoid,avoid,2026-06-29 16:57:24
122626,UTI FTIF Series XV -IV (368 DAYS) - Growth Option - Direct,,UTI Mutual Fund,Other,Income,10.8294,26-05-2014,240,0.0,0.0,0.0,0.0,0.0,0.0,0.0,0.0,0.0,,1.77,0.0,12.3,Avoid,avoid,2026-06-29 16:57:24
122561,UTI FTIF Series XV -III (366 DAYS) - Quarterly Div Option - Direct,,UTI Mutual Fund,Other,Income,10.0,16-05-2014,239,0.0,0.0,0.0,0.0,0.0,0.0,0.0,0.0,0.0,,2.54,0.0,12.2,Avoid,avoid,2026-06-29 16:57:24
122630,UTI FTIF Series XV -IV (368 DAYS) - Quarterly Div Option - Direct,,UTI Mutual Fund,Other,Income,10.0,26-05-2014,240,0.0,0.0,0.0,0.0,0.0,0.0,0.0,0.0,0.0,,2.51,0.0,12.2,Avoid,avoid,2026-06-29 16:57:24
122732,IDFC FTP - Series 20(366 Days)-Direct Plan-Growth,,IDFC Mutual Fund,Other,Income,10.8397,26-06-2014,241,0.0,0.0,0.0,0.0,0.0,0.0,0.0,0.0,0.0,,1.83,0.0,12.3,Avoid,avoid,2026-06-29 16:57:24
122639,Parag Parikh Flexi Cap Fund - Direct Plan - Growth,INF879O01027,PPFAS Mutual Fund,Multi Cap,Equity Scheme - Flexi Cap Fund,89.7127,25-06-2026,3216,-0.38,5.22,-5.3,-3.71,4.64,14.58,17.65,14.63,2.96,0.73,31.2,80.0,44.4,Avoid,avoid,2026-06-29 16:57:26
122646,Aditya Birla Sun Life Floating Rate Fund-Direct Plan-Growth,INF209K01UX7,Aditya Birla Sun Life Mutual Fund,Debt,Debt Scheme - Floater Fund,380.4157,25-06-2026,3158,1.04,1.78,2.92,6.22,7.45,7.57,7.48,6.76,0.25,0.99,1.82,100.0,36.1,Avoid,avoid,2026-06-29 16:57:26
122715,360 ONE Dynamic Bond Fund Direct Plan Growth,INF579M01266,360 ONE Mutual Fund,Debt,Debt Scheme - Dynamic Bond,25.3625,25-06-2026,3137,1.98,3.26,3.17,5.93,8.35,8.27,7.98,7.15,0.8,0.62,8.03,100.0,33.2,Avoid,avoid,2026-06-29 16:57:26
122831,UTI FTIF Series XV -VI (368 DAYS) - Annual Div Option - Direct,,UTI Mutual Fund,Other,Income,10.0,30-06-2014,239,0.0,0.0,0.0,0.0,0.0,0.0,0.0,0.0,0.0,,5.52,0.0,11.9,Avoid,avoid,2026-06-29 16:57:27
122761,UTI FTIF Series XV -V (366 DAYS) - Growth Option -Direct,,UTI Mutual Fund,Other,Income,10.8364,11-06-2014,240,0.0,0.0,0.0,0.0,0.0,0.0,0.0,0.0,0.0,,1.83,0.0,12.3,Avoid,avoid,2026-06-29 16:57:25
122858,IDFC FTP - Series 21(370 Days)- Direct Plan-Growth,,IDFC Mutual Fund,Other,Income,12.78974,13-07-2016,718,0.0,0.0,0.0,0.0,0.0,0.0,0.0,0.0,0.0,,2.21,0.0,12.3,Avoid,avoid,2026-06-29 16:57:27
122763,UTI FTIF Series XV -V (366 DAYS) - Quarterly Div Option - Direct,,UTI Mutual Fund,Other,Income,10.0,11-06-2014,240,0.0,0.0,0.0,0.0,0.0,0.0,0.0,0.0,0.0,,2.49,0.0,12.2,Avoid,avoid,2026-06-29 16:57:25
122847,Reliance Fixed Horizon Fund - XXIV - Series 1 - Direct Plan - Growth Option,,Reliance Mutual Fund,Other,Income,10.8407,14-07-2014,239,0.0,0.0,0.0,0.0,0.0,0.0,0.0,0.0,0.0,,1.59,0.0,12.3,Avoid,avoid,2026-06-29 16:57:27
122835,UTI FTIF Series XV -VI (368 DAYS) - Maturity Div Option - Direct,,UTI Mutual Fund,Other,Income,10.0,30-06-2014,239,0.0,0.0,0.0,0.0,0.0,0.0,0.0,0.0,0.0,,7.73,0.0,11.7,Avoid,avoid,2026-06-29 16:57:27
122833,UTI FTIF Series XV -VI (368 DAYS) - Quarterly Div Option - Direct,,UTI Mutual Fund,Other,Income,10.0,30-06-2014,239,0.0,0.0,0.0,0.0,0.0,0.0,0.0,0.0,0.0,,2.57,0.0,12.2,Avoid,avoid,2026-06-29 16:57:27
122829,UTI FTIF Series XV -VI (368 DAYS) - Growth Option - Direct,,UTI Mutual Fund,Other,Income,10.8487,30-06-2014,239,0.0,0.0,0.0,0.0,0.0,0.0,0.0,0.0,0.0,,1.82,0.0,12.3,Avoid,avoid,2026-06-29 16:57:27
122759,UTI FTIF Series XV -V (366 DAYS) - Maturity Div Option - Direct,,UTI Mutual Fund,Other,Income,10.0,11-06-2014,240,0.0,0.0,0.0,0.0,0.0,0.0,0.0,0.0,0.0,,7.7,0.0,11.7,Avoid,avoid,2026-06-29 16:57:25
122902,Reliance Fixed Horizon Fund - XXIV - Series 2 - Direct Plan - Growth Option,,Reliance Mutual Fund,Other,IDF,15.785,16-09-2019,1472,0.0,0.0,0.0,0.0,0.0,0.0,0.0,0.0,0.0,,5.02,0.0,12.0,Avoid,avoid,2026-06-29 16:57:27
122758,UTI FTIF Series XV -V (366 DAYS) - Annual Div Option - Direct,,UTI Mutual Fund,Other,Income,10.0,11-06-2014,240,0.0,0.0,0.0,0.0,0.0,0.0,0.0,0.0,0.0,,5.89,0.0,11.9,Avoid,avoid,2026-06-29 16:57:24
122915,UTI FTIF Series XV -VII (369 DAYS) - Quarterly Div Option - Direct,,UTI Mutual Fund,Other,Income,10.0,07-07-2014,240,0.0,0.0,0.0,0.0,0.0,0.0,0.0,0.0,0.0,,3.14,0.0,12.2,Avoid,avoid,2026-06-29 16:57:27
122951,Axis Hybrid Fund - Series 5 (1346 Days) - Direct Plan - Growth,,Axis Mutual Fund,Hybrid,Income,14.6279,30-09-2020,1728,0.0,0.0,0.0,0.0,0.0,0.0,0.0,0.0,0.0,,17.61,0.0,10.7,Avoid,avoid,2026-06-29 16:57:27
123101,Pramerica Fixed Duration Fund - Series 6 - Direct Plan - Growth,,DHFL Pramerica Mutual Fund,Other,Income,1099.8928,05-08-2014,241,0.0,0.0,0.0,0.0,0.0,0.0,0.0,0.0,0.0,,0.41,0.0,12.5,Avoid,avoid,2026-06-29 16:57:28
122919,UTI FTIF Series XV -VII (369 DAYS) -Growth Option - Direct,,UTI Mutual Fund,Other,Income,10.8311,07-07-2014,240,0.0,0.0,0.0,0.0,0.0,0.0,0.0,0.0,0.0,,1.66,0.0,12.3,Avoid,avoid,2026-06-29 16:57:27
123065,Axis Hybrid Fund Series 6 (1324 Days) - Direct - Growth,,Axis Mutual Fund,Hybrid,Income,15.1062,30-09-2020,1715,0.0,0.0,0.0,0.0,0.0,0.0,0.0,0.0,0.0,,17.59,0.0,10.7,Avoid,avoid,2026-06-29 16:57:28
123122,UTI FTIF Series XV -VIII (368 DAYS) - Growth Option - Direct,,UTI Mutual Fund,Other,Income,13.0883,09-08-2016,724,0.0,0.0,0.0,0.0,0.0,0.0,0.0,0.0,0.0,,0.42,0.0,12.5,Avoid,avoid,2026-06-29 16:57:28
123018,IDFC FTP-S 24(729 days) -Direct Plan_Growth,,IDFC Mutual Fund,Other,Income,13.05307,02-08-2016,718,0.0,0.0,0.0,0.0,0.0,0.0,0.0,0.0,0.0,,0.45,0.0,12.5,Avoid,avoid,2026-06-29 16:57:28
122917,UTI FTIF Series XV -VII (369 DAYS) - Maturity Div Option - Direct,,UTI Mutual Fund,Other,Income,10.0001,07-07-2014,240,0.0,0.0,0.0,0.0,0.0,0.0,0.0,0.0,0.0,,7.62,0.0,11.7,Avoid,avoid,2026-06-29 16:57:27
123030,IDFC FTP -S 25 (729 days)_Direct Plan_Growth,,IDFC Mutual Fund,Other,Income,13.07528,09-08-2016,718,0.0,0.0,0.0,0.0,0.0,0.0,0.0,0.0,0.0,,0.32,0.0,12.5,Avoid,avoid,2026-06-29 16:57:28
123051,Reliance Fixed Horizon Fund - XXIV - Series 3-Direct Plan - Growth Option,,Reliance Mutual Fund,Other,1099 Days,14.7249,25-06-2018,1175,0.0,0.0,0.0,0.0,0.0,0.0,0.0,0.0,0.0,,0.33,0.0,12.5,Avoid,avoid,2026-06-29 16:57:28
123072,Reliance Fixed Horizon Fund - XXIV - Series 4-Direct Plan - Growth Option,,Reliance Mutual Fund,Other,1099 Days,15.0266,02-07-2018,1175,0.0,0.0,0.0,0.0,0.0,0.0,0.0,0.0,0.0,,0.57,0.0,12.4,Avoid,avoid,2026-06-29 16:57:28
122976,IDFC FTP - Series 23 (365 Days) -Direct Plan_Growth,,IDFC Mutual Fund,Other,Income,12.98159,27-07-2016,718,0.0,0.0,0.0,0.0,0.0,0.0,0.0,0.0,0.0,,1.63,0.0,12.3,Avoid,avoid,2026-06-29 16:57:27
123012,JPMorgan US Value Equity Offshore Fund - Direct Plan - Growth Option,,JPMorgan Mutual Fund,Thematic,Income,14.0063,23-11-2016,771,0.0,0.0,0.0,0.0,0.0,0.0,0.0,0.0,0.0,,13.02,0.0,11.1,Avoid,avoid,2026-06-29 16:57:28
123124,UTI FTIF Series XV -VIII (368 DAYS) - Quarterly Div Option - Direct,,UTI Mutual Fund,Other,Income,10.0,09-08-2016,724,0.0,0.0,0.0,0.0,0.0,0.0,0.0,0.0,0.0,,4.04,0.0,12.1,Avoid,avoid,2026-06-29 16:57:28
123125,UTI FTIF Series XV -VIII (368 DAYS) - Annual Div Option - Direct,,UTI Mutual Fund,Other,Income,10.0,30-07-2014,238,0.0,0.0,0.0,0.0,0.0,0.0,0.0,0.0,0.0,,6.09,0.0,11.9,Avoid,avoid,2026-06-29 16:57:28
123141,Morgan Stanley Ultra Short Term Fund-Direct Growth,,Morgan Stanley Mutual Fund,Debt,Income,1098.1099,26-06-2014,219,0.0,0.0,0.0,0.0,0.0,0.0,0.0,0.0,0.0,,0.01,0.0,12.5,Avoid,avoid,2026-06-29 16:57:29
123134,UTI FTIF Series XV -IX (366 DAYS)- Growth Option - Direct,,UTI Mutual Fund,Other,Income,10.9208,25-07-2014,239,0.0,0.0,0.0,0.0,0.0,0.0,0.0,0.0,0.0,,0.44,0.0,12.5,Avoid,avoid,2026-06-29 16:57:28
123218,Sundaram Hybrid Fund Series A Direct Plan Growth,,Sundaram Mutual Fund,Hybrid,Income,13.446,08-08-2016,715,0.0,0.0,0.0,0.0,0.0,0.0,0.0,0.0,0.0,,5.37,0.0,11.9,Avoid,avoid,2026-06-29 16:57:29
123127,UTI FTIF Series XV -VIII (368 DAYS) - Maturity Div Option - Direct,,UTI Mutual Fund,Other,Income,10.0,30-07-2014,238,0.0,0.0,0.0,0.0,0.0,0.0,0.0,0.0,0.0,,8.93,0.0,11.6,Avoid,avoid,2026-06-29 16:57:28
123135,UTI FTIF Series XV -IX (366 DAYS) - Quarterly Div Option - Direct,,UTI Mutual Fund,Other,Income,10.0,25-07-2014,239,0.0,0.0,0.0,0.0,0.0,0.0,0.0,0.0,0.0,,3.75,0.0,12.1,Avoid,avoid,2026-06-29 16:57:28
123133,UTI FTIF Series XV -IX (366 DAYS)- Maturity Div Option - Direct,,UTI Mutual Fund,Other,Income,10.0,25-07-2014,239,0.0,0.0,0.0,0.0,0.0,0.0,0.0,0.0,0.0,,8.41,0.0,11.6,Avoid,avoid,2026-06-29 16:57:28
123131,UTI FTIF Series XV -IX (366 DAYS) - Annual Div Option - Direct,,UTI Mutual Fund,Other,Income,10.0001,25-07-2014,239,0.0,0.0,0.0,0.0,0.0,0.0,0.0,0.0,0.0,,5.75,0.0,11.9,Avoid,avoid,2026-06-29 16:57:28
123205,Reliance Fixed Horizon Fund - XXIV - Series 6 - Direct Plan - Growth Option,,Reliance Mutual Fund,Other,1099 Days,13.2349,20-09-2016,735,0.0,0.0,0.0,0.0,0.0,0.0,0.0,0.0,0.0,,0.49,0.0,12.4,Avoid,avoid,2026-06-29 16:57:29
123211,Reliance Fixed Horizon Fund - XXIV - Series 7 - Direct Plan - Growth Option,,Reliance Mutual Fund,Other,1099 Days,13.27,02-09-2016,723,0.0,0.0,0.0,0.0,0.0,0.0,0.0,0.0,0.0,,0.79,0.0,12.4,Avoid,avoid,2026-06-29 16:57:29
123151,Reliance Fixed Horizon Fund - XXIV - Series 5 - Direct Plan - Growth Option,,Reliance Mutual Fund,Other,1099 Days,12.9811,23-08-2016,721,0.0,0.0,0.0,0.0,0.0,0.0,0.0,0.0,0.0,,0.76,0.0,12.4,Avoid,avoid,2026-06-29 16:57:29
123248,DSP BlackRock FTP - Series 31 - 36M - Direct Plan - Growth Option,,DSP Mutual Fund,Other,Income,13.2363,23-08-2016,718,0.0,0.0,0.0,0.0,0.0,0.0,0.0,0.0,0.0,,0.8,0.0,12.4,Avoid,avoid,2026-06-29 16:57:29
123344,Reliance Fixed Horizon Fund - XXIV - Series 8-Direct Plan-Growth Option,,Reliance Mutual Fund,Other,1099 Days,13.2741,01-09-2016,730,0.0,0.0,0.0,0.0,0.0,0.0,0.0,0.0,0.0,,1.1,0.0,12.4,Avoid,avoid,2026-06-29 16:57:29
123331,Pramerica Fixed Duration Fund - Series 7 - Direct Plan - Growth,,DHFL Pramerica Mutual Fund,Other,Income,1099.8988,12-08-2014,241,0.0,0.0,0.0,0.0,0.0,0.0,0.0,0.0,0.0,,0.29,0.0,12.5,Avoid,avoid,2026-06-29 16:57:29
123334,Pramerica Fixed Duration Fund - Series 8 - Direct Plan - Growth,,DHFL Pramerica Mutual Fund,Other,Income,1026.3162,06-11-2013,58,0.0,0.0,0.0,0.0,0.0,0.0,0.0,0.0,0.0,,0.01,0.0,12.5,Avoid,avoid,2026-06-29 16:57:29
123457,Reliance Fixed Horizon Fund - XXIV - Series 10 - Direct Plan - Growth Option,,Reliance Mutual Fund,Other,1099 Days,13.0824,06-09-2016,722,0.0,0.0,0.0,0.0,0.0,0.0,0.0,0.0,0.0,,0.34,0.0,12.5,Avoid,avoid,2026-06-29 16:57:29
123537,HDFC CPO - I - 36M August 2013 - Direct Option - Growth Option,,HDFC Mutual Fund,Other,5 Year Plan,13.1333,14-09-2016,723,0.0,0.0,0.0,0.0,0.0,0.0,0.0,0.0,0.0,,1.6,0.0,12.3,Avoid,avoid,2026-06-29 16:57:30
123593,Reliance Fixed Horizon Fund - XXIV - Series 14 -Direct Plan -Growth Option,,Reliance Mutual Fund,Other,Income,10.2919,28-11-2013,59,0.0,0.0,0.0,0.0,0.0,0.0,0.0,0.0,0.0,,0,0.0,12.5,Avoid,avoid,2026-06-29 16:57:30
123569,Reliance Fixed Horizon Fund - XXIV - Series 13 -Direct Plan -Growth Option,,Reliance Mutual Fund,Other,1099 Days,13.3252,05-10-2016,737,0.0,0.0,0.0,0.0,0.0,0.0,0.0,0.0,0.0,,0.82,0.0,12.4,Avoid,avoid,2026-06-29 16:57:30
123504,Reliance Fixed Horizon Fund - XXIV - Series 12 -Direct Plan -Growth Option,,Reliance Mutual Fund,Other,Income,10.569,03-03-2014,123,0.0,0.0,0.0,0.0,0.0,0.0,0.0,0.0,0.0,,0.05,0.0,12.5,Avoid,avoid,2026-06-29 16:57:30
123513,IDFC FTP - S 27 (366 days)_Direct Plan Growth,,IDFC Mutual Fund,Other,Income,14.03245,23-08-2017,961,0.0,0.0,0.0,0.0,0.0,0.0,0.0,0.0,0.0,,0.3,0.0,12.5,Avoid,avoid,2026-06-29 16:57:30
123587,IDFC FTP - Series 28 (1098 days) _Direct Plan_Growth,,IDFC Mutual Fund,Other,Income,13.37886,01-09-2016,719,0.0,0.0,0.0,0.0,0.0,0.0,0.0,0.0,0.0,,0.86,0.0,12.4,Avoid,avoid,2026-06-29 16:57:30
123374,Reliance Fixed Horizon Fund - XXIV - Series 9 -Direct Plan -Growth Option,,Reliance Mutual Fund,Other,1099 Days,13.2871,14-09-2016,731,0.0,0.0,0.0,0.0,0.0,0.0,0.0,0.0,0.0,,0.22,0.0,12.5,Avoid,avoid,2026-06-29 16:57:29
123353,IDFC FTP - S 26 (489 days) _Direct Plan Growth,,IDFC Mutual Fund,Other,Income,13.11871,28-09-2016,747,0.0,0.0,0.0,0.0,0.0,0.0,0.0,0.0,0.0,,0.63,0.0,12.4,Avoid,avoid,2026-06-29 16:57:29
123459,Reliance Fixed Horizon Fund - XXIV - Series 11 - Direct Plan - Growth Option,,Reliance Mutual Fund,Other,1099 Days,14.993,02-07-2018,1167,0.0,0.0,0.0,0.0,0.0,0.0,0.0,0.0,0.0,,0.28,0.0,12.5,Avoid,avoid,2026-06-29 16:57:29
123637,IDBI Equity Advantage Fund - Growth Direct,,IDBI Mutual Fund,Other,Formerly Known as IIFL Mutual Fund,48.72,27-07-2023,2426,0.0,0.0,0.0,0.0,0.0,0.71,6.69,5.38,0.0,-7.03,30.0,60.0,13.5,Avoid,avoid,2026-06-29 16:57:31
123665,UTI FTIF Series XV -X (368 DAYS) - Annual Div Option- Direct,,UTI Mutual Fund,Other,IDF,10.0029,23-08-2016,724,0.0,0.0,0.0,0.0,0.0,0.0,0.0,0.0,0.0,,8.43,0.0,11.6,Avoid,avoid,2026-06-29 16:57:30
123667,UTI FTIF Series XV -X (368 DAYS) - Growth Option -Direct,,UTI Mutual Fund,Other,IDF,13.0811,23-08-2016,724,0.0,0.0,0.0,0.0,0.0,0.0,0.0,0.0,0.0,,0.32,0.0,12.5,Avoid,avoid,2026-06-29 16:57:30
123772,IDFC FTP - Series 30_Direct Plan_Growth,,IDFC Mutual Fund,Other,Income,10.2845,03-12-2013,59,0.0,0.0,0.0,0.0,0.0,0.0,0.0,0.0,0.0,,0,0.0,12.5,Avoid,avoid,2026-06-29 16:57:31
123789,IDFC FTP - Series 31 (729 days)_Direct Plan_Growth,,IDFC Mutual Fund,Other,Income,13.13165,30-08-2016,718,0.0,0.0,0.0,0.0,0.0,0.0,0.0,0.0,0.0,,0.21,0.0,12.5,Avoid,avoid,2026-06-29 16:57:31
123797,Pramerica Fixed Duration Fund - Series 10 - Direct Plan - Growth,,DHFL Pramerica Mutual Fund,Other,Income,1028.4442,27-11-2013,59,0.0,0.0,0.0,0.0,0.0,0.0,0.0,0.0,0.0,,0,0.0,12.5,Avoid,avoid,2026-06-29 16:57:31
123668,UTI FTIF Series XV -X (368 DAYS) - Quarterly Div Option - Direct,,UTI Mutual Fund,Other,Income,10.0,11-08-2014,238,0.0,0.0,0.0,0.0,0.0,0.0,0.0,0.0,0.0,,3.79,0.0,12.1,Avoid,avoid,2026-06-29 16:57:30
123880,IDFC FTP - Series 32 (729 days)_Direct Plan_Growth,,IDFC Mutual Fund,Other,Income,13.05096,06-09-2016,717,0.0,0.0,0.0,0.0,0.0,0.0,0.0,0.0,0.0,,0.21,0.0,12.5,Avoid,avoid,2026-06-29 16:57:31
123889,UTI FTIF Series XVI - I (366 DAYS) - Annual Div Option - Direct,,UTI Mutual Fund,Other,Income,10.0002,21-08-2014,237,0.0,0.0,0.0,0.0,0.0,0.0,0.0,0.0,0.0,,6.32,0.0,11.8,Avoid,avoid,2026-06-29 16:57:31
123694,IDFC FTP - Series 29(485 days)_Direct Plan_Growth,,IDFC Mutual Fund,Other,Income,13.12241,28-09-2016,737,0.0,0.0,0.0,0.0,0.0,0.0,0.0,0.0,0.0,,0.32,0.0,12.5,Avoid,avoid,2026-06-29 16:57:30
123671,UTI FTIF Series XV -X (368 DAYS) - Maturity Div Option - Direct,,UTI Mutual Fund,Other,IDF,10.0001,23-08-2016,724,0.0,0.0,0.0,0.0,0.0,0.0,0.0,0.0,0.0,,15.96,0.0,10.8,Avoid,avoid,2026-06-29 16:57:30
123742,Reliance Fixed Horizon Fund - XXIV - Series 15-Direct Plan -Growth Option,,Reliance Mutual Fund,Other,1099 Days,15.0336,02-07-2018,1160,0.0,0.0,0.0,0.0,0.0,0.0,0.0,0.0,0.0,,0.27,0.0,12.5,Avoid,avoid,2026-06-29 16:57:31
123654,ICICI Prudential Global Stable Equity Fund (FOF) - Direct - Growth,INF109KA1CE0,ICICI Prudential Mutual Fund,International,Other Scheme - FoF Overseas,34.23,25-06-2026,2919,-1.5,2.36,5.49,15.14,15.16,11.87,12.59,9.56,2.73,0.51,26.16,80.0,39.1,Avoid,avoid,2026-06-29 16:57:32
123891,UTI FTIF Series XVI - I (366 DAYS) - Quarterly Div Option - Direct,,UTI Mutual Fund,Other,Income,10.0,21-08-2014,237,0.0,0.0,0.0,0.0,0.0,0.0,0.0,0.0,0.0,,4.29,0.0,12.1,Avoid,avoid,2026-06-29 16:57:31
123892,UTI FTIF Series XVI - I (366 DAYS) - Maturity Div Option - Direct,,UTI Mutual Fund,Other,Income,10.0,21-08-2014,237,0.0,0.0,0.0,0.0,0.0,0.0,0.0,0.0,0.0,,9.65,0.0,11.5,Avoid,avoid,2026-06-29 16:57:31
123896,UTI FTIF Series XVI - I (366 DAYS) - Growth Option - Direct,,UTI Mutual Fund,Other,IDF,13.164,29-08-2016,721,0.0,0.0,0.0,0.0,0.0,0.0,0.0,0.0,0.0,,0.29,0.0,12.5,Avoid,avoid,2026-06-29 16:57:31
123919,UTI FTIF Series XVI - II (1100 DAYS) - Quarterly Div Option - Direct,,UTI Mutual Fund,Other,IDF,10.0031,31-08-2016,718,0.0,0.0,0.0,0.0,0.0,0.0,0.0,0.0,0.0,,5.66,0.0,11.9,Avoid,avoid,2026-06-29 16:57:42
123905,JPMorgan India Banking and PSU Debt Fund - Direct Plan - Growth Option,,JPMorgan Mutual Fund,Debt,Income,13.4315,24-11-2016,764,0.0,0.0,0.0,0.0,0.0,0.0,0.0,0.0,0.0,,0.41,0.0,12.5,Avoid,avoid,2026-06-29 16:57:31
123917,UTI FTIF Series XVI - II (1100 DAYS) - Annual Div Option - Direct,,UTI Mutual Fund,Other,IDF,10.0014,31-08-2016,718,0.0,0.0,0.0,0.0,0.0,0.0,0.0,0.0,0.0,,11.34,0.0,11.3,Avoid,avoid,2026-06-29 16:57:31
123923,UTI FTIF Series XVI - II (1100 DAYS) - Growth Option - Direct,,UTI Mutual Fund,Other,IDF,13.2615,31-08-2016,718,0.0,0.0,0.0,0.0,0.0,0.0,0.0,0.0,0.0,,0.85,0.0,12.4,Avoid,avoid,2026-06-29 16:57:42
123980,Axis Hybrid Fund - Series 7 (1305 Day) - Direct Plan - Growth,,Axis Mutual Fund,Hybrid,Income,13.1877,06-03-2017,836,0.0,0.0,0.0,0.0,0.0,0.0,0.0,0.0,0.0,,17.29,0.0,10.7,Avoid,avoid,2026-06-29 16:57:42
123930,UTI FTIF Series XVI - III (368 DAYS) - Growth Option - Direct,,UTI Mutual Fund,Other,IDF,13.1964,14-09-2016,724,0.0,0.0,0.0,0.0,0.0,0.0,0.0,0.0,0.0,,0.24,0.0,12.5,Avoid,avoid,2026-06-29 16:57:42
123927,UTI FTIF Series XVI - III (368 DAYS) - Maturity Div Option - Direct,,UTI Mutual Fund,Other,IDF,10.0,14-09-2016,724,0.0,0.0,0.0,0.0,0.0,0.0,0.0,0.0,0.0,,16.13,0.0,10.8,Avoid,avoid,2026-06-29 16:57:42
123931,UTI FTIF Series XVI - III (368 DAYS) - Annual Div Option - Direct,,UTI Mutual Fund,Other,IDF,10.0,14-09-2016,724,0.0,0.0,0.0,0.0,0.0,0.0,0.0,0.0,0.0,,8.34,0.0,11.6,Avoid,avoid,2026-06-29 16:57:42
123933,UTI FTIF Series XVI - III (368 DAYS) - Quarterly Div Option - Direct,,UTI Mutual Fund,Other,Income,10.0056,03-09-2014,238,0.0,0.0,0.0,0.0,0.0,0.0,0.0,0.0,0.0,,4.03,0.0,12.1,Avoid,avoid,2026-06-29 16:57:42
123982,Reliance Fixed Horizon Fund - XXIV - Series 16 - Direct Plan - Growth Plan,,Reliance Mutual Fund,Other,1099 Days,13.1293,27-09-2016,725,0.0,0.0,0.0,0.0,0.0,0.0,0.0,0.0,0.0,,0.17,0.0,12.5,Avoid,avoid,2026-06-29 16:57:43
123693,Kotak Banking and PSU Debt Direct - Growth,INF174K01KH7,Kotak Mahindra Mutual Fund,Debt,Debt Scheme - Banking and PSU Fund,72.3132,25-06-2026,3103,1.78,2.29,2.85,5.83,7.63,7.6,7.56,6.67,0.55,0.5,2.84,100.0,31.7,Avoid,avoid,2026-06-29 16:57:32
123704,Groww Short Term Fund (formerly known as Indiabulls Short Term Fund) - Direct Plan - Growth Option,INF666M01AC0,Groww Mutual Fund,Debt,Debt Scheme - Short Duration Fund,2532.8027,25-06-2026,3084,1.45,2.14,2.81,5.66,7.65,7.51,7.24,6.25,0.39,0.55,1.21,100.0,32.2,Avoid,avoid,2026-06-29 16:57:32
124091,IIFL SHORT TERM INCOME FUND DIRECT PLAN  GROWTH OPTION,,IIFL Mutual Fund,Other,Income,11.0982,22-12-2014,296,0.0,0.0,0.0,0.0,0.0,0.0,0.0,0.0,0.0,,0.03,0.0,12.5,Avoid,avoid,2026-06-29 16:57:42
124113,DSP BlackRock FTP - Series 32 - 24M (Maturity Date 21 Sep 2016) - Direct Plan - Growth Option,,DSP Mutual Fund,Other,Income,12.8743,21-09-2016,720,0.0,0.0,0.0,0.0,0.0,0.0,0.0,0.0,0.0,,0.39,0.0,12.5,Avoid,avoid,2026-06-29 16:57:43
124098,Reliance Fixed Horizon Fund - XXIV - Series 17-Direct Plan -Growth Option,,Reliance Mutual Fund,Other,1099 Days,13.1119,27-09-2016,725,0.0,0.0,0.0,0.0,0.0,0.0,0.0,0.0,0.0,,0.17,0.0,12.5,Avoid,avoid,2026-06-29 16:57:42
124175,DSP Banking & PSU Debt Fund - Direct Plan - Growth,INF740K01ZW2,DSP Mutual Fund,Debt,Debt Scheme - Banking and PSU Fund,26.1977,25-06-2026,3091,1.93,2.7,2.52,4.96,7.02,7.2,7.07,6.21,0.68,0.2,3.05,100.0,28.2,Avoid,avoid,2026-06-29 16:57:43
124194,IDFC FTP - Series 33 (729 days)_Direct Plan_Growth,,IDFC Mutual Fund,Other,Income,13.08824,14-09-2016,717,0.0,0.0,0.0,0.0,0.0,0.0,0.0,0.0,0.0,,0.23,0.0,12.5,Avoid,avoid,2026-06-29 16:57:43
124249,Reliance Fixed Horizon Fund - XXIV - Series 20 - Direct Plan - Growth Option,,Reliance Mutual Fund,Other,1099 Days,13.1969,01-11-2016,737,0.0,0.0,0.0,0.0,0.0,0.0,0.0,0.0,0.0,,0.88,0.0,12.4,Avoid,avoid,2026-06-29 16:57:43
124350,HDFC CPO - I - 36M September 2013 - Direct Option - Growth Option,,HDFC Mutual Fund,Other,5 Year Plan,12.8091,19-10-2016,726,0.0,0.0,0.0,0.0,0.0,0.0,0.0,0.0,0.0,,1.59,0.0,12.3,Avoid,avoid,2026-06-29 16:57:44
124378,IDFC FTP - Series 35 (732 days)-Direct Plan_Growth,,IDFC Mutual Fund,Other,Income,13.03904,26-09-2016,718,0.0,0.0,0.0,0.0,0.0,0.0,0.0,0.0,0.0,,0.23,0.0,12.5,Avoid,avoid,2026-06-29 16:57:44
124391,IDFC FTP - Series 36-Direct Plan_Growth,,IDFC Mutual Fund,Other,Income,10.2409,26-12-2013,60,0.0,0.0,0.0,0.0,0.0,0.0,0.0,0.0,0.0,,0,0.0,12.5,Avoid,avoid,2026-06-29 16:57:44
124279,IDFC FTP - Series 34 (728 days)_Direct Plan_Growth,,IDFC Mutual Fund,Other,Income,13.08158,19-09-2016,718,0.0,0.0,0.0,0.0,0.0,0.0,0.0,0.0,0.0,,0.24,0.0,12.5,Avoid,avoid,2026-06-29 16:57:44
124262,Reliance Fixed Horizon Fund - XXIV - Series 21 - Direct Plan - Growth Option,,Reliance Mutual Fund,Other,Income,10.9686,29-09-2014,238,0.0,0.0,0.0,0.0,0.0,0.0,0.0,0.0,0.0,,0.14,0.0,12.5,Avoid,avoid,2026-06-29 16:57:43
124224,Reliance Fixed Horizon Fund - XXIV - Series 19-Direct Plan- Growth Option,,Reliance Mutual Fund,Other,Income,10.2738,19-12-2013,61,0.0,0.0,0.0,0.0,0.0,0.0,0.0,0.0,0.0,,0,0.0,12.5,Avoid,avoid,2026-06-29 16:57:43
124427,IDFC FTP - Series 38 (166 days)- Direct Plan_Growth,,IDFC Mutual Fund,Other,Income,10.4395,10-03-2014,110,0.0,0.0,0.0,0.0,0.0,0.0,0.0,0.0,0.0,,0.03,0.0,12.5,Avoid,avoid,2026-06-29 16:57:44
124203,Pramerica Fixed Duration Fund - Series 14 - Direct Plan - Growth,,DHFL Pramerica Mutual Fund,Other,Income,1104.4708,17-09-2014,242,0.0,0.0,0.0,0.0,0.0,0.0,0.0,0.0,0.0,,0.07,0.0,12.5,Avoid,avoid,2026-06-29 16:57:43
124213,Reliance Fixed Horizon Fund - XXIV - Series 18 -Direct Plan -Growth Option,,Reliance Mutual Fund,Other,1099 Days,13.1299,27-09-2016,722,0.0,0.0,0.0,0.0,0.0,0.0,0.0,0.0,0.0,,0.18,0.0,12.5,Avoid,avoid,2026-06-29 16:57:43
124440,IDFC FTP - Series 39 (506 days)- Direct Plan_Growth,,IDFC Mutual Fund,Other,Income,12.9135,28-09-2016,717,0.0,0.0,0.0,0.0,0.0,0.0,0.0,0.0,0.0,,0.3,0.0,12.5,Avoid,avoid,2026-06-29 16:57:44
124234,Motilal Oswal Ultra Short Term Fund (MOFUSTF) -Direct Plan- Growth,INF247L01247,Motilal Oswal Mutual Fund,Debt,Debt Scheme - Ultra Short Duration Fund,18.4925,25-06-2026,3086,0.7,1.69,3.06,6.11,6.35,6.46,6.26,5.65,0.12,-1.04,11.96,100.0,21.7,Avoid,avoid,2026-06-29 16:57:43
124558,UTI FTIF Series XVI - IV (369 DAYS) - Quarterly Div Option - Direct,,UTI Mutual Fund,Other,IDF,10.0,29-09-2016,727,0.0,0.0,0.0,0.0,0.0,0.0,0.0,0.0,0.0,,3.28,0.0,12.2,Avoid,avoid,2026-06-29 16:57:44
124555,UTI FTIF Series XVI - IV (369 DAYS) - Growth Option - Direct,,UTI Mutual Fund,Other,IDF,13.1165,29-09-2016,727,0.0,0.0,0.0,0.0,0.0,0.0,0.0,0.0,0.0,,0.21,0.0,12.5,Avoid,avoid,2026-06-29 16:57:44
124563,UTI FTIF Series XVI - IV (369 DAYS) - Annual Div Option - Direct,,UTI Mutual Fund,Other,IDF,10.0001,29-09-2016,727,0.0,0.0,0.0,0.0,0.0,0.0,0.0,0.0,0.0,,8.5,0.0,11.6,Avoid,avoid,2026-06-29 16:57:44
124689,IDFC FTP -S 41 (566 days)- Direct Plan_Growth,,IDFC Mutual Fund,Other,Income,12.96932,28-12-2016,768,0.0,0.0,0.0,0.0,0.0,0.0,0.0,0.0,0.0,,0.33,0.0,12.5,Avoid,avoid,2026-06-29 16:57:45
124673,UTI FTIF Series XVI - V (731 DAYS)- Growth Option - Direct,,UTI Mutual Fund,Other,IDF,13.0787,15-09-2016,715,0.0,0.0,0.0,0.0,0.0,0.0,0.0,0.0,0.0,,0.38,0.0,12.5,Avoid,avoid,2026-06-29 16:57:45
124561,UTI FTIF Series XVI - IV (369 DAYS) - Maturity Div Option - Direct,,UTI Mutual Fund,Other,Income,10.0,15-09-2014,238,0.0,0.0,0.0,0.0,0.0,0.0,0.0,0.0,0.0,,9.13,0.0,11.5,Avoid,avoid,2026-06-29 16:57:44
124674,UTI FTIF Series XVI - V (731 DAYS) - Quarterly Div Option - Direct,,UTI Mutual Fund,Other,IDF,10.0,15-09-2016,715,0.0,0.0,0.0,0.0,0.0,0.0,0.0,0.0,0.0,,3.72,0.0,12.1,Avoid,avoid,2026-06-29 16:57:45
124735,IDFC FTP -S 42  (731 days)-Direct Plan_Growth,,IDFC Mutual Fund,Other,Income,12.92445,13-10-2016,719,0.0,0.0,0.0,0.0,0.0,0.0,0.0,0.0,0.0,,0.22,0.0,12.5,Avoid,avoid,2026-06-29 16:57:45
124672,UTI FTIF Series XVI - V (731 DAYS)- Annual Div Option - Direct,,UTI Mutual Fund,Other,IDF,10.0011,15-09-2016,715,0.0,0.0,0.0,0.0,0.0,0.0,0.0,0.0,0.0,,9.8,0.0,11.5,Avoid,avoid,2026-06-29 16:57:45
124604,IDFC FTP - S 40 (729 days) -Direct Plan-Growth,,IDFC Mutual Fund,Other,Income,12.99354,05-10-2016,718,0.0,0.0,0.0,0.0,0.0,0.0,0.0,0.0,0.0,,0.23,0.0,12.5,Avoid,avoid,2026-06-29 16:57:44
124707,Reliance Fixed Horizon Fund - XXIV - Series 22 - Direct Plan - Growth Option,,Reliance Mutual Fund,Other,1099 Days,13.6532,24-07-2017,905,0.0,0.0,0.0,0.0,0.0,0.0,0.0,0.0,0.0,,0.29,0.0,12.5,Avoid,avoid,2026-06-29 16:57:45
124788,IDFC FTP -S 44 (730 days)_Direct Plan_Growth,,IDFC Mutual Fund,Other,Income,12.82953,24-10-2016,717,0.0,0.0,0.0,0.0,0.0,0.0,0.0,0.0,0.0,,0.22,0.0,12.5,Avoid,avoid,2026-06-29 16:57:45
124817,Union KBC Trigger Fund - Series 1 - Direct Plan - Growth Option,,Union Mutual Fund,Other,Income,12.99,21-07-2014,172,0.0,0.0,0.0,0.0,0.0,0.0,0.0,0.0,0.0,,4.62,0.0,12.0,Avoid,avoid,2026-06-29 16:57:45
124860,UTI FTIF Series XVI - VI (369 DAYS)- Growth Option - Direct,,UTI Mutual Fund,Other,Income,10.9739,29-09-2014,239,0.0,0.0,0.0,0.0,0.0,0.0,0.0,0.0,0.0,,0.13,0.0,12.5,Avoid,avoid,2026-06-29 16:57:45
124863,UTI FTIF Series XVI - VI (369 DAYS)- Maturity Div Option - Direct,,UTI Mutual Fund,Other,Income,10.0,29-09-2014,239,0.0,0.0,0.0,0.0,0.0,0.0,0.0,0.0,0.0,,8.8,0.0,11.6,Avoid,avoid,2026-06-29 16:57:45
124862,UTI FTIF Series XVI - VI (369 DAYS) - Annual Div Option - Direct,,UTI Mutual Fund,Other,Income,10.0,29-09-2014,239,0.0,0.0,0.0,0.0,0.0,0.0,0.0,0.0,0.0,,4.61,0.0,12.0,Avoid,avoid,2026-06-29 16:57:45
124866,UTI FTIF Series XVI - VI (369 DAYS)- Flexi Div Option - Direct,,UTI Mutual Fund,Other,Income,10.0,29-09-2014,239,0.0,0.0,0.0,0.0,0.0,0.0,0.0,0.0,0.0,,8.81,0.0,11.6,Avoid,avoid,2026-06-29 16:57:45
124873,Reliance Fixed Horizon Fund - XXIV - Series 23-Direct Plan-Growth Option,,Reliance Mutual Fund,Other,Income,10.9337,11-11-2014,237,0.0,0.0,0.0,0.0,0.0,0.0,0.0,0.0,0.0,,0.12,0.0,12.5,Avoid,avoid,2026-06-29 16:57:45
124865,UTI FTIF Series XVI - VI (369 DAYS)- Quarterly Div Option - Direct,,UTI Mutual Fund,Other,Income,10.0001,29-09-2014,239,0.0,0.0,0.0,0.0,0.0,0.0,0.0,0.0,0.0,,2.46,0.0,12.2,Avoid,avoid,2026-06-29 16:57:45
124930,UTI FTIF Series XVI - VII (366 DAYS) - Maturity Div Option - Direct,,UTI Mutual Fund,Other,Income,10.0,01-10-2014,238,0.0,0.0,0.0,0.0,0.0,0.0,0.0,0.0,0.0,,8.71,0.0,11.6,Avoid,avoid,2026-06-29 16:57:46
124926,UTI FTIF Series XVI - VII (366 DAYS) - Annual Div Option - Direct,,UTI Mutual Fund,Other,Income,10.0001,01-10-2014,238,0.0,0.0,0.0,0.0,0.0,0.0,0.0,0.0,0.0,,4.68,0.0,12.0,Avoid,avoid,2026-06-29 16:57:45
124925,UTI FTIF Series XVI - VII (366 DAYS) - Growth Option - Direct,,UTI Mutual Fund,Other,IDF,13.0714,17-10-2016,725,0.0,0.0,0.0,0.0,0.0,0.0,0.0,0.0,0.0,,0.57,0.0,12.4,Avoid,avoid,2026-06-29 16:57:45
124928,UTI FTIF Series XVI - VII (366 DAYS) -Flexi Div Option - Direct,,UTI Mutual Fund,Other,Income,10.0,01-10-2014,238,0.0,0.0,0.0,0.0,0.0,0.0,0.0,0.0,0.0,,8.6,0.0,11.6,Avoid,avoid,2026-06-29 16:57:46
124946,UTI FTIF Series XVI - VIII (368 DAYS)-Quarterly Div Option - Direct,,UTI Mutual Fund,Other,Income,10.0,13-10-2014,235,0.0,0.0,0.0,0.0,0.0,0.0,0.0,0.0,0.0,,2.34,0.0,12.3,Avoid,avoid,2026-06-29 16:57:46
124949,UTI FTIF Series XVI - VIII (368 DAYS)- Growth Option - Direct,,UTI Mutual Fund,Other,IDF,12.9798,25-10-2016,723,0.0,0.0,0.0,0.0,0.0,0.0,0.0,0.0,0.0,,0.2,0.0,12.5,Avoid,avoid,2026-06-29 16:57:46
124950,UTI FTIF Series XVI - VIII (368 DAYS)- Maturity Div Option - Direct,,UTI Mutual Fund,Other,Income,10.0002,13-10-2014,235,0.0,0.0,0.0,0.0,0.0,0.0,0.0,0.0,0.0,,8.13,0.0,11.7,Avoid,avoid,2026-06-29 16:57:46
125037,HDFC CPO - I - 36M October 2013 - Direct Option - Growth Option,,HDFC Mutual Fund,Other,5 Year Plan,12.7688,15-11-2016,722,0.0,0.0,0.0,0.0,0.0,0.0,0.0,0.0,0.0,,1.76,0.0,12.3,Avoid,avoid,2026-06-29 16:57:46
125090,UTI FTIF Series XVI - IX (368 DAYS) - Growth Option - Direct,,UTI Mutual Fund,Other,IDF,12.9711,10-11-2016,725,0.0,0.0,0.0,0.0,0.0,0.0,0.0,0.0,0.0,,0.21,0.0,12.5,Avoid,avoid,2026-06-29 16:57:46
125058,Sundaram Hybrid Fund Series C Direct Plan Growth,,Sundaram Mutual Fund,Hybrid,Income,13.4682,07-11-2016,715,0.0,0.0,0.0,0.0,0.0,0.0,0.0,0.0,0.0,,3.78,0.0,12.1,Avoid,avoid,2026-06-29 16:57:46
125094,UTI FTIF Series XVI - IX (368 DAYS) - Quarterly Div Option - Direct,,UTI Mutual Fund,Other,Income,10.0,27-10-2014,233,0.0,0.0,0.0,0.0,0.0,0.0,0.0,0.0,0.0,,2.36,0.0,12.3,Avoid,avoid,2026-06-29 16:57:46
125309,Reliance Fixed Horizon Fund - XXV - Series 2-Direct Plan-Growth Option,,Reliance Mutual Fund,Other,1099 Days,12.8717,06-12-2016,726,0.0,0.0,0.0,0.0,0.0,0.0,0.0,0.0,0.0,,0.19,0.0,12.5,Avoid,avoid,2026-06-29 16:57:47
125357,Reliance Fixed Horizon Fund - XXV - Series 3 - Direct Plan - Growth Option,,Reliance Mutual Fund,Other,1099 Days,13.5394,24-07-2017,874,0.0,0.0,0.0,0.0,0.0,0.0,0.0,0.0,0.0,,0.16,0.0,12.5,Avoid,avoid,2026-06-29 16:57:47
125152,Reliance Fixed Horizon Fund - XXIV - Series 24 - Direct Plan - Growth Option,,Reliance Mutual Fund,Other,1099 Days,15.521,12-11-2018,1200,0.0,0.0,0.0,0.0,0.0,0.0,0.0,0.0,0.0,,0.78,0.0,12.4,Avoid,avoid,2026-06-29 16:57:46
125098,UTI FTIF Series XVI - IX (368 DAYS) - Flexi Div Option - Direct,,UTI Mutual Fund,Other,Income,10.0,27-10-2014,233,0.0,0.0,0.0,0.0,0.0,0.0,0.0,0.0,0.0,,7.58,0.0,11.7,Avoid,avoid,2026-06-29 16:57:46
125372,UTI FTIF Series XVI - X (369 DAYS) - Growth Option - Direct,,UTI Mutual Fund,Other,IDF,12.9569,29-11-2016,725,0.0,0.0,0.0,0.0,0.0,0.0,0.0,0.0,0.0,,0.21,0.0,12.5,Avoid,avoid,2026-06-29 16:57:47
125096,UTI FTIF Series XVI - IX (368 DAYS) - Maturity Div Option - Direct,,UTI Mutual Fund,Other,Income,10.0,27-10-2014,233,0.0,0.0,0.0,0.0,0.0,0.0,0.0,0.0,0.0,,8.12,0.0,11.7,Avoid,avoid,2026-06-29 16:57:46
125281,IDFC FTP - Series 48 (601 days)_Direct Plan_Growth,,IDFC Mutual Fund,Other,Income,13.00686,28-12-2016,747,0.0,0.0,0.0,0.0,0.0,0.0,0.0,0.0,0.0,,0.13,0.0,12.5,Avoid,avoid,2026-06-29 16:57:47
125257,Reliance Fixed Horizon Fund - XXV - Series 1-Direct Plan -Growth Option,,Reliance Mutual Fund,Other,1099 Days,13.6162,24-07-2017,883,0.0,0.0,0.0,0.0,0.0,0.0,0.0,0.0,0.0,,0.16,0.0,12.5,Avoid,avoid,2026-06-29 16:57:46
125192,Reliance Fixed Horizon Fund - XXIV - Series 25- Direct Plan - Growth Option,,Reliance Mutual Fund,Other,1099 Days,14.2784,02-07-2018,1114,0.0,0.0,0.0,0.0,0.0,0.0,0.0,0.0,0.0,,0.28,0.0,12.5,Avoid,avoid,2026-06-29 16:57:46
125374,UTI FTIF Series XVI - X (369 DAYS) - Annual Div Option - Direct,,UTI Mutual Fund,Other,Income,10.0001,17-11-2014,234,0.0,0.0,0.0,0.0,0.0,0.0,0.0,0.0,0.0,,5.52,0.0,11.9,Avoid,avoid,2026-06-29 16:57:47
125390,Reliance Fixed Horizon Fund - XXV - Series 4 - Direct Plan - Growth Option,,Reliance Mutual Fund,Other,1099 Days,12.8731,15-12-2016,727,0.0,0.0,0.0,0.0,0.0,0.0,0.0,0.0,0.0,,0.25,0.0,12.5,Avoid,avoid,2026-06-29 16:57:47
125380,UTI FTIF Series XVI - X (369 DAYS) - Quarterly Div Option - Direct,,UTI Mutual Fund,Other,Income,10.0001,17-11-2014,234,0.0,0.0,0.0,0.0,0.0,0.0,0.0,0.0,0.0,,2.34,0.0,12.3,Avoid,avoid,2026-06-29 16:57:47
125375,UTI FTIF Series XVI - X (369 DAYS) - Maturity Div Option - Direct,,UTI Mutual Fund,Other,Income,10.0001,17-11-2014,234,0.0,0.0,0.0,0.0,0.0,0.0,0.0,0.0,0.0,,8.49,0.0,11.6,Avoid,avoid,2026-06-29 16:57:47
125472,IDFC FTP S 49 (729 Days)_Direct Plan_Growth,,IDFC Mutual Fund,Other,Income,12.85067,29-11-2016,717,0.0,0.0,0.0,0.0,0.0,0.0,0.0,0.0,0.0,,0.22,0.0,12.5,Avoid,avoid,2026-06-29 16:57:48
125395,Reliance Fixed Horizon Fund - XXV - Series 5 - Direct Plan - Growth Option,,Reliance Mutual Fund,Other,Income,10.2284,03-03-2014,60,0.0,0.0,0.0,0.0,0.0,0.0,0.0,0.0,0.0,,0,0.0,12.5,Avoid,avoid,2026-06-29 16:57:48
125415,DSP BlackRock FTP - Series 33 - 24M - Direct Plan - Growth Option (Maturity Date 01-Dec-2016),,DSP Mutual Fund,Other,Income,12.8104,01-12-2016,719,0.0,0.0,0.0,0.0,0.0,0.0,0.0,0.0,0.0,,0.25,0.0,12.5,Avoid,avoid,2026-06-29 16:57:48
125376,UTI FTIF Series XVI - X (369 DAYS) - Flexi Div Option - Direct,,UTI Mutual Fund,Other,Income,10.0003,17-11-2014,234,0.0,0.0,0.0,0.0,0.0,0.0,0.0,0.0,0.0,,7.38,0.0,11.7,Avoid,avoid,2026-06-29 16:57:47
125510,SBI Benchmark Gsec Fund - Direct Plan- Growth Option,,SBI Mutual Fund,Other,Income,1496.597,17-12-2015,500,0.0,0.0,0.0,0.0,0.0,0.0,0.0,0.0,0.0,,1.61,0.0,12.3,Avoid,avoid,2026-06-29 16:57:48
125383,PineBridge India - US Equity Fund - Direct Plan - Growth option,,PineBridge Mutual Fund,International,Income,10.895,28-01-2015,243,0.0,0.0,0.0,0.0,0.0,0.0,0.0,0.0,0.0,,8.2,0.0,11.6,Avoid,avoid,2026-06-29 16:57:47
125528,Reliance Fixed Horizon Fund - XXV - Series 6 - Direct Plan - Growth Option,,Reliance Mutual Fund,Other,1099 Days,13.5368,24-07-2017,871,0.0,0.0,0.0,0.0,0.0,0.0,0.0,0.0,0.0,,0.16,0.0,12.5,Avoid,avoid,2026-06-29 16:57:48
125553,UTI FTIF Series XVII - I (369 DAYS) - Annual Div Option - Direct,,UTI Mutual Fund,Other,Income,10.0,01-12-2014,235,0.0,0.0,0.0,0.0,0.0,0.0,0.0,0.0,0.0,,5.92,0.0,11.9,Avoid,avoid,2026-06-29 16:57:48
125560,UTI FTIF Series XVII - I (369 DAYS) - Flexi Div Option - Direct,,UTI Mutual Fund,Other,Income,10.0,01-12-2014,235,0.0,0.0,0.0,0.0,0.0,0.0,0.0,0.0,0.0,,6.67,0.0,11.8,Avoid,avoid,2026-06-29 16:57:49
125554,UTI FTIF Series XVII - I (369 DAYS) - Growth Option - Direct,,UTI Mutual Fund,Other,IDF,12.8835,13-12-2016,725,0.0,0.0,0.0,0.0,0.0,0.0,0.0,0.0,0.0,,0.25,0.0,12.5,Avoid,avoid,2026-06-29 16:57:48
125555,UTI FTIF Series XVII - I (369 DAYS) - Quarterly Div Option - Direct,,UTI Mutual Fund,Other,IDF,10.0,13-12-2016,725,0.0,0.0,0.0,0.0,0.0,0.0,0.0,0.0,0.0,,2.42,0.0,12.2,Avoid,avoid,2026-06-29 16:57:49
125602,IDFC FTP S-50 (729 Days)_Direct Plan_Growth,,IDFC Mutual Fund,Other,Income,12.83751,06-12-2016,717,0.0,0.0,0.0,0.0,0.0,0.0,0.0,0.0,0.0,,0.23,0.0,12.5,Avoid,avoid,2026-06-29 16:57:49
125609,IDFC FTP S -51(597 Days)_Direct Plan_Growth,,IDFC Mutual Fund,Other,Income,12.92098,28-12-2016,731,0.0,0.0,0.0,0.0,0.0,0.0,0.0,0.0,0.0,,0.13,0.0,12.5,Avoid,avoid,2026-06-29 16:57:49
125651,Sundaram Hybrid Fund Series D Direct Plan Growth,,Sundaram Mutual Fund,Hybrid,Income,12.695,23-12-2016,712,0.0,0.0,0.0,0.0,0.0,0.0,0.0,0.0,0.0,,5.53,0.0,11.9,Avoid,avoid,2026-06-29 16:57:49
125666,Reliance Fixed Horizon Fund - XXV - Series 7 - Direct Plan - Growth Option,,Reliance Mutual Fund,Other,Income,10.9465,16-12-2014,236,0.0,0.0,0.0,0.0,0.0,0.0,0.0,0.0,0.0,,0.14,0.0,12.5,Avoid,avoid,2026-06-29 16:57:49
125727,IDFC FTP S52(728 Days)_Direct Plan_Growth,,IDFC Mutual Fund,Other,Income,12.80445,14-12-2016,716,0.0,0.0,0.0,0.0,0.0,0.0,0.0,0.0,0.0,,0.25,0.0,12.5,Avoid,avoid,2026-06-29 16:57:49
125756,UTI FTIF Series XVII - II (369 DAYS) - Growth Option - Direct,,UTI Mutual Fund,Other,Income,10.948,08-12-2014,233,0.0,0.0,0.0,0.0,0.0,0.0,0.0,0.0,0.0,,0.14,0.0,12.5,Avoid,avoid,2026-06-30 16:08:50
125761,UTI FTIF Series XVII - II (369 DAYS) - Maturity Div Option - Direct,,UTI Mutual Fund,Other,Income,10.0,08-12-2014,233,0.0,0.0,0.0,0.0,0.0,0.0,0.0,0.0,0.0,,8.6,0.0,11.6,Avoid,avoid,2026-06-30 16:08:50
125759,UTI FTIF Series XVII - II (369 DAYS) - Quarterly Div Option - Direct,,UTI Mutual Fund,Other,Income,10.0,08-12-2014,233,0.0,0.0,0.0,0.0,0.0,0.0,0.0,0.0,0.0,,2.69,0.0,12.2,Avoid,avoid,2026-06-30 16:08:50
125763,UTI FTIF Series XVII - II (369 DAYS) - Flexi Div Option - Direct,,UTI Mutual Fund,Other,Income,10.0,08-12-2014,233,0.0,0.0,0.0,0.0,0.0,0.0,0.0,0.0,0.0,,6.5,0.0,11.8,Avoid,avoid,2026-06-30 16:08:50
125764,UTI FTIF Series XVII - II (369 DAYS) - Annual Div Option - Direct,,UTI Mutual Fund,Other,Income,10.0,08-12-2014,233,0.0,0.0,0.0,0.0,0.0,0.0,0.0,0.0,0.0,,6.09,0.0,11.9,Avoid,avoid,2026-06-30 16:08:50
125503,SBI BANKING & PSU FUND - Direct Plan - Growth,INF200K01V08,SBI Mutual Fund,Debt,Debt Scheme - Banking and PSU Fund,3496.2098,25-06-2026,3051,1.42,2.29,2.59,5.21,7.36,7.28,7.14,6.2,0.49,0.34,3.2,100.0,29.7,Avoid,avoid,2026-06-29 16:57:53
125497,SBI Small Cap Fund - Direct Plan - Growth,INF200K01T51,SBI Mutual Fund,Small Cap,Equity Scheme - Small Cap Fund,203.9157,25-06-2026,3109,5.28,20.4,5.91,2.95,1.52,13.88,17.4,15.09,5.39,0.45,40.26,100.0,41.3,Avoid,avoid,2026-06-29 16:57:53
125597,Aditya Birla Sun Life Banking and Financial Services Fund - Direct Plan - Growth,INF209K014W1,Aditya Birla Sun Life Mutual Fund,Sectoral,Equity Scheme - Sectoral/ Thematic,71.94,25-06-2026,3077,6.06,16.58,-0.17,2.74,7.39,13.27,19.01,13.15,6.05,0.43,47.45,80.0,35.3,Avoid,avoid,2026-06-29 16:57:53
125711,Shriram Aggressive Hybrid Fund- Direct Growth,INF680P01042,Shriram Mutual Fund,Hybrid,Hybrid Scheme - Aggressive Hybrid Fund,36.8697,25-06-2026,3086,2.12,8.84,-0.98,1.27,1.02,11.16,12.3,9.97,3.39,0.38,25.72,100.0,34.0,Avoid,avoid,2026-06-29 16:57:53
125886,Reliance Fixed Horizon Fund - XXV - Series 10 - Direct Plan - Growth Option,,Reliance Mutual Fund,Other,Income,10.9373,05-01-2015,235,0.0,0.0,0.0,0.0,0.0,0.0,0.0,0.0,0.0,,0.15,0.0,12.5,Avoid,avoid,2026-06-29 16:58:05
125780,Reliance Fixed Horizon Fund - XXV - Series 8 - Direct Plan - Growth Option,,Reliance Mutual Fund,Other,Income,10.9399,22-12-2014,237,0.0,0.0,0.0,0.0,0.0,0.0,0.0,0.0,0.0,,0.13,0.0,12.5,Avoid,avoid,2026-06-29 16:58:05
125848,Reliance Fixed Horizon Fund - XXV - Series 9 - Direct Plan - Growth Option,,Reliance Mutual Fund,Other,Income,10.9457,23-12-2014,235,0.0,0.0,0.0,0.0,0.0,0.0,0.0,0.0,0.0,,0.14,0.0,12.5,Avoid,avoid,2026-06-29 16:58:05
125910,IDFC FTP S-54(732 Days)_Direct Plan_Growth,,IDFC Mutual Fund,Other,Income,12.83899,19-12-2016,717,0.0,0.0,0.0,0.0,0.0,0.0,0.0,0.0,0.0,,0.23,0.0,12.5,Avoid,avoid,2026-06-29 16:58:06
126098,UTI FTIF Series XVII - III (366 DAYS) - Growth Option - Direct,,UTI Mutual Fund,Other,Income,10.9392,17-12-2014,234,0.0,0.0,0.0,0.0,0.0,0.0,0.0,0.0,0.0,,0.13,0.0,12.5,Avoid,avoid,2026-06-29 16:58:06
125957,Reliance Fixed Horizon Fund - XXV - Series 12 - Direct Plan - Growth Option,,Reliance Mutual Fund,Other,1099 Days,13.1795,27-04-2017,793,0.0,0.0,0.0,0.0,0.0,0.0,0.0,0.0,0.0,,0.13,0.0,12.5,Avoid,avoid,2026-06-29 16:58:06
126100,UTI FTIF Series XVII - III (366 DAYS) - Annual Div Option - Direct,,UTI Mutual Fund,Other,Income,10.0,17-12-2014,234,0.0,0.0,0.0,0.0,0.0,0.0,0.0,0.0,0.0,,6.31,0.0,11.8,Avoid,avoid,2026-06-29 16:58:06
126088,ICICI Prudential Multiple Yield Fund - Series 5 - 1825 Days - Plan C - Direct Plan - Cumulative,,ICICI Prudential Mutual Fund,Other,Income,16.5513,07-01-2019,124,0.0,0.0,0.0,0.0,0.0,0.0,0.0,0.0,0.0,,4.0,0.0,12.1,Avoid,avoid,2026-06-29 16:58:06
126050,IDFC FTP S 57(594 Days)_Direct Plan_Growth,,IDFC Mutual Fund,Other,Income,12.85272,28-12-2016,717,0.0,0.0,0.0,0.0,0.0,0.0,0.0,0.0,0.0,,0.09,0.0,12.5,Avoid,avoid,2026-06-29 16:58:06
125934,Reliance Fixed Horizon Fund - XXV - Series 11 - Direct Plan - Growth Option,,Reliance Mutual Fund,Other,1099 Days,13.1933,27-04-2017,798,0.0,0.0,0.0,0.0,0.0,0.0,0.0,0.0,0.0,,0.12,0.0,12.5,Avoid,avoid,2026-06-29 16:58:06
125778,Sundaram Select Micro Cap Series I - Direct Plan - Growth Option,,Sundaram Mutual Fund,Other,Growth,31.9505,03-01-2019,1225,0.0,0.0,0.0,0.0,0.0,0.0,0.0,0.0,0.0,,26.77,0.0,9.7,Avoid,avoid,2026-06-29 16:58:05
126101,UTI FTIF Series XVII - III (366 DAYS) - Quarterly Div Option - Direct,,UTI Mutual Fund,Other,Income,10.0,17-12-2014,234,0.0,0.0,0.0,0.0,0.0,0.0,0.0,0.0,0.0,,2.42,0.0,12.2,Avoid,avoid,2026-06-29 16:58:06
126105,UTI FTIF Series XVII - III (366 DAYS) - Maturity Div Option - Direct,,UTI Mutual Fund,Other,Income,10.0,17-12-2014,234,0.0,0.0,0.0,0.0,0.0,0.0,0.0,0.0,0.0,,8.56,0.0,11.6,Avoid,avoid,2026-06-29 16:58:06
126175,IDFC FTP S-59(728 Days)_Direct Plan_Growth,,IDFC Mutual Fund,Other,Income,12.71162,02-01-2017,718,0.0,0.0,0.0,0.0,0.0,0.0,0.0,0.0,0.0,,0.27,0.0,12.5,Avoid,avoid,2026-06-29 16:58:06
126188,IDFC FTP S-60(643 Days)_Direct Plan_Growth,,IDFC Mutual Fund,Other,Income,12.96837,20-02-2017,749,0.0,0.0,0.0,0.0,0.0,0.0,0.0,0.0,0.0,,0.11,0.0,12.5,Avoid,avoid,2026-06-29 16:58:06
126256,Reliance Fixed Horizon Fund - XXV - Series 13 - Direct Plan - Growth Option,,Reliance Mutual Fund,Other,1099 Days,13.1285,27-04-2017,786,0.0,0.0,0.0,0.0,0.0,0.0,0.0,0.0,0.0,,0.13,0.0,12.5,Avoid,avoid,2026-06-29 16:58:07
126309,UTI FTIF Series XVII - V (366 DAYS) - Quarterly Div Option - Direct,,UTI Mutual Fund,Other,Income,10.0,01-01-2015,233,0.0,0.0,0.0,0.0,0.0,0.0,0.0,0.0,0.0,,2.36,0.0,12.3,Avoid,avoid,2026-06-29 16:58:07
126279,SBI Tax Advantage Fund - Series III - Direct Plan - Growth Option,,SBI Mutual Fund,ELSS,ELSS,79.834,27-03-2024,1412,0.0,0.0,0.0,0.0,0.0,3.97,8.74,9.09,0.0,-0.74,31.37,60.0,14.5,Avoid,avoid,2026-06-29 16:58:07
126311,UTI FTIF Series XVII - V (366 DAYS) - Maturity Div Option - Direct,,UTI Mutual Fund,Other,Income,10.0,01-01-2015,233,0.0,0.0,0.0,0.0,0.0,0.0,0.0,0.0,0.0,,8.57,0.0,11.6,Avoid,avoid,2026-06-29 16:58:07
126305,UTI FTIF Series XVII - V (366 DAYS) - Growth Option - Direct,,UTI Mutual Fund,Other,Income,10.9399,01-01-2015,233,0.0,0.0,0.0,0.0,0.0,0.0,0.0,0.0,0.0,,0.14,0.0,12.5,Avoid,avoid,2026-06-29 16:58:07
126307,UTI FTIF Series XVII - V (366 DAYS) - Annual Div Option - Direct,,UTI Mutual Fund,Other,Income,10.0,01-01-2015,233,0.0,0.0,0.0,0.0,0.0,0.0,0.0,0.0,0.0,,6.71,0.0,11.8,Avoid,avoid,2026-06-29 16:58:07
126299,IDFC FTP S-62(636 Days)_Direct Plan_Growth,,IDFC Mutual Fund,Other,Income,12.91587,20-02-2017,744,0.0,0.0,0.0,0.0,0.0,0.0,0.0,0.0,0.0,,0.09,0.0,12.5,Avoid,avoid,2026-06-29 16:58:07
126315,UTI FTIF Series XVII - IV (531 DAYS) - Quarterly Div Option - Direct,,UTI Mutual Fund,Other,IDF,10.0,28-12-2016,717,0.0,0.0,0.0,0.0,0.0,0.0,0.0,0.0,0.0,,2.71,0.0,12.2,Avoid,avoid,2026-06-29 16:58:07
126317,UTI FTIF Series XVII - IV (531 DAYS) - Maturity Div Option - Direct,,UTI Mutual Fund,Other,IDF,10.0,28-12-2016,717,0.0,0.0,0.0,0.0,0.0,0.0,0.0,0.0,0.0,,12.34,0.0,11.2,Avoid,avoid,2026-06-29 16:58:07
126321,UTI FTIF Series XVII - IV (531 DAYS) - Annual Div Option - Direct,,UTI Mutual Fund,Other,IDF,10.0009,28-12-2016,717,0.0,0.0,0.0,0.0,0.0,0.0,0.0,0.0,0.0,,8.8,0.0,11.6,Avoid,avoid,2026-06-29 16:58:07
126323,UTI FTIF Series XVII - IV (531 DAYS) - Growth Option - Direct,,UTI Mutual Fund,Other,IDF,12.8719,28-12-2016,717,0.0,0.0,0.0,0.0,0.0,0.0,0.0,0.0,0.0,,0.14,0.0,12.5,Avoid,avoid,2026-06-29 16:58:07
126356,Axis Hybrid Fund Series 8 (1279 days) - Direct Plan - Growth,,Axis Mutual Fund,Hybrid,Income,13.3943,25-07-2017,836,0.0,0.0,0.0,0.0,0.0,0.0,0.0,0.0,0.0,,15.83,0.0,10.9,Avoid,avoid,2026-06-29 16:58:07
126372,Reliance Fixed Horizon Fund - XXV - Series 14-Direct Plan -Growth Option,,Reliance Mutual Fund,Other,1099 Days,12.8223,24-01-2017,721,0.0,0.0,0.0,0.0,0.0,0.0,0.0,0.0,0.0,,0.14,0.0,12.5,Avoid,avoid,2026-06-29 16:58:07
126376,DSP BlackRock FTP - Series 36 - 15M - (Maturity Date 27 April 2017 ) - Direct Plan - Growth Option,,DSP Mutual Fund,Other,Income,13.0515,27-04-2017,777,0.0,0.0,0.0,0.0,0.0,0.0,0.0,0.0,0.0,,0.17,0.0,12.5,Avoid,avoid,2026-06-29 16:58:07
126408,Sundaram Select Micro Cap Series II - Direct Plan - Growth Option,,Sundaram Mutual Fund,Other,Growth,31.9293,28-01-2019,1226,0.0,0.0,0.0,0.0,0.0,0.0,0.0,0.0,0.0,,26.64,0.0,9.7,Avoid,avoid,2026-06-29 16:58:07
126440,HDFC CPO - II - 36M January 2014 - Direct Option - Growth Option,,HDFC Mutual Fund,Other,5 Year Plan,12.6489,06-02-2017,724,0.0,0.0,0.0,0.0,0.0,0.0,0.0,0.0,0.0,,1.71,0.0,12.3,Avoid,avoid,2026-06-29 16:58:08
126485,Reliance Fixed Horizon Fund - XXV - Series 16 - Direct Plan - Growth Option,,Reliance Mutual Fund,Other,1099 Days,13.094,25-04-2017,773,0.0,0.0,0.0,0.0,0.0,0.0,0.0,0.0,0.0,,0.13,0.0,12.5,Avoid,avoid,2026-06-29 16:58:08
126455,DWS Inflation Indexed Bond Fund - Direct Plan - Growth,,Deutsche Mutual Fund,Index / ETF,Income,11.1501,02-03-2016,497,0.0,0.0,0.0,0.0,0.0,0.0,0.0,0.0,0.0,,3.35,0.0,12.2,Avoid,avoid,2026-06-29 16:58:08
126477,Nippon India Fixed Horizon Fund - XXV - Series 15 - Direct Plan - Growth Option,,Nippon India Mutual Fund,Other,IDF,18.1935,17-08-2020,1572,0.0,0.0,0.0,0.0,0.0,0.0,0.0,0.0,0.0,,5.64,0.0,11.9,Avoid,avoid,2026-06-29 16:58:08
126432,IDFC FTP -S 64(447 Days) -Direct Plan_Growth,,IDFC Mutual Fund,Other,Income,11.15014,08-04-2015,287,0.0,0.0,0.0,0.0,0.0,0.0,0.0,0.0,0.0,,0.11,0.0,12.5,Avoid,avoid,2026-06-29 16:58:07
126353,Invesco India - Invesco Pan European Equity Fund of Fund - Direct Plan - Growth Option,INF205K01A24,Invesco Mutual Fund,International,Other Scheme - FoF Overseas,28.0724,25-06-2026,2855,-1.22,14.24,16.11,34.15,26.22,19.64,22.64,14.77,4.78,0.66,40.96,80.0,64.2,Watch,watch,2026-06-29 16:58:07
126393,DSP Dynamic Asset Allocation Fund - Direct Plan - Growth,INF740K01K81,DSP Mutual Fund,Hybrid,Hybrid Scheme - Dynamic Asset Allocation or Balanced Advantage,33.246,25-06-2026,3023,2.71,6.74,1.5,5.42,7.35,12.01,12.68,9.62,2.02,0.81,19.3,80.0,38.0,Avoid,avoid,2026-06-29 16:58:08
126536,IDFC FTP-65(728 Days)_Direct Plan_Growth,,IDFC Mutual Fund,Other,Income,12.79531,30-01-2017,717,0.0,0.0,0.0,0.0,0.0,0.0,0.0,0.0,0.0,,0.28,0.0,12.5,Avoid,avoid,2026-06-29 16:58:08
126546,IDFC FTP - S 66(1170 Days)_Direct Plan_Growth,,IDFC Mutual Fund,Other,Income,14.29235,21-06-2018,1058,0.0,0.0,0.0,0.0,0.0,0.0,0.0,0.0,0.0,,0.31,0.0,12.5,Avoid,avoid,2026-06-29 16:58:08
126647,UTI FTIF Series XVII -VII (465 DAYS)- Quarterly Div Option - Direct,,UTI Mutual Fund,Other,IDF,10.0,04-05-2017,782,0.0,0.0,0.0,0.0,0.0,0.0,0.0,0.0,0.0,,3.17,0.0,12.2,Avoid,avoid,2026-06-29 16:58:09
126639,Aditya Birla Sun Life Focused Equity Fund - Series 1 - Direct Plan-Growth,,Aditya Birla Sun Life Mutual Fund,Thematic,Income,16.51,23-02-2017,732,0.0,0.0,0.0,0.0,0.0,0.0,0.0,0.0,0.0,,23.73,0.0,10.0,Avoid,avoid,2026-06-29 16:58:08
126635,UTI FTIF Series XVII -VI (366 DAYS)- Annual Div Option - Direct,,UTI Mutual Fund,Other,Income,10.0,08-01-2015,234,0.0,0.0,0.0,0.0,0.0,0.0,0.0,0.0,0.0,,6.83,0.0,11.8,Avoid,avoid,2026-06-29 16:58:08
126662,UTI FTIF Series XVII -VIII (1096 DAYS)-Growth Option - Direct,,UTI Mutual Fund,Other,IDF,13.0683,23-01-2017,714,0.0,0.0,0.0,0.0,0.0,0.0,0.0,0.0,0.0,,0.46,0.0,12.5,Avoid,avoid,2026-06-29 16:58:09
126631,UTI FTIF Series XVII -VI (366 DAYS) - Quarterly Div Option - Direct,,UTI Mutual Fund,Other,Income,10.0,08-01-2015,234,0.0,0.0,0.0,0.0,0.0,0.0,0.0,0.0,0.0,,2.49,0.0,12.2,Avoid,avoid,2026-06-29 16:58:08
126634,UTI FTIF Series XVII -VI (366 DAYS)- Flexi Div Option - Direct,,UTI Mutual Fund,Other,Income,10.0,08-01-2015,234,0.0,0.0,0.0,0.0,0.0,0.0,0.0,0.0,0.0,,6.21,0.0,11.9,Avoid,avoid,2026-06-29 16:58:08
126646,UTI FTIF Series XVII -VII (465 DAYS)- Growth Option - Direct,,UTI Mutual Fund,Other,IDF,14.0757,15-05-2018,1031,0.0,0.0,0.0,0.0,0.0,0.0,0.0,0.0,0.0,,0.25,0.0,12.5,Avoid,avoid,2026-06-29 16:58:08
126651,UTI FTIF Series XVII -VII (465 DAYS)) - Maturity Div Option - Direct,,UTI Mutual Fund,Other,Income,10.0001,30-04-2015,297,0.0,0.0,0.0,0.0,0.0,0.0,0.0,0.0,0.0,,10.78,0.0,11.4,Avoid,avoid,2026-06-29 16:58:09
126664,UTI FTIF Series XVII -VIII (1096 DAYS)-Flexi Div Option - Direct,,UTI Mutual Fund,Other,IDF,10.0,23-01-2017,714,0.0,0.0,0.0,0.0,0.0,0.0,0.0,0.0,0.0,,18.75,0.0,10.5,Avoid,avoid,2026-06-29 16:58:09
126657,UTI FTIF Series XVII -VIII (1096 DAYS)-Annual Div Option - Direct,,UTI Mutual Fund,Other,IDF,10.0152,23-01-2017,714,0.0,0.0,0.0,0.0,0.0,0.0,0.0,0.0,0.0,,9.87,0.0,11.5,Avoid,avoid,2026-06-29 16:58:09
126633,UTI FTIF Series XVII -VI (366 DAYS)- Maturity Div Option - Direct,,UTI Mutual Fund,Other,Income,10.0,08-01-2015,234,0.0,0.0,0.0,0.0,0.0,0.0,0.0,0.0,0.0,,8.52,0.0,11.6,Avoid,avoid,2026-06-29 16:58:08
126653,UTI FTIF Series XVII -VII (465 DAYS)- Annual Div Option - Direct,,UTI Mutual Fund,Other,Income,10.0001,30-04-2015,297,0.0,0.0,0.0,0.0,0.0,0.0,0.0,0.0,0.0,,9.39,0.0,11.5,Avoid,avoid,2026-06-29 16:58:09
126663,UTI FTIF Series XVII -VIII (1096 DAYS)- Maturity Div Option - Direct,,UTI Mutual Fund,Other,IDF,10.0,23-01-2017,714,0.0,0.0,0.0,0.0,0.0,0.0,0.0,0.0,0.0,,23.44,0.0,10.1,Avoid,avoid,2026-06-29 16:58:09
126650,UTI FTIF Series XVII -VII (465 DAYS)- Flexi Div Option - Direct,,UTI Mutual Fund,Other,Income,10.0,30-04-2015,297,0.0,0.0,0.0,0.0,0.0,0.0,0.0,0.0,0.0,,6.09,0.0,11.9,Avoid,avoid,2026-06-29 16:58:09
126659,UTI FTIF Series XVII -VIII (1096 DAYS)-Quarterly Div Option - Direct,,UTI Mutual Fund,Other,IDF,10.0,23-01-2017,714,0.0,0.0,0.0,0.0,0.0,0.0,0.0,0.0,0.0,,3.69,0.0,12.1,Avoid,avoid,2026-06-29 16:58:09
126702,Reliance Fixed Horizon Fund - XXV - Series 17 - Direct Plan - Growth Option,,Reliance Mutual Fund,Other,1099 Days,13.0662,25-04-2017,768,0.0,0.0,0.0,0.0,0.0,0.0,0.0,0.0,0.0,,0.19,0.0,12.5,Avoid,avoid,2026-06-29 16:58:09
126713,IDFC FTP-S67(729 Days)_Direct Plan_Growth,,IDFC Mutual Fund,Other,Income,12.78894,07-02-2017,717,0.0,0.0,0.0,0.0,0.0,0.0,0.0,0.0,0.0,,0.1,0.0,12.5,Avoid,avoid,2026-06-29 16:58:09
126784,UTI FTIF Series XVII -IX (466 DAYS)-Growth Option - Direct,,UTI Mutual Fund,Other,IDF,13.1956,15-05-2017,781,0.0,0.0,0.0,0.0,0.0,0.0,0.0,0.0,0.0,,0.15,0.0,12.5,Avoid,avoid,2026-06-29 16:58:10
126782,UTI FTIF Series XVII -IX (466 DAYS)-Flexi Div Option - Direct,,UTI Mutual Fund,Other,IDF,10.0022,15-05-2017,781,0.0,0.0,0.0,0.0,0.0,0.0,0.0,0.0,0.0,,14.74,0.0,11.0,Avoid,avoid,2026-06-29 16:58:09
126786,UTI FTIF Series XVII -IX (466 DAYS)-Annual Div Option - Direct,,UTI Mutual Fund,Other,Income,10.0,11-05-2015,295,0.0,0.0,0.0,0.0,0.0,0.0,0.0,0.0,0.0,,8.92,0.0,11.6,Avoid,avoid,2026-06-29 16:58:10
126790,UTI FTIF Series XVII -IX (466 DAYS)- Maturity Div Option - Direct,,UTI Mutual Fund,Other,Income,10.0,11-05-2015,295,0.0,0.0,0.0,0.0,0.0,0.0,0.0,0.0,0.0,,11.0,0.0,11.4,Avoid,avoid,2026-06-29 16:58:10
126788,UTI FTIF Series XVII -IX (466 DAYS)-Quarterly Div Option - Direct,,UTI Mutual Fund,Other,IDF,10.0,15-05-2017,781,0.0,0.0,0.0,0.0,0.0,0.0,0.0,0.0,0.0,,2.86,0.0,12.2,Avoid,avoid,2026-06-29 16:58:10
126799,IDFC FTP S-69(728 Days)_Direct Plan_Growth,,IDFC Mutual Fund,Other,Income,12.85757,20-02-2017,718,0.0,0.0,0.0,0.0,0.0,0.0,0.0,0.0,0.0,,0.11,0.0,12.5,Avoid,avoid,2026-06-29 16:58:10
126808,IDFC FTP S-70(1169 Days)_Direct Plan_Growth,,IDFC Mutual Fund,Other,Income,14.21206,20-06-2018,1046,0.0,0.0,0.0,0.0,0.0,0.0,0.0,0.0,0.0,,0.32,0.0,12.5,Avoid,avoid,2026-06-29 16:58:10
126685,CANARA ROBECO CORPORATE BOND FUND - DIRECT PLAN - GROWTH OPTION,INF760K01HB2,Canara Robeco Mutual Fund,Debt,Debt Scheme - Corporate Bond Fund,24.4708,25-06-2026,2983,1.31,1.99,2.51,5.0,6.77,6.89,6.8,5.97,0.43,0.08,2.01,100.0,27.0,Avoid,avoid,2026-06-29 16:58:10
126820,IDFC FTP S-71 (795 Days)_Direct Plan_Growth,,IDFC Mutual Fund,Other,Income,12.8929,07-02-2017,717,0.0,0.0,0.0,0.0,0.0,0.0,0.0,0.0,0.0,,0.26,0.0,12.5,Avoid,avoid,2026-06-29 16:58:10
126848,Sundaram Select Micro Cap Series III - Direct Plan - Growth Option,,Sundaram Mutual Fund,Other,Growth,31.7134,18-02-2019,1224,0.0,0.0,0.0,0.0,0.0,0.0,0.0,0.0,0.0,,26.83,0.0,9.7,Avoid,avoid,2026-06-29 16:58:10
126869,ramerica Fixed Duration Fund - Series 17 - Direct Plan - Growth Option,,DHFL Pramerica Mutual Fund,Other,Income,1023.5422,01-05-2014,55,0.0,0.0,0.0,0.0,0.0,0.0,0.0,0.0,0.0,,0,0.0,12.5,Avoid,avoid,2026-06-29 16:58:10
126895,HDFC Rajiv Gandhi Equity Savings Scheme - Series 2 - Direct Plan - Growth Option,,HDFC Mutual Fund,Hybrid,1,16.013,14-03-2017,732,0.0,0.0,0.0,0.0,0.0,0.0,0.0,0.0,0.0,,24.4,0.0,10.0,Avoid,avoid,2026-06-29 16:58:10
126891,Reliance Fixed Horizon Fund - XXV - Series 18 - Direct Plan - Growth Option,,Reliance Mutual Fund,Other,1099 Days,13.0639,08-05-2017,771,0.0,0.0,0.0,0.0,0.0,0.0,0.0,0.0,0.0,,0.11,0.0,12.5,Avoid,avoid,2026-06-29 16:58:10
126932,Reliance Fixed Horizon Fund - XXV - Series 19 - Direct Plan - Growth Option,,Reliance Mutual Fund,Other,1099 Days,11.1432,13-04-2015,270,0.0,0.0,0.0,0.0,0.0,0.0,0.0,0.0,0.0,,0.07,0.0,12.5,Avoid,avoid,2026-06-29 16:58:10
126956,Axis Hybrid Fund Series 9 (1282 days) -  Direct Plan - Growth,,Axis Mutual Fund,Hybrid,Income,13.439,18-08-2017,836,0.0,0.0,0.0,0.0,0.0,0.0,0.0,0.0,0.0,,15.81,0.0,10.9,Avoid,avoid,2026-06-29 16:58:10
126946,IDFC FTP - S72 (419 Days)_Direct Plan_Growth,,IDFC Mutual Fund,Other,Income,11.11439,08-04-2015,267,0.0,0.0,0.0,0.0,0.0,0.0,0.0,0.0,0.0,,0.07,0.0,12.5,Avoid,avoid,2026-06-29 16:58:10
127001,DSP BlackRock FTP - Series 37 - 14M (Maturity Date 27 April 2017) - Direct Plan - Growth Option,,DSP Mutual Fund,Other,Income,13.0262,27-04-2017,762,0.0,0.0,0.0,0.0,0.0,0.0,0.0,0.0,0.0,,0.17,0.0,12.5,Avoid,avoid,2026-06-29 16:58:10
126977,Reliance Fixed Horizon Fund - XXV - Series 20 - Direct Plan - Growth Option,,Reliance Mutual Fund,Other,Income,15.2065,16-08-2018,1077,0.0,0.0,0.0,0.0,0.0,0.0,0.0,0.0,0.0,,0.33,0.0,12.5,Avoid,avoid,2026-06-29 16:58:10
127046,IDFC FTP - S 73 (50 Days)_Direct Plan_Growth,,IDFC Mutual Fund,Other,Income,10.1356,03-04-2014,31,0.0,0.0,0.0,0.0,0.0,0.0,0.0,0.0,0.0,,0,0.0,12.5,Avoid,avoid,2026-06-29 16:58:10
126940,UTI Banking & PSU Fund - Direct Plan - Growth Option,INF789F015Z6,UTI Mutual Fund,Debt,Debt Scheme - Banking and PSU Fund,23.6684,25-06-2026,2985,1.01,1.82,2.84,5.85,7.48,7.31,7.34,7.63,0.26,0.5,6.74,100.0,31.2,Avoid,avoid,2026-06-29 16:58:10
127067,Reliance Fixed Horizon Fund - XXV - Series 21 - Direct Plan - Growth Option,,Reliance Mutual Fund,Other,1099 Days,13.0344,25-04-2017,753,0.0,0.0,0.0,0.0,0.0,0.0,0.0,0.0,0.0,,0.11,0.0,12.5,Avoid,avoid,2026-06-29 16:58:10
127075,HDFC DEBT FUND FOR CANCER CURE 2014 - Direct Plan,,HDFC Mutual Fund,Debt,Income,10.0,23-03-2017,723,0.0,0.0,0.0,0.0,0.0,0.0,0.0,0.0,0.0,,5.98,0.0,11.9,Avoid,avoid,2026-06-29 16:58:11
127042,Motilal Oswal Midcap Fund-Direct Plan-Growth Option,INF247L01445,Motilal Oswal Mutual Fund,Mid Cap,Equity Scheme - Mid Cap Fund,108.3414,25-06-2026,3030,1.93,16.55,-4.35,-8.57,0.02,18.4,23.34,22.76,5.61,0.62,37.23,80.0,55.2,Watch,watch,2026-06-29 16:58:11
127083,Reliance Fixed Horizon Fund - XXV - Series 22 - Direct Plan - Growth Option,,Reliance Mutual Fund,Other,1099 Days,13.0616,25-04-2017,756,0.0,0.0,0.0,0.0,0.0,0.0,0.0,0.0,0.0,,0.09,0.0,12.5,Avoid,avoid,2026-06-29 16:58:11
127116,UTI FTIF Series XVII -X (1152 DAYS)-Growth Option - Direct,,UTI Mutual Fund,Other,IDF,13.9457,17-04-2018,999,0.0,0.0,0.0,0.0,0.0,0.0,0.0,0.0,0.0,,0.17,0.0,12.5,Avoid,avoid,2026-06-29 16:58:11
127118,UTI FTIF Series XVII -X (1152 DAYS)-Annual Div Option - Direct,,UTI Mutual Fund,Other,IDF,10.0046,05-04-2017,749,0.0,0.0,0.0,0.0,0.0,0.0,0.0,0.0,0.0,,7.88,0.0,11.7,Avoid,avoid,2026-06-29 16:58:11
127120,UTI FTIF Series XVII -X (367 DAYS)-Quarterly Div Option - Direct,,UTI Mutual Fund,Other,Income,10.0,09-02-2015,232,0.0,0.0,0.0,0.0,0.0,0.0,0.0,0.0,0.0,,2.56,0.0,12.2,Avoid,avoid,2026-06-29 16:58:11
127122,UTI FTIF Series XVII -X (367 DAYS)- Maturity Div Option - Direct,,UTI Mutual Fund,Other,Income,10.0001,09-02-2015,232,0.0,0.0,0.0,0.0,0.0,0.0,0.0,0.0,0.0,,8.72,0.0,11.6,Avoid,avoid,2026-06-29 16:58:11
127124,UTI FTIF Series XVII -X (367 DAYS)-Flexi Div Option - Direct,,UTI Mutual Fund,Other,Income,10.0,09-02-2015,232,0.0,0.0,0.0,0.0,0.0,0.0,0.0,0.0,0.0,,5.74,0.0,11.9,Avoid,avoid,2026-06-29 16:58:11
127209,UTI FTIF Series XVII -XI (430 DAYS)-Growth Option - Direct,,UTI Mutual Fund,Other,IDF,13.0153,05-04-2017,748,0.0,0.0,0.0,0.0,0.0,0.0,0.0,0.0,0.0,,0.23,0.0,12.5,Avoid,avoid,2026-06-29 16:58:11
127129,ICICI Prudential Multiple Yield Fund - Series 6 - 1100 Days - Plan A - Direct Plan - Cumulative,,ICICI Prudential Mutual Fund,Other,1,13.9143,28-02-2017,69,0.0,0.0,0.0,0.0,0.0,0.0,0.0,0.0,0.0,,0.36,0.0,12.5,Avoid,avoid,2026-06-29 16:58:11
127264,Reliance Fixed Horizon Fund - XXV - Series 24 - Direct Plan - Growth Option,,Reliance Mutual Fund,Other,1099 Days,13.0105,10-04-2017,743,0.0,0.0,0.0,0.0,0.0,0.0,0.0,0.0,0.0,,0.25,0.0,12.5,Avoid,avoid,2026-06-30 16:08:52
127311,BNP Paribas Medium Term Fund - Direct Plan - Calendar Quarterly Income Distribution cum Capital Withdrawal Option,,BNP Paribas Mutual Fund,Debt,Debt Scheme - Medium Duration Fund,10.0,13-03-2022,1935,0.0,0.0,0.0,0.0,0.0,0.0,0.0,0.0,0.0,,16.67,0.0,10.8,Avoid,avoid,2026-06-30 16:08:55
127152,JPMorgan India Government Securities Fund - Direct Plan - Growth Option,,JPMorgan Mutual Fund,Other,Income,13.8707,24-11-2016,661,0.0,0.0,0.0,0.0,0.0,0.0,0.0,0.0,0.0,,2.72,0.0,12.2,Avoid,avoid,2026-06-29 16:58:11
127240,Reliance Fixed Horizon Fund - XXV - Series 23 - Direct Plan - Growth Option,,Reliance Mutual Fund,Other,1099 Days,13.5564,07-08-2017,821,0.0,0.0,0.0,0.0,0.0,0.0,0.0,0.0,0.0,,0.32,0.0,12.5,Avoid,avoid,2026-06-30 16:08:53
127213,UTI FTIF Series XVII -XI (430 DAYS)-Quarterly Div Option - Direct,,UTI Mutual Fund,Other,Income,10.0031,16-04-2015,272,0.0,0.0,0.0,0.0,0.0,0.0,0.0,0.0,0.0,,3.02,0.0,12.2,Avoid,avoid,2026-06-29 16:58:11
127172,IDFC FTP -S74(1169 Days) -Direct Plan_Growth,,IDFC Mutual Fund,Other,Income,14.24183,20-06-2018,1037,0.0,0.0,0.0,0.0,0.0,0.0,0.0,0.0,0.0,,0.32,0.0,12.5,Avoid,avoid,2026-06-29 16:58:11
127305,BNP Paribas Medium Term Fund - Direct Plan - Growth Option,,BNP Paribas Mutual Fund,Debt,Debt Scheme - Medium Duration Fund,16.2233,13-03-2022,1935,0.0,0.0,0.0,0.0,0.0,0.0,0.0,0.49,0.0,,13.04,20.0,13.6,Avoid,avoid,2026-06-30 16:08:52
127313,BNP Paribas Medium Term Fund - Direct Plan - Half yearly Income Distribution cum Capital Withdrawal Option,,BNP Paribas Mutual Fund,Debt,Debt Scheme - Medium Duration Fund,10.0,13-03-2022,1935,0.0,0.0,0.0,0.0,0.0,0.0,0.0,0.0,0.0,,0,0.0,12.5,Avoid,avoid,2026-06-30 16:08:55
127310,BNP Paribas Medium Term Fund - Direct Plan - Monthly Income Distribution cum Capital Withdrawal Option,,BNP Paribas Mutual Fund,Debt,Debt Scheme - Medium Duration Fund,10.5398,13-03-2022,1935,0.0,0.0,0.0,0.0,0.0,0.0,0.0,0.01,0.0,,3.14,20.0,14.7,Avoid,avoid,2026-06-30 16:08:53
127315,BNP Paribas Medium Term Fund - Direct Plan - Annual Income Distribution cum Capital Withdrawal Option,,BNP Paribas Mutual Fund,Debt,Debt Scheme - Medium Duration Fund,10.7814,13-03-2022,1935,0.0,0.0,0.0,0.0,0.0,0.0,0.0,0.46,0.0,,21.76,20.0,12.7,Avoid,avoid,2026-06-30 16:08:55
127181,IDBI Credit Risk Fund Growth Direct,,IDBI Mutual Fund,Debt,Debt Scheme - Credit Risk Fund,17.5556,27-07-2023,2263,0.0,0.0,0.0,0.0,0.0,0.15,1.91,4.25,0.0,-54.67,19.87,60.0,14.3,Avoid,avoid,2026-06-29 16:58:11
127362,Reliance Fixed Horizon Fund - XXV - Series 25 - Direct Plan - Growth Option,,Reliance Mutual Fund,Other,1099 Days,13.2454,24-04-2017,749,0.0,0.0,0.0,0.0,0.0,0.0,0.0,0.0,0.0,,0.43,0.0,12.5,Avoid,avoid,2026-06-30 16:08:55
127423,DWS Medium Term Income Fund- Direct Plan- Growth,,Deutsche Mutual Fund,Other,Income,12.4566,02-03-2016,474,0.0,0.0,0.0,0.0,0.0,0.0,0.0,0.0,0.0,,0.9,0.0,12.4,Avoid,avoid,2026-06-30 16:08:55
127380,HDFC CPO - II - 36M February 2014 - Direct Option - Growth Option,,HDFC Mutual Fund,Other,5 Year Plan,12.5798,14-03-2017,722,0.0,0.0,0.0,0.0,0.0,0.0,0.0,0.0,0.0,,1.79,0.0,12.3,Avoid,avoid,2026-06-30 16:08:55
127445,UTI FTIF Series XVII - XII (1148 DAYS)-Annual Div Option - Direct,,UTI Mutual Fund,Other,IDF,10.0,17-04-2018,992,0.0,0.0,0.0,0.0,0.0,0.0,0.0,0.0,0.0,,10.68,0.0,11.4,Avoid,avoid,2026-06-30 16:08:55
127444,UTI FTIF Series XVII - XII (1148 DAYS)-Growth Option - Direct,,UTI Mutual Fund,Other,IDF,14.2246,17-04-2018,992,0.0,0.0,0.0,0.0,0.0,0.0,0.0,0.0,0.0,,0.5,0.0,12.4,Avoid,avoid,2026-06-30 16:08:55
127469,UTI FTIF Series XVII - XIII (369 DAYS)-Flexi Div Option - Direct,,UTI Mutual Fund,Other,Income,10.0,18-02-2015,234,0.0,0.0,0.0,0.0,0.0,0.0,0.0,0.0,0.0,,5.72,0.0,11.9,Avoid,avoid,2026-06-29 16:58:28
127461,UTI FTIF Series XVII - XIII (369 DAYS)-Growth Option - Direct,,UTI Mutual Fund,Other,IDF,13.9814,24-04-2018,1000,0.0,0.0,0.0,0.0,0.0,0.0,0.0,0.0,0.0,,0.23,0.0,12.5,Avoid,avoid,2026-06-29 16:58:28
127466,UTI FTIF Series XVII - XIII (369 DAYS)-Quarterly Div Option - Direct,,UTI Mutual Fund,Other,Income,10.0007,18-02-2015,234,0.0,0.0,0.0,0.0,0.0,0.0,0.0,0.0,0.0,,2.7,0.0,12.2,Avoid,avoid,2026-06-29 16:58:28
127447,UTI FTIF Series XVII - XII (1148 DAYS)-Quarterly Div Option - Direct,,UTI Mutual Fund,Other,IDF,10.0275,13-04-2017,748,0.0,0.0,0.0,0.0,0.0,0.0,0.0,0.0,0.0,,4.08,0.0,12.1,Avoid,avoid,2026-06-30 16:08:55
127538,Reliance Fixed Horizon Fund - XXV - Series 26 - Direct Plan - Growth Option,,Reliance Mutual Fund,Other,1099 Days,14.1343,16-07-2018,1045,0.0,0.0,0.0,0.0,0.0,0.0,0.0,0.0,0.0,,0.1,0.0,12.5,Avoid,avoid,2026-06-29 16:58:28
127541,Reliance Fixed Horizon Fund - XXV - Series 27 - Direct Plan - Growth Option,,Reliance Mutual Fund,Other,1099 Days,14.2798,11-06-2018,1021,0.0,0.0,0.0,0.0,0.0,0.0,0.0,0.0,0.0,,0.33,0.0,12.5,Avoid,avoid,2026-06-29 16:58:28
127472,DSP BlackRock FTP - Series 38 - 25M - Direct Plan - Growth Option (Maturity Date 17-Apr-2017),,DSP Mutual Fund,Other,Income,13.0137,17-04-2017,740,0.0,0.0,0.0,0.0,0.0,0.0,0.0,0.0,0.0,,0.27,0.0,12.5,Avoid,avoid,2026-06-29 16:58:28
127494,IDFC FTP S-75(1170 Days)_Direct Plan_Growth,,IDFC Mutual Fund,Other,Income,14.21884,21-06-2018,1035,0.0,0.0,0.0,0.0,0.0,0.0,0.0,0.0,0.0,,0.32,0.0,12.5,Avoid,avoid,2026-06-29 16:58:28
127547,Reliance Fixed Horizon Fund - XXV - Series 28 - Direct Plan - Growth Option,,Reliance Mutual Fund,Other,1099 Days,14.2678,11-06-2018,1024,0.0,0.0,0.0,0.0,0.0,0.0,0.0,0.0,0.0,,0.33,0.0,12.5,Avoid,avoid,2026-06-29 16:58:28
127579,Reliance Fixed Horizon Fund - XXV - Series 29 - Direct Plan - Growth Option,,Reliance Mutual Fund,Other,Income,10.2656,06-06-2014,56,0.0,0.0,0.0,0.0,0.0,0.0,0.0,0.0,0.0,,0,0.0,12.5,Avoid,avoid,2026-06-29 16:58:28
127631,UTI FTIF Series XVII -XIV (423 DAYS)-Growth Option - Direct,,UTI Mutual Fund,Other,IDF,13.9178,24-04-2018,996,0.0,0.0,0.0,0.0,0.0,0.0,0.0,0.0,0.0,,0.26,0.0,12.5,Avoid,avoid,2026-06-29 16:58:28
127633,UTI FTIF Series XVII -XIV (423 DAYS)-Annual Div Option - Direct,,UTI Mutual Fund,Other,Income,10.0002,20-04-2015,267,0.0,0.0,0.0,0.0,0.0,0.0,0.0,0.0,0.0,,9.34,0.0,11.5,Avoid,avoid,2026-06-29 16:58:28
127641,UTI FTIF Series XVII -XV (1825 DAYS)-Growth Option - Direct,,UTI Mutual Fund,Other,IDF,15.8869,27-02-2019,1198,0.0,0.0,0.0,0.0,0.0,0.0,0.0,0.0,0.0,,0.77,0.0,12.4,Avoid,avoid,2026-06-29 16:58:28
127645,UTI FTIF Series XVII -XV (1825 DAYS)-Quarterly Div Option - Direct,,UTI Mutual Fund,Other,IDF,10.0,27-02-2019,1198,0.0,0.0,0.0,0.0,0.0,0.0,0.0,0.0,0.0,,7.42,0.0,11.7,Avoid,avoid,2026-06-29 16:58:28
127637,UTI FTIF Series XVII -XIV (423 DAYS)-Quarterly Div Option - Direct,,UTI Mutual Fund,Other,Income,10.0001,20-04-2015,267,0.0,0.0,0.0,0.0,0.0,0.0,0.0,0.0,0.0,,2.75,0.0,12.2,Avoid,avoid,2026-06-29 16:58:28
127735,Reliance Fixed Horizon Fund - XXV - Series 30 - Direct Plan - Growth Option,,Reliance Mutual Fund,Other,1099 Days,14.1942,11-06-2018,1017,0.0,0.0,0.0,0.0,0.0,0.0,0.0,0.0,0.0,,0.33,0.0,12.5,Avoid,avoid,2026-06-29 16:58:29
127669,Sundaram Select Micro Cap Series IV - Direct Plan - Growth Option,,Sundaram Mutual Fund,Other,Growth,29.5372,11-03-2019,1222,0.0,0.0,0.0,0.0,0.0,0.0,0.0,0.0,0.0,,26.85,0.0,9.7,Avoid,avoid,2026-06-29 16:58:29
127798,IDFC FTP S -82(91 Days)_Direct Plan_Growth,,IDFC Mutual Fund,Other,Income,10.2508,05-06-2014,56,0.0,0.0,0.0,0.0,0.0,0.0,0.0,0.0,0.0,,0.0,0.0,12.5,Avoid,avoid,2026-06-29 16:58:29
127778,IDFC FTP S-81(729 Days)_Direct Plan_Growth,,IDFC Mutual Fund,Other,Income,10.9807,09-03-2015,235,0.0,0.0,0.0,0.0,0.0,0.0,0.0,0.0,0.0,,0.08,0.0,12.5,Avoid,avoid,2026-06-29 16:58:29
127676,IDFC FTP S-76(366 Days)_Direct Plan_Growth,,IDFC Mutual Fund,Other,Income,10.9825,05-03-2015,236,0.0,0.0,0.0,0.0,0.0,0.0,0.0,0.0,0.0,,0.08,0.0,12.5,Avoid,avoid,2026-06-29 16:58:29
127816,UTI FTIF Series XVII -XVI (367 DAYS)-Growth Option - Direct,,UTI Mutual Fund,Other,IDF,14.0272,17-04-2018,985,0.0,0.0,0.0,0.0,0.0,0.0,0.0,0.0,0.0,,0.16,0.0,12.5,Avoid,avoid,2026-06-29 16:58:29
127687,IDFC FTP S-77(1170 Days)_Direct Plan_Growth,,IDFC Mutual Fund,Other,Income,14.196,21-06-2018,1031,0.0,0.0,0.0,0.0,0.0,0.0,0.0,0.0,0.0,,0.32,0.0,12.5,Avoid,avoid,2026-06-29 16:58:29
127818,UTI FTIF Series XVII -XVI (367 DAYS)-Flexi Div Option - Direct,,UTI Mutual Fund,Other,Income,10.0006,05-03-2015,234,0.0,0.0,0.0,0.0,0.0,0.0,0.0,0.0,0.0,,5.44,0.0,11.9,Avoid,avoid,2026-06-29 16:58:29
127820,UTI FTIF Series XVII -XVI (367 DAYS)-Annual Div Option - Direct,,UTI Mutual Fund,Other,Income,10.0002,05-03-2015,234,0.0,0.0,0.0,0.0,0.0,0.0,0.0,0.0,0.0,,8.42,0.0,11.6,Avoid,avoid,2026-06-29 16:58:29
127824,UTI FTIF Series XVII -XVI (367 DAYS)- Maturity Div Option - Direct,,UTI Mutual Fund,Other,Income,10.0,05-03-2015,234,0.0,0.0,0.0,0.0,0.0,0.0,0.0,0.0,0.0,,8.95,0.0,11.6,Avoid,avoid,2026-06-29 16:58:29
127822,UTI FTIF Series XVII -XVI (367 DAYS)-Quarterly Div Option - Direct,,UTI Mutual Fund,Other,Income,10.0016,05-03-2015,234,0.0,0.0,0.0,0.0,0.0,0.0,0.0,0.0,0.0,,2.84,0.0,12.2,Avoid,avoid,2026-06-29 16:58:29
127844,Reliance Fixed Horizon Fund - XXV - Series 31 - Direct Plan - Growth Option,,Reliance Mutual Fund,Other,1099 Days,12.9815,24-04-2017,744,0.0,0.0,0.0,0.0,0.0,0.0,0.0,0.0,0.0,,0.17,0.0,12.5,Avoid,avoid,2026-06-29 16:58:29
127850,BANK OF INDIA BALANCED ADVANTAGE FUND DIRECT PLAN  GROWTH,INF761K01BO6,Bank of India Mutual Fund,Hybrid,Hybrid Scheme - Dynamic Asset Allocation or Balanced Advantage,28.3847,25-06-2026,3000,1.44,6.09,1.53,4.26,3.36,10.53,12.16,11.28,2.51,0.39,17.8,100.0,35.6,Avoid,avoid,2026-06-29 16:58:29
127967,DHFL Pramerica Income Fund - Direct Plan- Growth Option,,DHFL Pramerica Mutual Fund,Other,Income,1218.718,03-03-2016,474,0.0,0.0,0.0,0.0,0.0,0.0,0.0,0.0,0.0,,1.4,0.0,12.4,Avoid,avoid,2026-06-29 16:58:30
127863,IDFC FTP S-78(1096 Days)_Direct Plan_Growth,,IDFC Mutual Fund,Other,Income,13.85895,12-03-2018,959,0.0,0.0,0.0,0.0,0.0,0.0,0.0,0.0,0.0,,0.35,0.0,12.5,Avoid,avoid,2026-06-29 16:58:29
127899,LIC MF RAJIV GANDHI EQUITY SAVINGS SCHEME 2- DIRECT PLAN - GROWTH,,LIC Mutual Fund,Hybrid,Income,14.171,20-03-2017,725,0.0,0.0,0.0,0.0,0.0,0.0,0.0,0.0,0.0,,27.62,0.0,9.6,Avoid,avoid,2026-06-29 16:58:29
128132,UTI FTIF Series XVII -XVII (395 DAYS)-Growth Option - Direct,,UTI Mutual Fund,Other,IDF,12.9741,13-04-2017,738,0.0,0.0,0.0,0.0,0.0,0.0,0.0,0.0,0.0,,0.19,0.0,12.5,Avoid,avoid,2026-06-29 16:58:30
128134,UTI FTIF Series XVII -XVII (395 DAYS)-Maturity Div Option - Direct,,UTI Mutual Fund,Other,Income,10.0,06-04-2015,249,0.0,0.0,0.0,0.0,0.0,0.0,0.0,0.0,0.0,,9.26,0.0,11.5,Avoid,avoid,2026-06-29 16:58:30
128082,Reliance Fixed Horizon Fund - XXVI - Series 2 - Direct Plan - Growth Option,,Reliance Mutual Fund,Other,1099 Days,14.0533,16-07-2018,1040,0.0,0.0,0.0,0.0,0.0,0.0,0.0,0.0,0.0,,0.13,0.0,12.5,Avoid,avoid,2026-06-29 16:58:30
127947,IDFC FTP S-83(729 Days)_Direct Plan_Growth,,IDFC Mutual Fund,Other,Income,12.81612,14-03-2017,716,0.0,0.0,0.0,0.0,0.0,0.0,0.0,0.0,0.0,,0.14,0.0,12.5,Avoid,avoid,2026-06-29 16:58:29
127911,Reliance Fixed Horizon Fund - XXVI - Series 1 - Direct Plan - Growth Option,,Reliance Mutual Fund,Other,1099 Days,14.9762,16-08-2018,1057,0.0,0.0,0.0,0.0,0.0,0.0,0.0,0.0,0.0,,0.34,0.0,12.5,Avoid,avoid,2026-06-29 16:58:29
128135,UTI FTIF Series XVII -XVII (395 DAYS)-Quarterly Div Option - Direct,,UTI Mutual Fund,Other,Income,10.0,06-04-2015,249,0.0,0.0,0.0,0.0,0.0,0.0,0.0,0.0,0.0,,3.11,0.0,12.2,Avoid,avoid,2026-06-29 16:58:30
128010,IDFC FTP S-84(1175 Days)_Direct Plan_Growth,,IDFC Mutual Fund,Other,Income,14.13008,20-06-2018,1025,0.0,0.0,0.0,0.0,0.0,0.0,0.0,0.0,0.0,,0.31,0.0,12.5,Avoid,avoid,2026-06-29 16:58:30
127919,Aditya Birla Sun Life Focused Equity Fund - Series 2 - Direct Plan-Growth,,Aditya Birla Sun Life Mutual Fund,Thematic,Income,16.16,27-03-2017,732,0.0,0.0,0.0,0.0,0.0,0.0,0.0,0.0,0.0,,23.81,0.0,10.0,Avoid,avoid,2026-06-29 16:58:29
127944,IDFC FTP S-79(1170 Days)_Direct Plan_Growth,,IDFC Mutual Fund,Other,Income,14.13272,21-06-2018,1024,0.0,0.0,0.0,0.0,0.0,0.0,0.0,0.0,0.0,,0.32,0.0,12.5,Avoid,avoid,2026-06-29 16:58:29
128079,Kotak Medium Term Fund - Direct - Standard Income Distribution cum capital withdrawal option,INF174K01VS1,Kotak Mahindra Mutual Fund,Debt,Debt Scheme - Medium Duration Fund,27.1914,25-06-2026,2955,1.68,2.72,3.21,7.36,9.02,8.98,8.49,7.59,0.65,1.22,5.17,100.0,40.1,Avoid,avoid,2026-06-29 16:58:31
128051,HDFC Credit Risk Debt Fund - Growth Option - Direct Plan,INF179KA1FZ3,HDFC Mutual Fund,Debt,Debt Scheme - Credit Risk Fund,27.9157,25-06-2026,2957,1.46,2.56,3.71,7.34,8.41,8.18,8.04,7.21,0.43,1.15,2.58,100.0,38.7,Avoid,avoid,2026-06-29 16:58:33
128006,Kotak Medium Term Fund - Direct Growth,INF174K01VQ5,Kotak Mahindra Mutual Fund,Debt,Debt Scheme - Medium Duration Fund,27.1889,25-06-2026,2955,1.68,2.72,3.21,7.36,9.02,8.98,8.49,7.59,0.65,1.22,5.17,100.0,40.1,Avoid,avoid,2026-06-29 16:58:32
128136,UTI FTIF Series XVII -XVII (395 DAYS)-Flexi Div Option - Direct,,UTI Mutual Fund,Other,Income,10.0,06-04-2015,249,0.0,0.0,0.0,0.0,0.0,0.0,0.0,0.0,0.0,,5.12,0.0,12.0,Avoid,avoid,2026-06-29 16:58:30
128181,Reliance Fixed Horizon Fund - XXV - Series 32 - Direct Plan - Growth Option,,Reliance Mutual Fund,Other,1099 Days,12.9565,27-04-2017,738,0.0,0.0,0.0,0.0,0.0,0.0,0.0,0.0,0.0,,0.15,0.0,12.5,Avoid,avoid,2026-06-29 16:58:30
128214,IDFC FTP S-85(728 Days)_Direct Plan_Growth,,IDFC Mutual Fund,Other,Income,12.86028,05-04-2017,727,0.0,0.0,0.0,0.0,0.0,0.0,0.0,0.0,0.0,,0.21,0.0,12.5,Avoid,avoid,2026-06-29 16:58:31
128199,Reliance Fixed Horizon Fund - XXV - Series 34 - Direct Plan - Growth Option,,Reliance Mutual Fund,Other,1099 Days,12.9303,27-04-2017,737,0.0,0.0,0.0,0.0,0.0,0.0,0.0,0.0,0.0,,0.19,0.0,12.5,Avoid,avoid,2026-06-29 16:58:31
128279,UTI FTIF Series XVII -XIX (398 DAYS)-Annual Div Option - Direct,,UTI Mutual Fund,Other,Income,10.0,13-04-2015,251,0.0,0.0,0.0,0.0,0.0,0.0,0.0,0.0,0.0,,9.4,0.0,11.5,Avoid,avoid,2026-06-29 16:58:31
128138,UTI FTIF Series XVII -XVIII (796 DAYS)-Growth Option - Direct,,UTI Mutual Fund,Other,IDF,14.0663,05-06-2018,1012,0.0,0.0,0.0,0.0,0.0,0.0,0.0,0.0,0.0,,0.31,0.0,12.5,Avoid,avoid,2026-06-29 16:58:30
128185,Reliance Fixed Horizon Fund - XXV - Series 33 - Direct Plan - Growth Option,,Reliance Mutual Fund,Other,1099 Days,12.904,25-04-2017,736,0.0,0.0,0.0,0.0,0.0,0.0,0.0,0.0,0.0,,0.12,0.0,12.5,Avoid,avoid,2026-06-29 16:58:31
128226,IDFC FTP S-86(1175 Days)_Direct Plan_Growth,,IDFC Mutual Fund,Other,Income,14.07447,20-06-2018,1021,0.0,0.0,0.0,0.0,0.0,0.0,0.0,0.0,0.0,,0.31,0.0,12.5,Avoid,avoid,2026-06-29 16:58:31
128236,IDBI FLEXI CAP FUND Growth Direct,,IDBI Mutual Fund,Multi Cap,Formerly Known as IIFL Mutual Fund,42.72,27-07-2023,2290,0.0,0.0,0.0,0.0,0.0,0.39,5.99,5.32,0.0,-96.86,34.04,60.0,13.2,Avoid,avoid,2026-06-29 16:58:31
128281,UTI FTIF Series XVII -XIX (398 DAYS)-Quarterly Div Option - Direct,,UTI Mutual Fund,Other,Income,10.001,13-04-2015,251,0.0,0.0,0.0,0.0,0.0,0.0,0.0,0.0,0.0,,2.98,0.0,12.2,Avoid,avoid,2026-06-29 16:58:31
128286,UTI FTIF Series XVII -XIX (398 DAYS) - Growth Option - Direct,,UTI Mutual Fund,Other,IDF,12.9247,05-04-2017,729,0.0,0.0,0.0,0.0,0.0,0.0,0.0,0.0,0.0,,0.23,0.0,12.5,Avoid,avoid,2026-06-29 16:58:31
128288,UTI FTIF Series XVII -XX (369 DAYS)-Annual Div Option - Direct,,UTI Mutual Fund,Other,Income,10.0,17-03-2015,234,0.0,0.0,0.0,0.0,0.0,0.0,0.0,0.0,0.0,,8.7,0.0,11.6,Avoid,avoid,2026-06-29 16:58:31
128292,UTI FTIF Series XVII -XX (369 DAYS)-Maturity Div Option - Direct,,UTI Mutual Fund,Other,Income,10.0,17-03-2015,234,0.0,0.0,0.0,0.0,0.0,0.0,0.0,0.0,0.0,,8.7,0.0,11.6,Avoid,avoid,2026-06-29 16:58:32
128295,UTI FTIF Series XVII -XX (369 DAYS)-Growth Option - Direct,,UTI Mutual Fund,Other,IDF,12.8907,05-04-2017,728,0.0,0.0,0.0,0.0,0.0,0.0,0.0,0.0,0.0,,0.23,0.0,12.5,Avoid,avoid,2026-06-29 16:58:32
128290,UTI FTIF Series XVII -XX (369 DAYS)-Quarterly Div Option - Direct,,UTI Mutual Fund,Other,IDF,10.0,05-04-2017,728,0.0,0.0,0.0,0.0,0.0,0.0,0.0,0.0,0.0,,2.85,0.0,12.2,Avoid,avoid,2026-06-29 16:58:32
128424,Sundaram Hybrid Fund Series F Direct Plan Growth,,Sundaram Mutual Fund,Hybrid,IDF,14.9435,04-04-2019,1199,0.0,0.0,0.0,0.0,0.0,0.0,0.0,0.0,0.0,,5.45,0.0,11.9,Avoid,avoid,2026-06-29 16:58:32
128450,Reliance Fixed Horizon Fund - XXVI - Series 3-Direct Plan - Growth Option,,Reliance Mutual Fund,Other,Income,10.2489,25-06-2014,57,0.0,0.0,0.0,0.0,0.0,0.0,0.0,0.0,0.0,,0,0.0,12.5,Avoid,avoid,2026-06-29 16:58:32
128460,Reliance Fixed Horizon Fund - XXVI - Series 4-Direct Plan - Growth Option,,Reliance Mutual Fund,Other,1099 Days,13.1902,24-04-2017,732,0.0,0.0,0.0,0.0,0.0,0.0,0.0,0.0,0.0,,0.48,0.0,12.5,Avoid,avoid,2026-06-29 16:58:32
128294,UTI FTIF Series XVII -XX (369 DAYS)-Flexi Div Option - Direct,,UTI Mutual Fund,Other,Income,10.0,17-03-2015,234,0.0,0.0,0.0,0.0,0.0,0.0,0.0,0.0,0.0,,4.88,0.0,12.0,Avoid,avoid,2026-06-29 16:58:32
128318,Reliance Fixed Horizon Fund - XXV - Series 35- Direct Plan - Growth Option,,Reliance Mutual Fund,Other,IDF,15.6265,02-04-2019,1202,0.0,0.0,0.0,0.0,0.0,0.0,0.0,0.0,0.0,,0.78,0.0,12.4,Avoid,avoid,2026-06-29 16:58:32
128474,IDFC FTP S-88(1175 Days)_Direct Plan_Growth,,IDFC Mutual Fund,Other,Income,14.05415,20-06-2018,1016,0.0,0.0,0.0,0.0,0.0,0.0,0.0,0.0,0.0,,0.32,0.0,12.5,Avoid,avoid,2026-06-29 16:58:32
128494,ICICI Prudential Multiple Yield Fund - Series 6 - 1825 Days - Plan C - Direct Plan - Cumulative,,ICICI Prudential Mutual Fund,Other,Income,16.2612,05-04-2019,184,0.0,0.0,0.0,0.0,0.0,0.0,0.0,0.0,0.0,,2.71,0.0,12.2,Avoid,avoid,2026-06-29 16:58:32
128556,UTI FTIF Series XVIII -I (400 DAYS)-Maturity Div Option - Direct,,UTI Mutual Fund,Other,Income,10.0,23-04-2015,254,0.0,0.0,0.0,0.0,0.0,0.0,0.0,0.0,0.0,,9.35,0.0,11.5,Avoid,avoid,2026-06-29 16:58:32
128558,UTI FTIF Series XVIII -I (400 DAYS)-Growth Option - Direct,,UTI Mutual Fund,Other,IDF,13.8424,03-05-2018,985,0.0,0.0,0.0,0.0,0.0,0.0,0.0,0.0,0.0,,0.26,0.0,12.5,Avoid,avoid,2026-06-29 16:58:33
128549,IDFC FTP-S 89(742 Days)_Direct Plan_Growth,,IDFC Mutual Fund,Other,Income,12.88594,05-04-2017,721,0.0,0.0,0.0,0.0,0.0,0.0,0.0,0.0,0.0,,0.28,0.0,12.5,Avoid,avoid,2026-06-29 16:58:32
128570,UTI FTIF Series XVIII -II (1825 DAYS)-Quarterly Div Option - Direct,,UTI Mutual Fund,Other,IDF,10.0839,19-03-2019,1198,0.0,0.0,0.0,0.0,0.0,0.0,0.0,0.0,0.0,,6.05,0.0,11.9,Avoid,avoid,2026-06-29 16:58:33
128670,UTI FTIF Series XVIII -III (367 DAYS)-Flexi Div Option - Direct,,UTI Mutual Fund,Other,Income,10.0,23-03-2015,233,0.0,0.0,0.0,0.0,0.0,0.0,0.0,0.0,0.0,,4.54,0.0,12.0,Avoid,avoid,2026-06-29 16:58:34
128560,UTI FTIF Series XVIII -I (400 DAYS)-Quarterly Div Option - Direct,,UTI Mutual Fund,Other,Income,10.0,23-04-2015,254,0.0,0.0,0.0,0.0,0.0,0.0,0.0,0.0,0.0,,2.82,0.0,12.2,Avoid,avoid,2026-06-29 16:58:33
128688,Reliance Fixed Horizon Fund- XXVI- Series 7- Direct Plan - Growth Option,,Reliance Mutual Fund,Other,1099 Days,12.8447,19-04-2017,728,0.0,0.0,0.0,0.0,0.0,0.0,0.0,0.0,0.0,,0.17,0.0,12.5,Avoid,avoid,2026-06-29 16:58:34
128568,UTI FTIF Series XVIII -II (1825 DAYS)-Annual Div Option - Direct,,UTI Mutual Fund,Other,IDF,10.0,19-03-2019,1198,0.0,0.0,0.0,0.0,0.0,0.0,0.0,0.0,0.0,,12.29,0.0,11.2,Avoid,avoid,2026-06-29 16:58:33
128592,Reliance Fixed Horizon Fund - XXVI- Series 5- Direct Plan - Growth Option,,Reliance Mutual Fund,Other,1099 Days,10.9566,06-04-2015,237,0.0,0.0,0.0,0.0,0.0,0.0,0.0,0.0,0.0,,0.09,0.0,12.5,Avoid,avoid,2026-06-29 16:58:33
128662,UTI FTIF Series XVIII -III (367 DAYS) - Growth Option - Direct,,UTI Mutual Fund,Other,IDF,12.9122,18-04-2017,731,0.0,0.0,0.0,0.0,0.0,0.0,0.0,0.0,0.0,,0.16,0.0,12.5,Avoid,avoid,2026-06-29 16:58:34
128667,UTI FTIF Series XVIII -III (367 DAYS)-Annual Div Option - Direct,,UTI Mutual Fund,Other,IDF,10.0,18-04-2017,731,0.0,0.0,0.0,0.0,0.0,0.0,0.0,0.0,0.0,,8.46,0.0,11.6,Avoid,avoid,2026-06-29 16:58:34
128669,UTI FTIF Series XVIII -III (367 DAYS)-Quarterly Div Option - Direct,,UTI Mutual Fund,Other,Income,10.0,23-03-2015,233,0.0,0.0,0.0,0.0,0.0,0.0,0.0,0.0,0.0,,2.49,0.0,12.2,Avoid,avoid,2026-06-29 16:58:33
128637,Reliance Fixed Horizon Fund- XXVI- Series 6- Direct Plan - Growth Option,,Reliance Mutual Fund,Other,1099 Days,14.0178,16-07-2018,1031,0.0,0.0,0.0,0.0,0.0,0.0,0.0,0.0,0.0,,0.18,0.0,12.5,Avoid,avoid,2026-06-29 16:58:34
128665,UTI FTIF Series XVIII -III (367 DAYS)-Maturity Div Option - Direct,,UTI Mutual Fund,Other,Income,10.0,23-03-2015,233,0.0,0.0,0.0,0.0,0.0,0.0,0.0,0.0,0.0,,8.47,0.0,11.6,Avoid,avoid,2026-06-29 16:58:34
128567,UTI FTIF Series XVIII -II (1825 DAYS) - Growth Option - Direct,,UTI Mutual Fund,Other,IDF,15.5798,19-03-2019,1198,0.0,0.0,0.0,0.0,0.0,0.0,0.0,0.0,0.0,,1.03,0.0,12.4,Avoid,avoid,2026-06-29 16:58:33
128629,HDFC Banking and PSU Debt Fund - Growth Option - Direct Plan,INF179KA1IZ7,HDFC Mutual Fund,Debt,Debt Scheme - Banking and PSU Fund,25.3419,25-06-2026,2956,1.83,2.51,2.73,5.52,7.44,7.42,7.31,6.45,0.58,0.38,3.13,100.0,30.3,Avoid,avoid,2026-06-29 16:58:34
128841,Reliance Fixed Horizon Fund- XXVI- Series 9- Direct Plan - Growth Option,,Reliance Mutual Fund,Other,1099 Days,13.953,16-07-2018,1027,0.0,0.0,0.0,0.0,0.0,0.0,0.0,0.0,0.0,,0.18,0.0,12.5,Avoid,avoid,2026-06-29 16:58:34
128838,Reliance Fixed Horizon Fund- XXVI- Series 8- Direct Plan - Growth Option,,Reliance Mutual Fund,Other,1099 Days,10.9364,07-04-2015,234,0.0,0.0,0.0,0.0,0.0,0.0,0.0,0.0,0.0,,0.08,0.0,12.5,Avoid,avoid,2026-06-29 16:58:34
128851,Reliance Fixed Horizon Fund- XXVI- Series 11- Direct Plan - Growth Option,,Reliance Mutual Fund,Other,Income,10.2272,14-07-2014,61,0.0,0.0,0.0,0.0,0.0,0.0,0.0,0.0,0.0,,0,0.0,12.5,Avoid,avoid,2026-06-29 16:58:34
128882,UTI FTIF Series XVIII -IV (366 DAYS)-Maturity Div Option - Direct,,UTI Mutual Fund,Other,Income,10.0,26-03-2015,234,0.0,0.0,0.0,0.0,0.0,0.0,0.0,0.0,0.0,,8.41,0.0,11.6,Avoid,avoid,2026-06-29 16:58:34
128963,ING Gilt Fund- Provident Fund -Dynamic Plan - Direct Plan  - Cyclical Series Option 2014,,ING Mutual Fund,Debt,Income,10.0,09-10-2014,126,0.0,0.0,0.0,0.0,0.0,0.0,0.0,0.0,0.0,,0,0.0,12.5,Avoid,avoid,2026-06-29 16:58:34
128880,UTI FTIF Series XVIII -IV (366 DAYS)-Quarterly Div Option - Direct,,UTI Mutual Fund,Other,Income,10.0002,26-03-2015,234,0.0,0.0,0.0,0.0,0.0,0.0,0.0,0.0,0.0,,2.32,0.0,12.3,Avoid,avoid,2026-06-29 16:58:34
128934,IDFC FTP S -90(728 Days)_Direct Plan_Growth,,IDFC Mutual Fund,Other,Income,12.87063,11-04-2017,718,0.0,0.0,0.0,0.0,0.0,0.0,0.0,0.0,0.0,,0.28,0.0,12.5,Avoid,avoid,2026-06-29 16:58:34
128876,UTI FTIF Series XVIII -IV (366 DAYS) - Growth Option - Direct,,UTI Mutual Fund,Other,IDF,13.8055,03-05-2018,981,0.0,0.0,0.0,0.0,0.0,0.0,0.0,0.0,0.0,,0.21,0.0,12.5,Avoid,avoid,2026-06-29 16:58:34
129011,IDFC FTP S -91(1158 Days)_Direct Plan_ Growth,,IDFC Mutual Fund,Other,Income,13.96574,21-06-2018,1006,0.0,0.0,0.0,0.0,0.0,0.0,0.0,0.0,0.0,,0.32,0.0,12.5,Avoid,avoid,2026-06-29 16:58:34
128966,Reliance Fixed Horizon Fund- XXVI- Series 12- Direct Plan - Growth Option,,Reliance Mutual Fund,Other,1099 Days,12.8106,25-04-2017,725,0.0,0.0,0.0,0.0,0.0,0.0,0.0,0.0,0.0,,0.14,0.0,12.5,Avoid,avoid,2026-06-29 16:58:34
128878,UTI FTIF Series XVIII -IV (366 DAYS)-Annual Div Option - Direct,,UTI Mutual Fund,Other,IDF,10.0,25-04-2017,734,0.0,0.0,0.0,0.0,0.0,0.0,0.0,0.0,0.0,,8.4,0.0,11.6,Avoid,avoid,2026-06-29 16:58:34
129020,Reliance Fixed Horizon Fund- XXVI- Series 13- Direct Plan - Growth Option,,Reliance Mutual Fund,Other,1099 Days,12.8003,25-04-2017,722,0.0,0.0,0.0,0.0,0.0,0.0,0.0,0.0,0.0,,0.11,0.0,12.5,Avoid,avoid,2026-06-29 16:58:34
129008,Franklin India Banking & PSU Debt Fund - Direct - Growth,INF090I01KR8,Franklin Templeton Mutual Fund,Debt,Debt Scheme - Banking and PSU Fund,24.9466,25-06-2026,2938,0.96,2.04,2.85,6.15,7.67,7.5,7.35,6.44,0.35,0.66,3.64,100.0,33.1,Avoid,avoid,2026-06-29 16:58:36
129114,Reliance Fixed Horizon Fund - XXVI - Series 14- Direct Plan - Growth Option,,Reliance Mutual Fund,Other,1099 Days,14.7817,16-08-2018,1033,0.0,0.0,0.0,0.0,0.0,0.0,0.0,0.0,0.0,,0.83,0.0,12.4,Avoid,avoid,2026-06-29 16:58:52
129186,Reliance Fixed Horizon Fund- XXVI- Series 16- Direct Plan - Growth Option,,Reliance Mutual Fund,Other,1099 Days,13.3054,08-05-2017,721,0.0,0.0,0.0,0.0,0.0,0.0,0.0,0.0,0.0,,0.48,0.0,12.5,Avoid,avoid,2026-06-30 16:08:58
129149,Reliance Fixed Horizon Fund XXVI- Series 15- Direct Plan - Growth Option,,Reliance Mutual Fund,Other,1099 Days,12.9118,24-05-2017,736,0.0,0.0,0.0,0.0,0.0,0.0,0.0,0.0,0.0,,0.28,0.0,12.5,Avoid,avoid,2026-06-30 16:08:58
129231,ICICI Prudential Multiple Yield Fund - Series 6 - 1825 Days Plan D Direct Plan Cumulative Option,,ICICI Prudential Mutual Fund,Other,Income,15.8208,06-05-2019,201,0.0,0.0,0.0,0.0,0.0,0.0,0.0,0.0,0.0,,3.03,0.0,12.2,Avoid,avoid,2026-06-30 16:09:18
129234,ICICI Prudential Value Fund - Series 4 Direct Plan Cumulative Option,,ICICI Prudential Mutual Fund,Thematic,Growth,22.23,08-05-2019,207,0.0,0.0,0.0,0.0,0.0,0.0,0.0,0.0,0.0,,14.56,0.0,11.0,Avoid,avoid,2026-06-30 16:09:17
129220,L&T Emerging Businesses Fund - Direct Plan - Growth,,L&T Mutual Fund,Small Cap,Equity Scheme - Small Cap Fund,51.2176,24-11-2022,2099,0.0,0.0,0.0,0.0,0.0,0.0,3.8,4.99,0.0,,52.45,40.0,12.0,Avoid,avoid,2026-06-30 16:09:18
129257,UTI FTIF Series XVIII -V (370 DAYS) - Growth Option - Direct,,UTI Mutual Fund,Other,IDF,13.7497,24-04-2018,969,0.0,0.0,0.0,0.0,0.0,0.0,0.0,0.0,0.0,,0.21,0.0,12.5,Avoid,avoid,2026-06-30 16:09:17
129259,UTI FTIF Series XVIII -V (370 DAYS)-Annual Div Option - Direct,,UTI Mutual Fund,Other,IDF,10.0046,24-04-2018,969,0.0,0.0,0.0,0.0,0.0,0.0,0.0,0.0,0.0,,8.44,0.0,11.6,Avoid,avoid,2026-06-30 16:09:17
129261,UTI FTIF Series XVIII -V (370 DAYS)-Quarterly Div Option - Direct,,UTI Mutual Fund,Other,IDF,10.0,13-04-2017,720,0.0,0.0,0.0,0.0,0.0,0.0,0.0,0.0,0.0,,2.4,0.0,12.2,Avoid,avoid,2026-06-30 16:09:17
129266,UTI FTIF Series XVIII -VI (367 DAYS) - Growth Option - Direct,,UTI Mutual Fund,Other,IDF,12.7956,18-04-2017,719,0.0,0.0,0.0,0.0,0.0,0.0,0.0,0.0,0.0,,0.23,0.0,12.5,Avoid,avoid,2026-06-29 16:58:52
129052,HDFC ARBITRAGE FUND -Direct Plan - Growth Option,INF179KA1KT6,HDFC Mutual Fund,Hybrid,Hybrid Scheme - Arbitrage Fund,21.466,25-06-2026,3010,0.98,1.51,3.24,6.46,7.02,7.43,7.18,6.53,0.2,1.03,0.82,100.0,36.4,Avoid,avoid,2026-06-29 16:58:36
129268,UTI FTIF Series XVIII -VI (367 DAYS)-Annual Div Option - Direct,,UTI Mutual Fund,Other,Income,10.0,13-04-2015,233,0.0,0.0,0.0,0.0,0.0,0.0,0.0,0.0,0.0,,8.35,0.0,11.6,Avoid,avoid,2026-06-29 16:58:52
129188,Invesco India - Invesco Global Equity Income Fund of Fund - Direct Plan - Growth,INF205K01B49,Invesco Mutual Fund,International,Other Scheme - FoF Overseas,41.0413,29-06-2026,2801,-1.83,16.13,14.64,22.58,24.08,22.79,23.73,16.86,4.7,0.97,34.67,80.0,68.3,Watch,watch,2026-06-30 16:09:04
129197,HSBC Income Plus Arbitrage Active FOF - Growth Direct,INF336L01IP7,HSBC Mutual Fund,Hybrid,Other Scheme - FoF Domestic,23.9749,29-06-2026,2932,1.39,1.9,2.8,5.52,6.47,7.59,7.79,6.51,0.37,0.41,5.15,100.0,30.8,Avoid,avoid,2026-06-30 16:09:04
129046,Motilal Oswal Flexi cap Fund Direct Plan-Growth Option,INF247L01502,Motilal Oswal Mutual Fund,Multi Cap,Equity Scheme - Flexi Cap Fund,64.7797,25-06-2026,2991,1.83,13.81,-3.18,-7.01,2.96,18.43,19.16,12.66,4.57,0.7,37.1,60.0,44.5,Avoid,avoid,2026-06-29 16:58:36
129193,HSBC Multi Asset Active FOF - Growth Direct,INF336L01IJ0,HSBC Mutual Fund,Hybrid,Other Scheme - FoF Domestic,43.5565,29-06-2026,2938,0.34,10.99,3.8,13.25,11.25,16.34,17.27,13.35,3.13,0.92,25.39,80.0,51.8,Avoid,avoid,2026-06-30 16:09:04
129212,Sundaram Infrastructure Advantage Fund Direct Plan - Growth,INF903J01F92,Sundaram Mutual Fund,Sectoral,Equity Scheme - Sectoral/ Thematic,111.2446,29-06-2026,3003,0.41,14.98,8.52,7.77,4.22,20.93,23.5,19.2,4.17,0.89,50.6,100.0,60.8,Watch,watch,2026-06-30 16:09:18
129200,HSBC Aggressive Hybrid Active FOF - Growth Direct,INF336L01ID3,HSBC Mutual Fund,Hybrid,Other Scheme - FoF Domestic,44.8165,29-06-2026,2938,3.21,13.87,4.43,4.98,5.75,13.94,16.2,12.33,3.0,0.64,31.06,80.0,40.4,Avoid,avoid,2026-06-30 16:09:04
129280,UTI FTIF Series XVIII -VII (368 DAYS)-Maturity Div Option - Direct,,UTI Mutual Fund,Other,Income,10.0,20-04-2015,233,0.0,0.0,0.0,0.0,0.0,0.0,0.0,0.0,0.0,,8.45,0.0,11.6,Avoid,avoid,2026-06-29 16:58:52
129270,UTI FTIF Series XVIII -VI (367 DAYS)-Quarterly Div Option - Direct,,UTI Mutual Fund,Other,Income,10.0,13-04-2015,233,0.0,0.0,0.0,0.0,0.0,0.0,0.0,0.0,0.0,,2.47,0.0,12.2,Avoid,avoid,2026-06-29 16:58:52
129272,UTI FTIF Series XVIII -VI (367 DAYS)-Maturity Div Option - Direct,,UTI Mutual Fund,Other,IDF,10.0,18-04-2017,719,0.0,0.0,0.0,0.0,0.0,0.0,0.0,0.0,0.0,,14.63,0.0,11.0,Avoid,avoid,2026-06-29 16:58:52
129284,UTI FTIF Series XVIII -VII (368 DAYS)-Annual Div Option - Direct,,UTI Mutual Fund,Other,Income,10.0,20-04-2015,233,0.0,0.0,0.0,0.0,0.0,0.0,0.0,0.0,0.0,,8.45,0.0,11.6,Avoid,avoid,2026-06-29 16:58:53
129276,UTI FTIF Series XVIII -VII (368 DAYS) - Growth Option - Direct,,UTI Mutual Fund,Other,IDF,13.7452,15-05-2018,975,0.0,0.0,0.0,0.0,0.0,0.0,0.0,0.0,0.0,,0.26,0.0,12.5,Avoid,avoid,2026-06-29 16:58:52
129282,UTI FTIF Series XVIII -VII (368 DAYS)-Flexi Div Option - Direct,,UTI Mutual Fund,Other,Income,10.0,20-04-2015,233,0.0,0.0,0.0,0.0,0.0,0.0,0.0,0.0,0.0,,4.85,0.0,12.0,Avoid,avoid,2026-06-29 16:58:53
129389,Axis Hybrid Fund - Series 11 - Direct Plan - Growth,,Axis Mutual Fund,Hybrid,Income,12.9726,08-11-2017,840,0.0,0.0,0.0,0.0,0.0,0.0,0.0,0.0,0.0,,13.68,0.0,11.1,Avoid,avoid,2026-06-29 16:58:53
129291,Reliance Fixed Horizon Fund - XXVI - Series 17- Direct Plan - Growth Option,,Reliance Mutual Fund,Other,1099 Days,12.8672,24-05-2017,733,0.0,0.0,0.0,0.0,0.0,0.0,0.0,0.0,0.0,,0.1,0.0,12.5,Avoid,avoid,2026-06-29 16:58:53
129296,Reliance Fixed Horizon Fund - XXVI - Series 18- Direct Plan - Growth Option,,Reliance Mutual Fund,Other,1099 Days,12.8374,24-05-2017,732,0.0,0.0,0.0,0.0,0.0,0.0,0.0,0.0,0.0,,0.09,0.0,12.5,Avoid,avoid,2026-06-29 16:58:53
129402,Aditya Birla Sun Life Emerging Leaders Fund - Series 1 - Direct Plan - Growth,,Aditya Birla Sun Life Mutual Fund,Other,Growth,20.79,08-05-2017,732,0.0,0.0,0.0,0.0,0.0,0.0,0.0,0.0,0.0,,16.74,0.0,10.8,Avoid,avoid,2026-06-29 16:58:53
129418,Reliance Fixed Horizon Fund- XXVI- Series 19- Direct Plan- Growth Option,,Reliance Mutual Fund,Other,1099 Days,12.8424,24-05-2017,730,0.0,0.0,0.0,0.0,0.0,0.0,0.0,0.0,0.0,,0.09,0.0,12.5,Avoid,avoid,2026-06-29 16:58:53
129545,UTI FTIF Series XVIII - VIII (366 Days) - Annual Div Option - Direct,,UTI Mutual Fund,Other,Income,10.0,23-04-2015,235,0.0,0.0,0.0,0.0,0.0,0.0,0.0,0.0,0.0,,8.45,0.0,11.6,Avoid,avoid,2026-06-29 16:58:54
129510,Reliance Fixed Horizon Fund XXVI- Series 20- Direct Plan- Growth Option,,Reliance Mutual Fund,Other,1099 Days,12.8141,24-05-2017,724,0.0,0.0,0.0,0.0,0.0,0.0,0.0,0.0,0.0,,0.1,0.0,12.5,Avoid,avoid,2026-06-29 16:58:53
129603,UTI FTIF Series XVIII - X (366 Days) - Growth Option - Direct,,UTI Mutual Fund,Other,IDF,13.7362,29-05-2018,976,0.0,0.0,0.0,0.0,0.0,0.0,0.0,0.0,0.0,,0.13,0.0,12.5,Avoid,avoid,2026-06-29 16:58:54
129521,Reliance Fixed Horizon Fund- XXVI- Series 21- Direct Plan- Growth Option,,Reliance Mutual Fund,Other,1099 Days,13.1451,30-05-2017,729,0.0,0.0,0.0,0.0,0.0,0.0,0.0,0.0,0.0,,0.49,0.0,12.4,Avoid,avoid,2026-06-29 16:58:54
129546,UTI FTIF Series XVIII - VIII (366 Days) - Maturity Div Option - Direct,,UTI Mutual Fund,Other,Income,10.0,23-04-2015,235,0.0,0.0,0.0,0.0,0.0,0.0,0.0,0.0,0.0,,8.45,0.0,11.6,Avoid,avoid,2026-06-29 16:58:54
129505,IDFC FTP S-93 (732 Days)_DIrect Plan_Growth,,IDFC Mutual Fund,Other,Income,12.76661,15-05-2017,720,0.0,0.0,0.0,0.0,0.0,0.0,0.0,0.0,0.0,,0.09,0.0,12.5,Avoid,avoid,2026-06-29 16:58:53
129591,UTI FTIF Series XVIII - IX (733 Days) - Annual Div Option - Direct,,UTI Mutual Fund,Other,IDF,10.0004,05-06-2018,979,0.0,0.0,0.0,0.0,0.0,0.0,0.0,0.0,0.0,,8.88,0.0,11.6,Avoid,avoid,2026-06-29 16:58:54
129465,IDFC FTP-S 92(735 Days)_Direct Plan_Growth,,IDFC Mutual Fund,Other,Income,12.7715,15-05-2017,724,0.0,0.0,0.0,0.0,0.0,0.0,0.0,0.0,0.0,,0.09,0.0,12.5,Avoid,avoid,2026-06-29 16:58:53
129600,UTI FTIF Series XVIII - X (366 Days) - Annual Div Option - Direct,,UTI Mutual Fund,Other,IDF,10.0,15-05-2017,723,0.0,0.0,0.0,0.0,0.0,0.0,0.0,0.0,0.0,,7.72,0.0,11.7,Avoid,avoid,2026-06-29 16:58:54
129608,UTI FTIF Series XVIII - X (366 Days) - Maturity Div Option - Direct,,UTI Mutual Fund,Other,Income,10.0,06-05-2015,234,0.0,0.0,0.0,0.0,0.0,0.0,0.0,0.0,0.0,,8.5,0.0,11.6,Avoid,avoid,2026-06-29 16:58:54
129563,Reliance Fixed Horizon Fund XXVI- Series 22- Direct Plan- Growth Option,,Reliance Mutual Fund,Other,1099 Days,12.8098,24-05-2017,724,0.0,0.0,0.0,0.0,0.0,0.0,0.0,0.0,0.0,,0.1,0.0,12.5,Avoid,avoid,2026-06-29 16:58:54
129549,UTI FTIF Series XVIII - VIII (366 Days) - Growth Option - Direct,,UTI Mutual Fund,Other,IDF,13.7494,15-05-2018,974,0.0,0.0,0.0,0.0,0.0,0.0,0.0,0.0,0.0,,0.28,0.0,12.5,Avoid,avoid,2026-06-29 16:58:54
129593,UTI FTIF Series XVIII - IX (733 Days) - Growth Option - Direct,,UTI Mutual Fund,Other,IDF,13.8477,05-06-2018,979,0.0,0.0,0.0,0.0,0.0,0.0,0.0,0.0,0.0,,0.3,0.0,12.5,Avoid,avoid,2026-06-29 16:58:54
129649,Union Small Cap Fund - Direct Plan - Growth Option,INF582M01BU9,Union Mutual Fund,Small Cap,Equity Scheme - Small Cap Fund,62.65,25-06-2026,2956,4.0,24.31,16.73,17.04,10.21,20.29,22.06,18.52,5.64,0.69,44.71,100.0,61.7,Watch,watch,2026-06-29 16:58:54
129682,Reliance Fixed Horizon Fund XXVI- Series 23- Direct Plan- Growth Option,,Reliance Mutual Fund,Other,1099 Days,14.6063,16-08-2018,1015,0.0,0.0,0.0,0.0,0.0,0.0,0.0,0.0,0.0,,0.33,0.0,12.5,Avoid,avoid,2026-06-29 16:58:54
129686,Reliance Fixed Horizon Fund- XXVI- Series 24- Direct Plan- Growth Option,,Reliance Mutual Fund,Other,1099 Days,12.7991,31-05-2017,724,0.0,0.0,0.0,0.0,0.0,0.0,0.0,0.0,0.0,,0.1,0.0,12.5,Avoid,avoid,2026-06-29 16:58:54
129693,Sundaram Top 100 Series I Direct Plan Growth,,Sundaram Mutual Fund,Other,Income,15.0112,06-06-2017,730,0.0,0.0,0.0,0.0,0.0,0.0,0.0,0.0,0.0,,21.72,0.0,10.2,Avoid,avoid,2026-06-29 16:58:54
129755,Axis Hybrid Fund - Series 12 - Direct Plan - Growth,,Axis Mutual Fund,Hybrid,Income,12.9805,28-11-2017,843,0.0,0.0,0.0,0.0,0.0,0.0,0.0,0.0,0.0,,13.29,0.0,11.1,Avoid,avoid,2026-06-29 16:58:55
129730,Reliance Fixed Horizon Fund XXVI- Series 25- Direct Plan- Growth Option,,Reliance Mutual Fund,Other,1099 Days,12.9394,24-07-2017,757,0.0,0.0,0.0,0.0,0.0,0.0,0.0,0.0,0.0,,0.17,0.0,12.5,Avoid,avoid,2026-06-29 16:58:54
129787,Sundaram Hybrid Fund Series H Direct Plan Growth,,Sundaram Mutual Fund,Hybrid,IDF,14.7817,06-05-2019,1201,0.0,0.0,0.0,0.0,0.0,0.0,0.0,0.0,0.0,,5.23,0.0,12.0,Avoid,avoid,2026-06-29 16:58:55
129820,UTI FTIF Series XVIII - XI (1095 Days) - Annual Div Option - Direct,,UTI Mutual Fund,Other,IDF,10.0228,15-05-2017,715,0.0,0.0,0.0,0.0,0.0,0.0,0.0,0.0,0.0,,10.49,0.0,11.4,Avoid,avoid,2026-06-29 16:58:55
129814,HDFC CPO - II - 36M May 2014 - Direct Option - Growth Option,,HDFC Mutual Fund,Other,5 Year Plan,12.2757,12-06-2017,725,0.0,0.0,0.0,0.0,0.0,0.0,0.0,0.0,0.0,,1.69,0.0,12.3,Avoid,avoid,2026-06-29 16:58:55
129725,Principal Index Fund- Midcap- Direct Plan - Growth,,PRINCIPAL Mutual Fund,Index / ETF,Income,19.9063,09-06-2017,756,0.0,0.0,0.0,0.0,0.0,0.0,0.0,0.0,0.0,,18.45,0.0,10.6,Avoid,avoid,2026-06-29 16:58:54
129818,UTI FTIF Series XVIII - XI (1095 Days) - Growth Option - Direct,,UTI Mutual Fund,Other,IDF,14.0952,29-05-2018,968,0.0,0.0,0.0,0.0,0.0,0.0,0.0,0.0,0.0,,0.48,0.0,12.5,Avoid,avoid,2026-06-29 16:58:55
129822,UTI FTIF Series XVIII - XI (1095 Days) - Quarterly Div Option -Direct,,UTI Mutual Fund,Other,IDF,10.0031,15-05-2017,715,0.0,0.0,0.0,0.0,0.0,0.0,0.0,0.0,0.0,,5.42,0.0,11.9,Avoid,avoid,2026-06-29 16:58:55
129829,UTI FTIF Series XVIII - XII (366 Days) - Annual Div Option -Direct,,UTI Mutual Fund,Other,Income,10.0,20-05-2015,235,0.0,0.0,0.0,0.0,0.0,0.0,0.0,0.0,0.0,,7.19,0.0,11.8,Avoid,avoid,2026-06-29 16:58:55
129834,UTI FTIF Series XVIII - XII (366 Days) - Growth Option - Direct,,UTI Mutual Fund,Other,IDF,13.7104,29-05-2018,967,0.0,0.0,0.0,0.0,0.0,0.0,0.0,0.0,0.0,,0.16,0.0,12.5,Avoid,avoid,2026-06-29 16:58:55
129831,UTI FTIF Series XVIII - XII (366 Days) - Quarterly Div Option -Direct,,UTI Mutual Fund,Other,Income,10.0,20-05-2015,235,0.0,0.0,0.0,0.0,0.0,0.0,0.0,0.0,0.0,,3.0,0.0,12.2,Avoid,avoid,2026-06-29 16:58:55
129833,UTI FTIF Series XVIII - XII (366 Days) - Maturity Div Option - Direct,,UTI Mutual Fund,Other,IDF,10.0001,23-05-2017,720,0.0,0.0,0.0,0.0,0.0,0.0,0.0,0.0,0.0,,14.84,0.0,11.0,Avoid,avoid,2026-06-29 16:58:55
129837,Reliance Fixed Horizon Fund XXVI- Series 26- Direct Plan- Growth Option,,Reliance Mutual Fund,Other,1099 Days,13.2179,13-06-2017,727,0.0,0.0,0.0,0.0,0.0,0.0,0.0,0.0,0.0,,0.49,0.0,12.4,Avoid,avoid,2026-06-29 16:58:55
130070,UTI FTIF Series XVIII - XIII(366 Days) - Quarterly Div Option - Direct,,UTI Mutual Fund,Other,IDF,10.0,05-06-2018,967,0.0,0.0,0.0,0.0,0.0,0.0,0.0,0.0,0.0,,6.41,0.0,11.8,Avoid,avoid,2026-06-29 16:58:56
129885,Aditya Birla Sun Life Emerging Leaders Fund - Series 2 - Direct Plan - Growth Option,,Aditya Birla Sun Life Mutual Fund,Other,Growth,17.21,05-06-2017,733,0.0,0.0,0.0,0.0,0.0,0.0,0.0,0.0,0.0,,18.26,0.0,10.6,Avoid,avoid,2026-06-29 16:58:55
129887,Sundaram Top 100 Series II Direct Plan Growth,,Sundaram Mutual Fund,Other,Income,14.538,27-06-2017,731,0.0,0.0,0.0,0.0,0.0,0.0,0.0,0.0,0.0,,21.64,0.0,10.2,Avoid,avoid,2026-06-29 16:58:55
129985,IDFC FTP S_99(777Days)_Direct_Growth,,IDFC Mutual Fund,Other,Income,12.82794,31-07-2017,753,0.0,0.0,0.0,0.0,0.0,0.0,0.0,0.0,0.0,,0.16,0.0,12.5,Avoid,avoid,2026-06-29 16:58:56
130010,Reliance Fixed Horizon Fund-XXVI-Series 28-Direct Plan-Growth Option,,Reliance Mutual Fund,Other,1099 Days,12.8984,24-07-2017,746,0.0,0.0,0.0,0.0,0.0,0.0,0.0,0.0,0.0,,0.17,0.0,12.5,Avoid,avoid,2026-06-29 16:58:56
130059,Axis Hybrid Fund - Series 13 - Direct Plan - Growth,,Axis Mutual Fund,Hybrid,Income,12.8648,13-12-2017,836,0.0,0.0,0.0,0.0,0.0,0.0,0.0,0.0,0.0,,13.0,0.0,11.1,Avoid,avoid,2026-06-29 16:58:56
130066,UTI FTIF Series XVIII - XIII(366 Days) - Growth Option - Direct,,UTI Mutual Fund,Other,IDF,13.7097,05-06-2018,967,0.0,0.0,0.0,0.0,0.0,0.0,0.0,0.0,0.0,,0.1,0.0,12.5,Avoid,avoid,2026-06-29 16:58:56
130069,UTI FTIF Series XVIII - XIII(366 Days) - Annual Div Option - Direct,,UTI Mutual Fund,Other,Income,10.0,28-05-2015,236,0.0,0.0,0.0,0.0,0.0,0.0,0.0,0.0,0.0,,6.92,0.0,11.8,Avoid,avoid,2026-06-29 16:58:56
129987,JPMorgan India Top 100 Fund - Direct Plan - Growth Option,,JPMorgan Mutual Fund,Other,Income,11.536,24-11-2016,590,0.0,0.0,0.0,0.0,0.0,0.0,0.0,0.0,0.0,,20.57,0.0,10.4,Avoid,avoid,2026-06-29 16:58:56
129929,IDFC FTP S -97 (788 Days) _Direct Plan_Growth,,IDFC Mutual Fund,Other,Income,12.87848,31-07-2017,760,0.0,0.0,0.0,0.0,0.0,0.0,0.0,0.0,0.0,,0.16,0.0,12.5,Avoid,avoid,2026-06-29 16:58:56
130050,Nippon India Medium Duration Fund - Direct Plan - Growth Option,INF204KA1QF1,Nippon India Mutual Fund,Debt,Debt Scheme - Medium Duration Fund,18.2198,25-06-2026,2894,1.7,2.72,3.43,8.74,9.16,8.51,8.25,9.75,0.8,0.88,29.82,100.0,36.9,Avoid,avoid,2026-06-29 16:58:57
130072,UTI FTIF Series XVIII - XIII(366 Days) - Maturity Div Option - Direct,,UTI Mutual Fund,Other,IDF,10.0,31-05-2017,721,0.0,0.0,0.0,0.0,0.0,0.0,0.0,0.0,0.0,,14.87,0.0,11.0,Avoid,avoid,2026-06-29 16:58:56
130074,UTI FTIF Series XVIII - XIII(366 Days) - Flexi Div Option - Direct,,UTI Mutual Fund,Other,Income,10.0,28-05-2015,236,0.0,0.0,0.0,0.0,0.0,0.0,0.0,0.0,0.0,,5.77,0.0,11.9,Avoid,avoid,2026-06-29 16:58:56
130094,UTI FTIF Series XVIII - XV (366 Days)- Quarterly Div Option - Direct,,UTI Mutual Fund,Other,IDF,10.0,03-06-2015,235,0.0,0.0,0.0,0.0,0.0,0.0,0.0,0.0,0.0,,2.56,0.0,12.2,Avoid,avoid,2026-06-29 16:58:57
130081,UTI FTIF Series XVIII - XIV(368 Days) - Growth Option - Direct,,UTI Mutual Fund,Other,IDF,12.8363,05-06-2017,722,0.0,0.0,0.0,0.0,0.0,0.0,0.0,0.0,0.0,,0.11,0.0,12.5,Avoid,avoid,2026-06-29 16:58:56
130096,UTI FTIF Series XVIII - XV (366 Days) - Maturity Div Option - Direct,,UTI Mutual Fund,Other,IDF,10.0,03-06-2015,235,0.0,0.0,0.0,0.0,0.0,0.0,0.0,0.0,0.0,,8.34,0.0,11.6,Avoid,avoid,2026-06-29 16:58:57
130090,UTI FTIF Series XVIII - XV (366 Days) - Growth Option - Direct,,UTI Mutual Fund,Other,IDF,12.8033,05-06-2017,719,0.0,0.0,0.0,0.0,0.0,0.0,0.0,0.0,0.0,,0.11,0.0,12.5,Avoid,avoid,2026-06-29 16:58:56
130092,UTI FTIF Series XVIII - XV (366 Days) - Annual Div Option - Direct,,UTI Mutual Fund,Other,IDF,10.0,03-06-2015,235,0.0,0.0,0.0,0.0,0.0,0.0,0.0,0.0,0.0,,6.79,0.0,11.8,Avoid,avoid,2026-06-29 16:58:57
130125,UTI FTIF Series XIX- I (369 Days)- Growth Option - Direct,,UTI Mutual Fund,Other,IDF,13.7611,26-06-2018,976,0.0,0.0,0.0,0.0,0.0,0.0,0.0,0.0,0.0,,0.11,0.0,12.5,Avoid,avoid,2026-06-29 16:58:57
130130,UTI FTIF Series XIX- I (369 Days) - Maturity Div Option - Direct,,UTI Mutual Fund,Other,IDF,10.0,08-06-2015,237,0.0,0.0,0.0,0.0,0.0,0.0,0.0,0.0,0.0,,8.31,0.0,11.6,Avoid,avoid,2026-06-29 16:58:57
130098,UTI FTIF Series XVIII - XV (366 Days) -Flexi Div Option - Direct,,UTI Mutual Fund,Other,IDF,10.0,03-06-2015,235,0.0,0.0,0.0,0.0,0.0,0.0,0.0,0.0,0.0,,5.93,0.0,11.9,Avoid,avoid,2026-06-29 16:58:57
130128,UTI FTIF Series XIX- I (369 Days) - Annual Div Option - Direct,,UTI Mutual Fund,Other,IDF,10.0,12-06-2017,723,0.0,0.0,0.0,0.0,0.0,0.0,0.0,0.0,0.0,,7.83,0.0,11.7,Avoid,avoid,2026-06-29 16:58:57
130137,UTI FTIF Series XIX- II (368 Days) - Annual Div Option - Direct,,UTI Mutual Fund,Other,IDF,10.0,12-06-2015,237,0.0,0.0,0.0,0.0,0.0,0.0,0.0,0.0,0.0,,6.65,0.0,11.8,Avoid,avoid,2026-06-29 16:58:57
130127,UTI FTIF Series XIX- I (369 Days) - Quarterly Div Option - Direct,,UTI Mutual Fund,Other,IDF,10.0,08-06-2015,237,0.0,0.0,0.0,0.0,0.0,0.0,0.0,0.0,0.0,,2.48,0.0,12.2,Avoid,avoid,2026-06-29 16:58:57
130136,UTI FTIF Series XIX- II (368 Days) - Growth Option -Direct,,UTI Mutual Fund,Other,IDF,12.7992,12-06-2017,719,0.0,0.0,0.0,0.0,0.0,0.0,0.0,0.0,0.0,,0.11,0.0,12.5,Avoid,avoid,2026-06-29 16:58:57
130139,UTI FTIF Series XIX- II (368 Days) - Quarterly Div Option - Direct,,UTI Mutual Fund,Other,IDF,10.0,12-06-2015,237,0.0,0.0,0.0,0.0,0.0,0.0,0.0,0.0,0.0,,2.35,0.0,12.3,Avoid,avoid,2026-06-29 16:58:57
130141,UTI FTIF Series XIX- II (368 Days) - Maturity Div Option - Direct,,UTI Mutual Fund,Other,IDF,10.0,12-06-2015,237,0.0,0.0,0.0,0.0,0.0,0.0,0.0,0.0,0.0,,8.42,0.0,11.6,Avoid,avoid,2026-06-29 16:58:57
130190,Reliance Fixed Horizon Fund - XXVI - Series 29 - Direct Plan - Growth Option,,Reliance Mutual Fund,Other,1099 Days,12.8321,24-07-2017,741,0.0,0.0,0.0,0.0,0.0,0.0,0.0,0.0,0.0,,0.15,0.0,12.5,Avoid,avoid,2026-06-29 16:58:57
130194,Reliance Fixed Horizon Fund - XXVI - Series 30 - Direct Plan - Growth Option,,Reliance Mutual Fund,Other,Income,14.2537,16-08-2018,994,0.0,0.0,0.0,0.0,0.0,0.0,0.0,0.0,0.0,,0.32,0.0,12.5,Avoid,avoid,2026-06-29 16:58:57
130228,Reliance Fixed Horizon Fund - XXVI - Series 31 - Direct Plan - Growth Option,,Reliance Mutual Fund,Other,1099 Days,12.843,24-07-2017,737,0.0,0.0,0.0,0.0,0.0,0.0,0.0,0.0,0.0,,0.15,0.0,12.5,Avoid,avoid,2026-06-29 16:58:57
130244,UTI FTIF Series XIX - III (368 Days) - Quarterly Div Option - Direct,,UTI Mutual Fund,Other,IDF,10.0004,16-06-2015,237,0.0,0.0,0.0,0.0,0.0,0.0,0.0,0.0,0.0,,2.31,0.0,12.3,Avoid,avoid,2026-06-29 16:58:58
130242,UTI FTIF Series XIX - III (368 Days) - Annual Div Option - Direct,,UTI Mutual Fund,Other,IDF,10.0001,15-06-2015,236,0.0,0.0,0.0,0.0,0.0,0.0,0.0,0.0,0.0,,6.5,0.0,11.8,Avoid,avoid,2026-06-29 16:58:58
130253,UTI FTIF Series XIX - IV (366 Days) - Growth Option - Direct,,UTI Mutual Fund,Other,IDF,13.6745,26-06-2018,966,0.0,0.0,0.0,0.0,0.0,0.0,0.0,0.0,0.0,,0.12,0.0,12.5,Avoid,avoid,2026-06-29 16:58:58
130252,UTI FTIF Series XIX - IV (366 Days) - Quarterly Div Option -Direct,,UTI Mutual Fund,Other,IDF,10.0,18-06-2015,235,0.0,0.0,0.0,0.0,0.0,0.0,0.0,0.0,0.0,,2.31,0.0,12.3,Avoid,avoid,2026-06-29 16:58:58
130249,UTI FTIF Series XIX - III (368 Days) - Growth Option - Direct,,UTI Mutual Fund,Other,IDF,13.676,26-06-2018,970,0.0,0.0,0.0,0.0,0.0,0.0,0.0,0.0,0.0,,0.11,0.0,12.5,Avoid,avoid,2026-06-29 16:58:58
130255,UTI FTIF Series XIX - IV (366 Days) - Annual Div Option - Direct,,UTI Mutual Fund,Other,IDF,10.0,18-06-2015,235,0.0,0.0,0.0,0.0,0.0,0.0,0.0,0.0,0.0,,6.36,0.0,11.8,Avoid,avoid,2026-06-29 16:58:58
130206,Edelweiss Arbitrage Fund- Direct Plan- Growth Option,INF754K01EA4,Edelweiss Mutual Fund,Hybrid,Hybrid Scheme - Arbitrage Fund,22.1506,25-06-2026,2949,0.96,1.52,3.27,6.53,7.12,7.57,7.33,6.77,0.19,1.26,0.53,100.0,38.5,Avoid,avoid,2026-06-29 16:58:58
130257,UTI FTIF Series XIX - IV (366 Days)- Maturity Div Option - Direct,,UTI Mutual Fund,Other,IDF,10.0,19-06-2017,718,0.0,0.0,0.0,0.0,0.0,0.0,0.0,0.0,0.0,,14.71,0.0,11.0,Avoid,avoid,2026-06-29 16:58:58
130260,HDFC CPO - II - 36M JUNE 2014-Direct Option-Growth Option,,HDFC Mutual Fund,Other,5 Year Plan,12.2425,06-07-2017,725,0.0,0.0,0.0,0.0,0.0,0.0,0.0,0.0,0.0,,1.75,0.0,12.3,Avoid,avoid,2026-06-29 16:58:58
130266,Reliance Fixed Horizon Fund XXVI- Series 32- Direct Plan- Growth Option,,Reliance Mutual Fund,Other,1099 Days,13.0877,24-07-2017,732,0.0,0.0,0.0,0.0,0.0,0.0,0.0,0.0,0.0,,0.27,0.0,12.5,Avoid,avoid,2026-06-29 16:58:58
130268,JPMorgan Emerging Markets Opportunities Equity Offshore Fund - Direct Plan - Growth Option,,JPMorgan Mutual Fund,International,Income,9.4785,24-11-2016,564,0.0,0.0,0.0,0.0,0.0,0.0,0.0,0.0,0.0,,31.46,0.0,9.2,Avoid,avoid,2026-06-29 16:58:58
130362,UTI FTIF Series XIX - VII (1095 Days ) - Growth Option - Direct,,UTI Mutual Fund,Other,IDF,13.1809,10-07-2017,721,0.0,0.0,0.0,0.0,0.0,0.0,0.0,0.0,0.0,,0.49,0.0,12.4,Avoid,avoid,2026-06-30 16:09:20
130373,UTI FTIF Series XIX - VIII (368 Days) - Quarterly Div Option - Direct,,UTI Mutual Fund,Other,IDF,10.0,29-06-2015,236,0.0,0.0,0.0,0.0,0.0,0.0,0.0,0.0,0.0,,2.3,0.0,12.3,Avoid,avoid,2026-06-30 16:09:20
130387,UTI FTIF Series XIX - VI (366 Days)- Growth Option - Direct,,UTI Mutual Fund,Other,IDF,13.662,03-07-2018,966,0.0,0.0,0.0,0.0,0.0,0.0,0.0,0.0,0.0,,0.12,0.0,12.5,Avoid,avoid,2026-06-30 16:09:21
130375,UTI FTIF Series XIX - V (1095 Days) - Growth Option - Direct,,UTI Mutual Fund,Other,IDF,14.1131,03-07-2018,967,0.0,0.0,0.0,0.0,0.0,0.0,0.0,0.0,0.0,,0.53,0.0,12.4,Avoid,avoid,2026-06-30 16:09:21
130378,UTI FTIF Series XIX - V (1095 Days)- Quarterly Div Option - Direct,,UTI Mutual Fund,Other,IDF,10.0,22-06-2017,717,0.0,0.0,0.0,0.0,0.0,0.0,0.0,0.0,0.0,,3.62,0.0,12.1,Avoid,avoid,2026-06-30 16:09:21
130307,Sundaram Hybrid Fund Series K Direct Growth,,Sundaram Mutual Fund,Hybrid,IDF,14.3076,04-07-2019,1199,0.0,0.0,0.0,0.0,0.0,0.0,0.0,0.0,0.0,,5.23,0.0,12.0,Avoid,avoid,2026-06-29 16:58:58
130366,UTI FTIF Series XIX - VIII (368 Days) - Annual Div Option - Direct,,UTI Mutual Fund,Other,IDF,10.0,29-06-2015,236,0.0,0.0,0.0,0.0,0.0,0.0,0.0,0.0,0.0,,6.17,0.0,11.9,Avoid,avoid,2026-06-30 16:09:20
130370,UTI FTIF Series XIX - VIII (368 Days) - Growth Option - Direct,,UTI Mutual Fund,Other,IDF,13.6473,03-07-2018,965,0.0,0.0,0.0,0.0,0.0,0.0,0.0,0.0,0.0,,0.12,0.0,12.5,Avoid,avoid,2026-06-30 16:09:20
130346,Sundaram Top 100 Series III Direct Plan Growth,,Sundaram Mutual Fund,Other,Income,14.7297,31-07-2017,732,0.0,0.0,0.0,0.0,0.0,0.0,0.0,0.0,0.0,,21.74,0.0,10.2,Avoid,avoid,2026-06-30 16:09:20
130380,UTI FTIF Series XIX - V (1095 Days) - Maturity Div Option - Direct,,UTI Mutual Fund,Other,IDF,10.0,22-06-2017,717,0.0,0.0,0.0,0.0,0.0,0.0,0.0,0.0,0.0,,24.02,0.0,10.0,Avoid,avoid,2026-06-30 16:09:21
130383,UTI FTIF Series XIX - V (1095 Days)- Annual Div Option - Direct,,UTI Mutual Fund,Other,IDF,10.0099,22-06-2017,717,0.0,0.0,0.0,0.0,0.0,0.0,0.0,0.0,0.0,,9.38,0.0,11.5,Avoid,avoid,2026-06-30 16:09:21
130296,Aditya Birla Sun Life Emerging Leaders Fund - Series 3 - Direct Plan - Growth,,Aditya Birla Sun Life Mutual Fund,Other,Growth,14.86,03-04-2019,1161,0.0,0.0,0.0,0.0,0.0,0.0,0.0,0.0,0.0,,35.6,0.0,8.8,Avoid,avoid,2026-06-29 16:58:58
130314,Axis Credit Risk Fund - Direct Plan - Growth,INF846K01PJ5,Axis Mutual Fund,Debt,Debt Scheme - Credit Risk Fund,26.0259,25-06-2026,2888,1.69,2.91,4.18,8.56,9.2,8.78,8.55,7.73,0.44,1.72,3.48,100.0,44.6,Avoid,avoid,2026-06-29 16:58:59
130391,UTI FTIF Series XIX - VI (366 Days) - Quarterly Div Option -Direct,,UTI Mutual Fund,Other,IDF,10.0,25-06-2015,235,0.0,0.0,0.0,0.0,0.0,0.0,0.0,0.0,0.0,,2.3,0.0,12.3,Avoid,avoid,2026-06-30 16:09:21
130415,Reliance Fixed Horizon Fund XXVI- Series 33- Direct Plan- Growth Option,,Reliance Mutual Fund,Other,1099 Days,12.7717,24-07-2017,728,0.0,0.0,0.0,0.0,0.0,0.0,0.0,0.0,0.0,,0.15,0.0,12.5,Avoid,avoid,2026-06-29 16:59:17
130398,UTI FTIF Series XIX - VII (1095 Days) - Maturity Div Option - Direct,,UTI Mutual Fund,Other,IDF,10.0003,03-07-2017,716,0.0,0.0,0.0,0.0,0.0,0.0,0.0,0.0,0.0,,23.99,0.0,10.0,Avoid,avoid,2026-06-29 16:59:17
130389,UTI FTIF Series XIX - VI (366 Days)- Annual Div Option - Direct,,UTI Mutual Fund,Other,IDF,10.0,25-06-2015,235,0.0,0.0,0.0,0.0,0.0,0.0,0.0,0.0,0.0,,6.22,0.0,11.9,Avoid,avoid,2026-06-30 16:09:21
130390,UTI FTIF Series XIX - VI (366 Days) - Maturity Div Option - Direct,,UTI Mutual Fund,Other,IDF,10.0,28-06-2017,719,0.0,0.0,0.0,0.0,0.0,0.0,0.0,0.0,0.0,,14.61,0.0,11.0,Avoid,avoid,2026-06-30 16:09:21
130438,ICICI Prudential Multiple Yield Fund - Series 7 - 1825 Days Plan B Direct Plan Cumulative Option,,ICICI Prudential Mutual Fund,Other,Income,15.1065,22-07-2019,254,0.0,0.0,0.0,0.0,0.0,0.0,0.0,0.0,0.0,,3.23,0.0,12.2,Avoid,avoid,2026-06-29 16:59:17
130469,UTI FTIF Series XIX - IX (369 Days) - Maturity Div Option - Direct,,UTI Mutual Fund,Other,IDF,10.0001,06-07-2015,238,0.0,0.0,0.0,0.0,0.0,0.0,0.0,0.0,0.0,,8.28,0.0,11.6,Avoid,avoid,2026-06-29 16:59:17
130396,UTI FTIF Series XIX - VII (1095 Days) - Quarterly Div Option - Direct,,UTI Mutual Fund,Other,IDF,10.0,03-07-2017,716,0.0,0.0,0.0,0.0,0.0,0.0,0.0,0.0,0.0,,3.65,0.0,12.1,Avoid,avoid,2026-06-30 16:09:21
130462,UTI FTIF Series XIX - IX (369 Days) - Growth Option - Direct,,UTI Mutual Fund,Other,IDF,12.7723,06-07-2017,721,0.0,0.0,0.0,0.0,0.0,0.0,0.0,0.0,0.0,,0.14,0.0,12.5,Avoid,avoid,2026-06-29 16:59:17
130460,UTI FTIF Series XIX - IX (369 Days) - Quarterly Div Option - Direct,,UTI Mutual Fund,Other,IDF,10.0,06-07-2015,238,0.0,0.0,0.0,0.0,0.0,0.0,0.0,0.0,0.0,,2.37,0.0,12.3,Avoid,avoid,2026-06-29 16:59:17
130486,BNP PARIBAS LIQUID FUND - DIRECT PLAN -- DAILY Income Distribution cum Capital Withdrawal OPTION,,BNP Paribas Mutual Fund,Debt,Debt Scheme - Liquid Fund,1001.3201,13-03-2022,2270,0.0,0.0,0.0,0.0,0.0,0.0,0.0,0.0,0.0,,0.27,0.0,12.5,Avoid,avoid,2026-06-29 16:59:17
130464,UTI FTIF Series XIX - IX (369 Days) - Annual Div Option - Direct,,UTI Mutual Fund,Other,IDF,10.0001,06-07-2017,721,0.0,0.0,0.0,0.0,0.0,0.0,0.0,0.0,0.0,,7.6,0.0,11.7,Avoid,avoid,2026-06-29 16:59:17
130479,BNP PARIBAS LIQUID FUND -- DIRECT PLAN - GROWTH OPTION,,BNP Paribas Mutual Fund,Debt,Debt Scheme - Liquid Fund,3271.5995,13-03-2022,2270,0.0,0.0,0.0,0.0,0.0,0.0,0.0,0.49,0.0,,0.21,20.0,15.0,Avoid,avoid,2026-06-29 16:59:18
130450,L&T Arbitrage Opportunities Fund - Direct Plan - Growth,,L&T Mutual Fund,Hybrid,Hybrid Scheme - Arbitrage Fund,16.6962,24-11-2022,2065,0.0,0.0,0.0,0.0,0.0,0.0,0.41,1.12,0.0,,0.55,40.0,17.4,Avoid,avoid,2026-06-29 16:59:17
130487,BNP PARIBAS LIQUID FUND -- DIRECT PLAN - WEEKLY Income Distribution cum Capital Withdrawal OPTION,,BNP Paribas Mutual Fund,Debt,Debt Scheme - Liquid Fund,1000.5484,13-03-2022,2270,0.0,0.0,0.0,0.0,0.0,0.0,0.0,-0.01,0.0,,0.46,0.0,12.5,Avoid,avoid,2026-06-29 16:59:18
130489,BNP PARIBAS LIQUID Fund - DIRECT PLAN - MONTHLY Income Distribution cum Capital Withdrawal OPTION,,BNP Paribas Mutual Fund,Debt,Debt Scheme - Liquid Fund,1001.6908,13-03-2022,2270,0.0,0.0,0.0,0.0,0.0,0.0,0.0,0.02,0.0,,2.02,20.0,14.8,Avoid,avoid,2026-06-29 16:59:18
130633,Reliance Fixed Horizon Fund XXVI-  Series 35- Direct Plan- Growth Option,,Reliance Mutual Fund,Other,1099 Days,13.1481,08-08-2017,721,0.0,0.0,0.0,0.0,0.0,0.0,0.0,0.0,0.0,,0.31,0.0,12.5,Avoid,avoid,2026-06-29 16:59:18
130555,HDFC Inflation Indexed Bond Fund - Direct Growth,,HDFC Mutual Fund,Index / ETF,Income,11.4344,04-12-2015,343,0.0,0.0,0.0,0.0,0.0,0.0,0.0,0.0,0.0,,2.69,0.0,12.2,Avoid,avoid,2026-06-29 16:59:18
130651,Reliance Capital Builder Fund- Series A- Direct Plan- Growth Option,,Reliance Mutual Fund,Other,1194 DAYS,17.9036,07-08-2017,732,0.0,0.0,0.0,0.0,0.0,0.0,0.0,0.0,0.0,,22.42,0.0,10.2,Avoid,avoid,2026-06-29 16:59:18
130671,UTI FTIF Series XIX - XI (366 Days) - Annual Div Option - Direct,,UTI Mutual Fund,Other,IDF,10.0,09-07-2015,237,0.0,0.0,0.0,0.0,0.0,0.0,0.0,0.0,0.0,,5.89,0.0,11.9,Avoid,avoid,2026-06-29 16:59:18
130669,UTI FTIF Series XIX - XI (366 Days) - Growth Option - Direct,,UTI Mutual Fund,Other,IDF,12.7565,12-07-2017,721,0.0,0.0,0.0,0.0,0.0,0.0,0.0,0.0,0.0,,0.1,0.0,12.5,Avoid,avoid,2026-06-29 16:59:18
130674,UTI FTIF Series XIX - XI (366 Days) - Maturity Div Option - Direct,,UTI Mutual Fund,Other,IDF,10.0001,12-07-2017,721,0.0,0.0,0.0,0.0,0.0,0.0,0.0,0.0,0.0,,14.57,0.0,11.0,Avoid,avoid,2026-06-29 16:59:18
130685,UTI FTIF Series XIX - XII (366 Days) - Growth Option - Direct,,UTI Mutual Fund,Other,IDF,12.8057,18-07-2017,720,0.0,0.0,0.0,0.0,0.0,0.0,0.0,0.0,0.0,,0.08,0.0,12.5,Avoid,avoid,2026-06-29 16:59:18
130692,UTI FTIF Series XIX - X (367 Days) - Growth Option - Direct,,UTI Mutual Fund,Other,IDF,12.7559,06-07-2017,719,0.0,0.0,0.0,0.0,0.0,0.0,0.0,0.0,0.0,,0.14,0.0,12.5,Avoid,avoid,2026-06-29 16:59:18
130728,Aditya Birla Sun Life Emerging Leaders Fund - Series 4 - Direct Plan - Growth,,Aditya Birla Sun Life Mutual Fund,Other,Growth,13.84,07-08-2019,1226,0.0,0.0,0.0,0.0,0.0,0.0,0.0,0.0,0.0,,36.26,0.0,8.7,Avoid,avoid,2026-06-29 16:59:19
130696,UTI FTIF Series XIX - X (367 Days) - Quarterly Div Option - Direct,,UTI Mutual Fund,Other,IDF,10.0001,06-07-2015,236,0.0,0.0,0.0,0.0,0.0,0.0,0.0,0.0,0.0,,2.36,0.0,12.3,Avoid,avoid,2026-06-29 16:59:18
130825,L&T Business Cycles Fund - Direct Plan - Growth,,L&T Mutual Fund,Sectoral,Equity Scheme - Sectoral/ Thematic,26.2586,24-11-2022,2029,0.0,0.0,0.0,0.0,0.0,0.0,4.63,3.98,0.0,,44.66,40.0,12.8,Avoid,avoid,2026-06-29 16:59:19
130493,DSP Income Plus Arbitrage Omni FoF - Direct Plan - Growth,INF740K01Z50,DSP Mutual Fund,Hybrid,Other Scheme - FoF Domestic,23.7116,25-06-2026,2788,1.5,2.16,2.74,5.43,7.17,9.5,10.44,5.61,0.44,0.36,17.01,80.0,30.2,Avoid,avoid,2026-06-29 16:59:20
130503,HDFC Small Cap Fund - Growth Option - Direct Plan,INF179KA1RW5,HDFC Mutual Fund,Small Cap,Equity Scheme - Small Cap Fund,158.068,25-06-2026,2948,4.05,16.76,0.8,-0.42,2.89,14.72,21.92,16.94,5.09,0.44,48.26,60.0,39.8,Avoid,avoid,2026-06-29 16:59:23
130498,HDFC Large and Mid Cap Fund - Growth Option - Direct Plan,INF179KA1RQ7,HDFC Mutual Fund,Mid Cap,Equity Scheme - Large & Mid Cap Fund,362.806,25-06-2026,2948,2.98,14.61,-0.6,0.11,3.05,16.33,19.92,16.75,5.08,0.62,39.49,100.0,48.2,Avoid,avoid,2026-06-29 16:59:21
130543,HDFC Income Plus Arbitrage Active FOF - Growth Option - Direct Plan,INF179KA1SC5,HDFC Mutual Fund,Hybrid,Other Scheme - FoF Domestic,45.3291,25-06-2026,2948,1.41,2.1,2.86,5.7,4.2,10.37,13.6,11.18,0.39,0.64,23.14,100.0,38.5,Avoid,avoid,2026-06-29 16:59:23
130722,Invesco India Credit Risk Fund - Direct Plan - Growth,INF205K01I83,Invesco Mutual Fund,Debt,Debt Scheme - Credit Risk Fund,2325.1465,25-06-2026,2848,1.46,3.85,4.75,8.07,9.83,9.68,9.94,8.48,0.53,1.37,7.96,100.0,43.0,Avoid,avoid,2026-06-29 16:59:23
130773,Axis Arbitrage Fund - Direct Plan - Growth,INF846K01PZ1,Axis Mutual Fund,Hybrid,Hybrid Scheme - Arbitrage Fund,21.6275,25-06-2026,2920,0.99,1.51,3.29,6.59,7.08,7.49,7.18,6.7,0.2,1.13,0.64,100.0,37.4,Avoid,avoid,2026-06-29 16:59:23
130875,Reliance Fixed Horizon Fund XXVII- Series 3- Direct Plan- Growth Option,,Reliance Mutual Fund,Other,1099 Days,13.2709,11-09-2017,726,0.0,0.0,0.0,0.0,0.0,0.0,0.0,0.0,0.0,,0.37,0.0,12.5,Avoid,avoid,2026-06-29 16:59:19
130879,Reliance Capital Builder Fund- Series B- Direct Plan- Growth Opiton,,Reliance Mutual Fund,Other,Income,13.8215,01-09-2017,731,0.0,0.0,0.0,0.0,0.0,0.0,0.0,0.0,0.0,,21.69,0.0,10.2,Avoid,avoid,2026-06-29 16:59:24
130988,ICICI Prudential Value Fund - Series 5 Direct Plan Cumulative Option,,ICICI Prudential Mutual Fund,Thematic,Growth,15.46,12-02-2019,151,0.0,0.0,0.0,0.0,0.0,0.0,0.0,0.0,0.0,,10.53,0.0,11.4,Avoid,avoid,2026-06-29 16:59:33
131003,Sundaram Select Micro Cap Series V - Direct Plan Growth Option,,Sundaram Mutual Fund,Other,Income,22.9913,05-03-2018,857,0.0,0.0,0.0,0.0,0.0,0.0,0.0,0.0,0.0,,23.4,0.0,10.1,Avoid,avoid,2026-06-29 16:59:24
131019,UTI Focussed Equity Fund Series - 1 (2195 Days) - Direct Plan - Growth Option,,UTI Mutual Fund,Other,Growth,15.3687,07-09-2020,1473,0.0,0.0,0.0,0.0,0.0,0.0,0.0,0.0,0.0,,36.15,0.0,8.7,Avoid,avoid,2026-06-29 16:59:33
130994,DWS Arbitrage Fund - Direct Plan - Growth,,Deutsche Mutual Fund,Hybrid,Income,11.2851,02-03-2016,369,0.0,0.0,0.0,0.0,0.0,0.0,0.0,0.0,0.0,,0.2,0.0,12.5,Avoid,avoid,2026-06-29 16:59:25
130886,Axis Hybrid Fund - Series 14 - Direct Plan - Growth,,Axis Mutual Fund,Hybrid,Income,13.0739,26-02-2018,837,0.0,0.0,0.0,0.0,0.0,0.0,0.0,0.0,0.0,,13.15,0.0,11.1,Avoid,avoid,2026-06-29 16:59:33
130991,ICICI Prudential Multiple Yield Fund - Series 7 - 1825 Days Plan C Direct Plan Cumulative Option,,ICICI Prudential Mutual Fund,Other,Income,14.7231,03-09-2019,282,0.0,0.0,0.0,0.0,0.0,0.0,0.0,0.0,0.0,,3.36,0.0,12.2,Avoid,avoid,2026-06-29 16:59:24
130979,UTI FTIF Series XIX - XVIII (1105 Days) - Growth Option - Direct,,UTI Mutual Fund,Other,IDF,13.103,23-08-2017,723,0.0,0.0,0.0,0.0,0.0,0.0,0.0,0.0,0.0,,0.32,0.0,12.5,Avoid,avoid,2026-06-29 16:59:24
131048,LIC MF Diversified Equity Fund-Series 1-Direct Plan-Growth,,LIC Mutual Fund,Other,Income,10.9996,12-09-2017,734,0.0,0.0,0.0,0.0,0.0,0.0,0.0,0.0,0.0,,29.53,0.0,9.4,Avoid,avoid,2026-06-29 16:59:24
130860,Nippon India Japan Equity Fund- Direct Plan- Growth Plan- Growth Option,INF204KA1SI1,Nippon India Mutual Fund,International,Equity Scheme - Sectoral/ Thematic,30.2496,25-06-2026,2751,-2.31,11.63,19.36,32.78,24.57,20.02,19.88,11.05,4.72,0.82,29.91,80.0,62.6,Watch,watch,2026-06-29 16:59:23
131061,ICICI Prudential Constant Maturity Gilt Fund - Direct Plan - Growth,INF109KA1O37,ICICI Prudential Mutual Fund,Debt,Debt Scheme - Gilt Fund with 10 year constant duration,26.5417,25-06-2026,2814,2.21,3.76,2.96,4.49,7.8,7.63,8.02,6.32,0.98,0.29,4.68,80.0,27.3,Avoid,avoid,2026-06-29 16:59:25
131253,UTI FTIF Series XX - I (1099 Days) - Growth Option - Direct,,UTI Mutual Fund,Other,IDF,13.1562,21-09-2017,720,0.0,0.0,0.0,0.0,0.0,0.0,0.0,0.0,0.0,,0.34,0.0,12.5,Avoid,avoid,2026-06-29 16:59:34
131216,Reliance Fixed Horizon Fund XXVII- Series 6- Direct Plan- Growth Option,,Reliance Mutual Fund,Other,1099 Days,13.002,28-09-2017,728,0.0,0.0,0.0,0.0,0.0,0.0,0.0,0.0,0.0,,0.36,0.0,12.5,Avoid,avoid,2026-06-29 16:59:34
131334,Sundaram Select Micro Cap Series VI Direct Growth,,Sundaram Mutual Fund,Other,Income,19.9436,03-04-2018,854,0.0,0.0,0.0,0.0,0.0,0.0,0.0,0.0,0.0,,24.02,0.0,10.0,Avoid,avoid,2026-06-29 16:59:34
131249,UTI FTIF Series XX - I (1099 Days) - Quarterly Div Option - Direct,,UTI Mutual Fund,Other,IDF,10.0,21-09-2017,720,0.0,0.0,0.0,0.0,0.0,0.0,0.0,0.0,0.0,,3.55,0.0,12.1,Avoid,avoid,2026-06-29 16:59:34
131271,Reliance Capital Builder Fund- Series C- Direct Plan- Growth Option,,Reliance Mutual Fund,Other,1194 DAYS,14.4939,09-10-2017,731,0.0,0.0,0.0,0.0,0.0,0.0,0.0,0.0,0.0,,22.67,0.0,10.1,Avoid,avoid,2026-06-29 16:59:34
131219,JPMorgan India Corporate Debt Opportunities Fund - Direct Plan - Growth Option,,JPMorgan Mutual Fund,Debt,Income,12.4293,24-11-2016,519,0.0,0.0,0.0,0.0,0.0,0.0,0.0,0.0,0.0,,0.78,0.0,12.4,Avoid,avoid,2026-06-29 16:59:34
131266,DSP BlackRock FTP - Series 44 - 36M - Direct Plan - Growth Option,,DSP Mutual Fund,Other,Income,13.0547,28-09-2017,723,0.0,0.0,0.0,0.0,0.0,0.0,0.0,0.0,0.0,,0.28,0.0,12.5,Avoid,avoid,2026-06-29 16:59:34
131348,Reliance Fixed Horizon Fund XXVII- Series 7- Direct Plan- Growth Option,,Reliance Mutual Fund,Other,1099 Days,12.9698,28-09-2017,721,0.0,0.0,0.0,0.0,0.0,0.0,0.0,0.0,0.0,,0.31,0.0,12.5,Avoid,avoid,2026-06-29 16:59:34
131316,ICICI Prudential Multiple Yield Fund - Series 7 - 1825 Days Plan E Direct Plan Cumulative Option,,ICICI Prudential Mutual Fund,Other,Income,14.618,07-10-2019,304,0.0,0.0,0.0,0.0,0.0,0.0,0.0,0.0,0.0,,2.28,0.0,12.3,Avoid,avoid,2026-06-29 16:59:34
131338,SBI EQUITY OPPORTUNITIES FUND - SERIES I - DIRECT PLAN - GROWTH,,SBI Mutual Fund,Thematic,Growth,17.0443,14-10-2020,718,0.0,0.0,0.0,0.0,0.0,0.0,0.0,0.0,0.0,,35.87,0.0,8.8,Avoid,avoid,2026-06-29 16:59:34
131448,UTI FTIF Series XX - III (1100 Days) - Growth Option - Direct,,UTI Mutual Fund,Other,IDF,13.1772,11-10-2017,723,0.0,0.0,0.0,0.0,0.0,0.0,0.0,0.0,0.0,,0.33,0.0,12.5,Avoid,avoid,2026-06-29 16:59:34
131412,JPMorgan India Equity Income Fund - Direct Plan - Growth Option,,JPMorgan Mutual Fund,Other,Income,11.3302,24-11-2016,517,0.0,0.0,0.0,0.0,0.0,0.0,0.0,0.0,0.0,,4.03,0.0,12.1,Avoid,avoid,2026-06-29 16:59:34
131301,DSP 10Y G-Sec Fund - Direct Plan - Growth,INF740K019I5,DSP Mutual Fund,Debt,Debt Scheme - Gilt Fund with 10 year constant duration,23.0406,25-06-2026,2843,1.87,3.06,1.68,2.57,6.46,6.72,7.32,4.94,0.86,-0.03,5.5,80.0,23.3,Avoid,avoid,2026-06-29 16:59:34
131355,BANDHAN Balanced Advantage Fund Direct Plan Growth,INF194KA1UH1,Bandhan Mutual Fund,Hybrid,Hybrid Scheme - Dynamic Asset Allocation or Balanced Advantage,29.241,25-06-2026,2888,2.25,9.27,1.06,4.27,6.16,10.58,12.16,9.39,2.92,0.45,25.89,80.0,31.4,Avoid,avoid,2026-06-29 16:59:36
131373,Kotak Equity Savings Fund - Direct - Growth,INF174K01D28,Kotak Mahindra Mutual Fund,Hybrid,Hybrid Scheme - Equity Savings,30.1651,25-06-2026,2874,0.99,5.26,0.68,5.29,6.45,10.87,11.57,10.58,2.02,0.64,16.48,100.0,38.0,Avoid,avoid,2026-06-29 16:59:36
131573,UTI FTIF Series XX - II (1103 Days) - Growth Option -Direct,,UTI Mutual Fund,Other,IDF,13.1658,03-10-2017,722,0.0,0.0,0.0,0.0,0.0,0.0,0.0,0.0,0.0,,0.35,0.0,12.5,Avoid,avoid,2026-06-29 16:59:36
131567,UTI FTIF Series XX - II (1103 Days) - Quarterly Div Option - Direct,,UTI Mutual Fund,Other,IDF,10.0,03-10-2017,722,0.0,0.0,0.0,0.0,0.0,0.0,0.0,0.0,0.0,,3.46,0.0,12.1,Avoid,avoid,2026-06-29 16:59:36
131572,UTI FTIF Series XX - II (1103 Days) - Annual Div Option -Direct,,UTI Mutual Fund,Other,IDF,10.0101,03-10-2017,722,0.0,0.0,0.0,0.0,0.0,0.0,0.0,0.0,0.0,,9.1,0.0,11.6,Avoid,avoid,2026-06-29 16:59:36
131514,HDFC CPO-III-1100D October 2014-Direct Option-Growth Option,,HDFC Mutual Fund,Other,Income,12.2096,31-10-2017,727,0.0,0.0,0.0,0.0,0.0,0.0,0.0,0.0,0.0,,1.62,0.0,12.3,Avoid,avoid,2026-06-29 16:59:35
131739,Aditya Birla Sun Life Tax Savings Fund - Direct Plan - Growth Option,,Aditya Birla Sun Life Mutual Fund,ELSS,Income,74.58,18-05-2018,885,0.0,0.0,0.0,0.0,0.0,0.0,0.0,0.0,0.0,,17.61,0.0,10.7,Avoid,avoid,2026-06-29 16:59:36
131526,Aditya Birla Sun Life Focused Equity Fund - Series 3 - Direct Plan - Growth,,Aditya Birla Sun Life Mutual Fund,Thematic,Growth,13.72,01-11-2017,738,0.0,0.0,0.0,0.0,0.0,0.0,0.0,0.0,0.0,,22.85,0.0,10.1,Avoid,avoid,2026-06-29 16:59:35
131577,ICICI Prudential Multiple Yield Fund - Series 8 - 1824 Days Plan A Direct Plan Cumulative Option,,ICICI Prudential Mutual Fund,Other,Income,14.2589,07-11-2019,324,0.0,0.0,0.0,0.0,0.0,0.0,0.0,0.0,0.0,,1.83,0.0,12.3,Avoid,avoid,2026-06-29 16:59:36
131537,Reliance Fixed Horizon Fund XXVII- Series 8- Direct Plan- Growth Option,,Reliance Mutual Fund,Other,1099 Days,12.9193,23-10-2017,725,0.0,0.0,0.0,0.0,0.0,0.0,0.0,0.0,0.0,,0.38,0.0,12.5,Avoid,avoid,2026-06-29 16:59:35
131593,Reliance Fixed Horizon Fund XXVII- Series 9- Direct Plan-Growth option,,Reliance Mutual Fund,Other,1099 Days,12.9023,15-11-2017,730,0.0,0.0,0.0,0.0,0.0,0.0,0.0,0.0,0.0,,0.33,0.0,12.5,Avoid,avoid,2026-06-29 16:59:36
131569,UTI FTIF Series XX - II (1103 Days) - Maturity Div Option - Direct,,UTI Mutual Fund,Other,IDF,10.0,03-10-2017,722,0.0,0.0,0.0,0.0,0.0,0.0,0.0,0.0,0.0,,23.99,0.0,10.0,Avoid,avoid,2026-06-29 16:59:36
131555,Sundaram Select Micro Cap Series VII - Direct Plan Growth Option,,Sundaram Mutual Fund,Other,Income,17.1847,31-08-2018,945,0.0,0.0,0.0,0.0,0.0,0.0,0.0,0.0,0.0,,25.82,0.0,9.8,Avoid,avoid,2026-06-29 16:59:36
131901,Aditya Birla Sun Life 5 Star Multi Manager FoF Scheme - Direct Plan - Growth Option,,Aditya Birla Sun Life Mutual Fund,Fund of Funds,Income,25.2336,05-02-2016,318,0.0,0.0,0.0,0.0,0.0,0.0,0.0,0.0,0.0,,12.17,0.0,11.2,Avoid,avoid,2026-06-29 16:59:36
132120,Aditya Birla Sun Life Latin America Equity Fund - Direct Plan - Growth Option,,Aditya Birla Sun Life Mutual Fund,Other,Income,6.87,05-02-2016,323,0.0,0.0,0.0,0.0,0.0,0.0,0.0,0.0,0.0,,41.74,0.0,8.2,Avoid,avoid,2026-06-29 16:59:37
132783,SBI INFLATION INDEXED BOND FUND - DIRECT PLAN - GROWTH,,SBI Mutual Fund,Index / ETF,Income,10.3714,30-12-2015,273,0.0,0.0,0.0,0.0,0.0,0.0,0.0,0.0,0.0,,3.92,0.0,12.1,Avoid,avoid,2026-06-29 16:59:37
132779,UTI FTIF Series XX - III (1100 Days) - Annual Div Option - Direct,,UTI Mutual Fund,Other,IDF,10.0,11-10-2017,723,0.0,0.0,0.0,0.0,0.0,0.0,0.0,0.0,0.0,,9.27,0.0,11.5,Avoid,avoid,2026-06-29 16:59:37
132811,UTI FTIF Series XX - V (1100 Days) - Growth Option - Direct,,UTI Mutual Fund,Other,IDF,13.1283,23-10-2017,724,0.0,0.0,0.0,0.0,0.0,0.0,0.0,0.0,0.0,,0.34,0.0,12.5,Avoid,avoid,2026-06-29 16:59:37
132812,UTI FTIF Series XX - V (1100 Days) - Annual Div Option - Direct,,UTI Mutual Fund,Other,IDF,10.0003,23-10-2017,724,0.0,0.0,0.0,0.0,0.0,0.0,0.0,0.0,0.0,,9.36,0.0,11.5,Avoid,avoid,2026-06-29 16:59:37
132813,UTI FTIF Series XX - V (1100 Days) - Quarterly Div Option - Direct,,UTI Mutual Fund,Other,IDF,10.0,23-10-2017,724,0.0,0.0,0.0,0.0,0.0,0.0,0.0,0.0,0.0,,3.15,0.0,12.2,Avoid,avoid,2026-06-29 16:59:38
132819,UTI FTIF Series XX - V (1100 Days) - Flexi Div Option - Direct,,UTI Mutual Fund,Other,IDF,10.0001,23-10-2017,724,0.0,0.0,0.0,0.0,0.0,0.0,0.0,0.0,0.0,,23.76,0.0,10.0,Avoid,avoid,2026-06-29 16:59:38
132815,UTI FTIF Series XX - V (1100 Days) - Maturity Div Option - Direct,,UTI Mutual Fund,Other,IDF,10.0001,23-10-2017,724,0.0,0.0,0.0,0.0,0.0,0.0,0.0,0.0,0.0,,23.79,0.0,10.0,Avoid,avoid,2026-06-29 16:59:38
132820,UTI FTIF Series XX - VI (1100 Days) - Growth Option - Direct,,UTI Mutual Fund,Other,IDF,13.0728,02-11-2017,724,0.0,0.0,0.0,0.0,0.0,0.0,0.0,0.0,0.0,,0.35,0.0,12.5,Avoid,avoid,2026-06-29 16:59:38
132822,UTI FTIF Series XX - VI (1100 Days) - Annual Div Option  -Direct,,UTI Mutual Fund,Other,IDF,10.0,02-11-2017,724,0.0,0.0,0.0,0.0,0.0,0.0,0.0,0.0,0.0,,10.31,0.0,11.4,Avoid,avoid,2026-06-29 16:59:38
132824,UTI FTIF series XX - VI (1100 Days) - Quarterly Div Option - Direct,,UTI Mutual Fund,Other,IDF,10.0029,02-11-2017,724,0.0,0.0,0.0,0.0,0.0,0.0,0.0,0.0,0.0,,3.0,0.0,12.2,Avoid,avoid,2026-06-29 16:59:39
132825,UTI FTIF Series XX - VI (1100 Days) - Maturity Div Option - Direct,,UTI Mutual Fund,Other,IDF,10.0,02-11-2017,724,0.0,0.0,0.0,0.0,0.0,0.0,0.0,0.0,0.0,,23.5,0.0,10.1,Avoid,avoid,2026-06-29 16:59:39
132860,Reliance Fixed Horizon Fund XXVII- Series 11- Direct Plan-Growth Option,,Reliance Mutual Fund,Other,1099 Days,12.8157,29-11-2017,735,0.0,0.0,0.0,0.0,0.0,0.0,0.0,0.0,0.0,,0.38,0.0,12.5,Avoid,avoid,2026-06-29 16:59:39
132916,LIC MF Diversified Equity Fund-Series 2-Direct Plan-Growth,,LIC Mutual Fund,Other,Income,11.6566,04-12-2017,740,0.0,0.0,0.0,0.0,0.0,0.0,0.0,0.0,0.0,,29.38,0.0,9.4,Avoid,avoid,2026-06-29 16:59:39
132961,Canara Robeco India opportunities - Direct Plan - Growth Option,,Canara Robeco Mutual Fund,Thematic,Income,13.79,05-12-2017,738,0.0,0.0,0.0,0.0,0.0,0.0,0.0,0.0,0.0,,24.79,0.0,9.9,Avoid,avoid,2026-06-29 16:59:40
132964,UTI FTIF Series XX - VII (1103 Days) - Growth Option - Direct,,UTI Mutual Fund,Other,IDF,13.0644,20-11-2017,728,0.0,0.0,0.0,0.0,0.0,0.0,0.0,0.0,0.0,,0.35,0.0,12.5,Avoid,avoid,2026-06-29 16:59:40
132985,Sundaram Select Small Cap Series II Direct Growth,,Sundaram Mutual Fund,Small Cap,1194 DAYS,14.8054,21-09-2018,944,0.0,0.0,0.0,0.0,0.0,0.0,0.0,0.0,0.0,,25.34,0.0,9.9,Avoid,avoid,2026-06-29 16:59:40
133027,UTI FTIF Series XX-VIII (1105 Days) - Growth Option - Direct,,UTI Mutual Fund,Other,IDF,12.7927,20-11-2017,729,0.0,0.0,0.0,0.0,0.0,0.0,0.0,0.0,0.0,,0.34,0.0,12.5,Avoid,avoid,2026-06-29 16:59:52
131670,Aditya Birla Sun Life Balanced Advantage Fund - Direct Plan - Growth Option,INF084M01DJ5,Aditya Birla Sun Life Mutual Fund,Hybrid,Hybrid Scheme - Dynamic Asset Allocation or Balanced Advantage,126.93,25-06-2026,2879,1.91,8.53,1.56,3.94,7.42,12.37,13.63,11.0,2.75,0.66,26.36,100.0,39.4,Avoid,avoid,2026-06-29 16:59:45
132933,SBI LONG TERM ADVANTAGE FUND - SERIES I - DIRECT PLAN - GROWTH,INF200K018X9,SBI Mutual Fund,ELSS,ELSS,42.9016,03-02-2025,1625,0.0,0.0,0.0,0.0,-0.27,12.31,15.69,14.63,0.0,0.48,38.08,60.0,38.3,Avoid,avoid,2026-06-29 16:59:43
131865,Aditya Birla Sun Life Multi Asset Omni FoF- Direct Plan - Growth Option,INF084M01DM9,Aditya Birla Sun Life Mutual Fund,Hybrid,Other Scheme - FoF Domestic,39.6082,25-06-2026,2808,1.18,9.63,0.53,11.65,10.89,18.1,17.54,13.99,3.92,1.01,22.69,100.0,56.7,Watch,watch,2026-06-29 16:59:44
131580,360 ONE Focused Fund-Direct Plan-Growth,INF579M01902,360 ONE Mutual Fund,Thematic,Equity Scheme - Focused Fund,54.5486,25-06-2026,2868,3.58,15.55,1.37,1.33,1.73,13.0,17.46,13.75,4.67,0.47,36.57,100.0,39.5,Avoid,avoid,2026-06-29 16:59:45
132009,Aditya Birla Sun Life Global Excellence Equity Fund Of Fund - Retail Plan - Direct Plan - Growth Option,INF084M01EH7,Aditya Birla Sun Life Mutual Fund,International,Other Scheme - FoF Overseas,45.815,25-06-2026,2826,-1.54,15.3,12.57,26.79,16.98,21.48,22.55,13.89,3.52,0.86,39.06,80.0,64.9,Watch,watch,2026-06-29 16:59:43
132140,Aditya Birla Sun Life Global Emerging Opportunities Fund - Direct plan - Growth Option,INF084M01EB0,Aditya Birla Sun Life Mutual Fund,International,Other Scheme - FoF Overseas,35.6391,25-06-2026,2826,-2.7,24.57,18.69,26.38,18.42,20.3,17.32,11.08,5.22,0.7,33.55,80.0,58.3,Watch,watch,2026-06-29 16:59:45
131898,Aditya Birla Sun Life Income Plus Arbitrage Active FOF- Direct Plan - Growth Option,INF084M01DP2,Aditya Birla Sun Life Mutual Fund,Hybrid,Other Scheme - FoF Domestic,41.806,25-06-2026,2826,1.29,1.95,2.69,5.53,7.27,7.32,7.22,4.02,0.36,0.43,10.11,80.0,28.1,Avoid,avoid,2026-06-29 16:59:45
132183,Aditya Birla Sun Life Conservative Hybrid Active FOF- Direct Plan - Growth Option,INF084M01EQ8,Aditya Birla Sun Life Mutual Fund,Index / ETF,Other Scheme - FoF Domestic,37.7023,25-06-2026,2826,1.93,4.56,1.71,3.73,6.24,10.59,11.14,9.4,1.35,0.72,11.47,100.0,37.7,Avoid,avoid,2026-06-29 16:59:46
132186,Aditya Birla Sun Life Dynamic Asset Allocation Omni FOF- Direct Plan - Growth Option,INF084M01EW6,Aditya Birla Sun Life Mutual Fund,Fund of Funds,Other Scheme - FoF Domestic,61.3847,25-06-2026,2826,2.68,9.71,1.2,3.24,5.96,14.77,16.27,13.01,3.16,0.72,22.15,100.0,45.6,Avoid,avoid,2026-06-29 16:59:46
132185,Aditya Birla Sun Life Aggressive Hybrid Omni FOF- Direct Plan - Growth Option,INF084M01ET2,Aditya Birla Sun Life Mutual Fund,Hybrid,Other Scheme - FoF Domestic,46.5159,25-06-2026,2826,2.58,10.44,-0.22,2.21,5.65,12.37,13.3,10.96,3.53,0.56,17.3,100.0,38.8,Avoid,avoid,2026-06-29 16:59:46
132756,Tata ELSS Fund-Growth-Direct Plan,INF277K01I86,Tata Mutual Fund,ELSS,Equity Scheme - ELSS,53.2171,25-06-2026,2878,2.28,13.77,0.79,3.43,4.92,14.94,17.33,14.5,5.0,0.54,36.77,100.0,43.5,Avoid,avoid,2026-06-29 16:59:46
132989,Franklin India Income Plus Arbitrage Active Fund of Funds- Growth Plan - Direct,INF090I01LH7,Franklin Templeton Mutual Fund,Hybrid,Other Scheme - FoF Domestic,25.0781,25-06-2026,2796,1.03,1.89,2.95,5.5,10.3,13.77,13.11,12.1,0.31,1.38,27.63,100.0,50.0,Avoid,avoid,2026-06-29 16:59:54
132995,Aditya Birla Sun Life Equity Savings Fund - Direct Plan - Growth,INF209KA1TP9,Aditya Birla Sun Life Mutual Fund,Hybrid,Hybrid Scheme - Equity Savings,25.74,25-06-2026,2848,1.5,3.58,1.7,5.58,7.05,8.54,9.78,7.52,1.09,0.55,17.79,80.0,29.8,Avoid,avoid,2026-06-29 16:59:54
133071,UTI FTIF Series XX - IX (1104 Days) - Growth Option - Direct,,UTI Mutual Fund,Other,IDF,13.047,27-11-2017,729,0.0,0.0,0.0,0.0,0.0,0.0,0.0,0.0,0.0,,0.35,0.0,12.5,Avoid,avoid,2026-06-29 16:59:52
133054,ICICI Prudential Equity Savings Fund - Direct Plan - Cumulative option,INF109KA11J9,ICICI Prudential Mutual Fund,Hybrid,Hybrid Scheme - Equity Savings,24.94,25-06-2026,2841,1.26,2.42,-0.64,3.06,6.02,7.67,7.97,7.78,0.96,0.25,19.2,100.0,27.8,Avoid,avoid,2026-06-29 16:59:54
133078,UTI FTIF Series XX - IX (1104 Days) - Annual Div Option - Direct,,UTI Mutual Fund,Other,IDF,10.0001,27-11-2017,729,0.0,0.0,0.0,0.0,0.0,0.0,0.0,0.0,0.0,,9.38,0.0,11.5,Avoid,avoid,2026-06-29 16:59:52
133132,Reliance Capital Builder Fund II- Series A- Direct Plan-Growth Option,,Reliance Mutual Fund,Other,1194 DAYS,14.5494,29-12-2017,742,0.0,0.0,0.0,0.0,0.0,0.0,0.0,0.0,0.0,,34.28,0.0,8.9,Avoid,avoid,2026-06-29 16:59:55
133153,UTI FTIF Series XX - XI (1100 Days) - Maturity Div Option - Direct,,UTI Mutual Fund,Other,IDF,10.0002,06-12-2017,725,0.0,0.0,0.0,0.0,0.0,0.0,0.0,0.0,0.0,,22.98,0.0,10.1,Avoid,avoid,2026-06-29 16:59:55
133115,sundaram World Brand Fund Series I Direct Plan Growth,,Sundaram Mutual Fund,International,Income,13.0918,14-12-2017,741,0.0,0.0,0.0,0.0,0.0,0.0,0.0,0.0,0.0,,12.35,0.0,11.2,Avoid,avoid,2026-06-29 16:59:55
133093,UTI FTIF Series XX - X (1105 Days) - Growth Option - Direct,,UTI Mutual Fund,Other,IDF,12.773,27-11-2017,729,0.0,0.0,0.0,0.0,0.0,0.0,0.0,0.0,0.0,,0.34,0.0,12.5,Avoid,avoid,2026-06-29 16:59:55
133144,DWS Mid Cap Fund - Series 1 - Direct Plan - Growth,,Deutsche Mutual Fund,Mid Cap,Income,11.1138,02-03-2016,291,0.0,0.0,0.0,0.0,0.0,0.0,0.0,0.0,0.0,,14.85,0.0,11.0,Avoid,avoid,2026-06-29 16:59:55
133100,UTI FTIF Series XX - X (1105 Days) - Annual Div Option - Direct,,UTI Mutual Fund,Other,IDF,10.0009,27-11-2017,729,0.0,0.0,0.0,0.0,0.0,0.0,0.0,0.0,0.0,,8.15,0.0,11.7,Avoid,avoid,2026-06-29 16:59:55
133149,UTI FTIF Series XX - XI (1100 Days) - Annual Div Option - Direct,,UTI Mutual Fund,Other,IDF,10.0,06-12-2017,725,0.0,0.0,0.0,0.0,0.0,0.0,0.0,0.0,0.0,,9.17,0.0,11.5,Avoid,avoid,2026-06-29 16:59:55
133151,UTI FTIF Series XX - XI (1100 Days) - Quarterly Div Option - Direct,,UTI Mutual Fund,Other,IDF,10.0,06-12-2017,725,0.0,0.0,0.0,0.0,0.0,0.0,0.0,0.0,0.0,,3.03,0.0,12.2,Avoid,avoid,2026-06-29 16:59:55
133110,ICICI Prudential Multiple Yield Fund - Series 8 -1822 Days Plan D Direct Plan Cumulative Option,,ICICI Prudential Mutual Fund,Other,Income,14.3826,12-12-2019,348,0.0,0.0,0.0,0.0,0.0,0.0,0.0,0.0,0.0,,2.57,0.0,12.2,Avoid,avoid,2026-06-29 16:59:55
133120,Sundaram World Brand Fund Series II Direct Plan Growth,,Sundaram Mutual Fund,International,Growth,16.4358,14-11-2019,1207,0.0,0.0,0.0,0.0,0.0,0.0,0.0,0.0,0.0,,21.16,0.0,10.3,Avoid,avoid,2026-06-29 16:59:55
133105,Aditya Birla Sun Life Focused Equity Fund - Series 4 - Direct Plan - Growth,,Aditya Birla Sun Life Mutual Fund,Thematic,Growth,13.42,21-12-2017,741,0.0,0.0,0.0,0.0,0.0,0.0,0.0,0.0,0.0,,22.95,0.0,10.1,Avoid,avoid,2026-06-29 16:59:55
133073,UTI FTIF Series XX - IX (1104 Days) - Quarterly Div Option - Direct,,UTI Mutual Fund,Other,IDF,10.0,27-11-2017,729,0.0,0.0,0.0,0.0,0.0,0.0,0.0,0.0,0.0,,3.03,0.0,12.2,Avoid,avoid,2026-06-29 16:59:52
133074,UTI FTIF Series XX - IX (1104 Days) - Maturity Div Option - Direct,,UTI Mutual Fund,Other,IDF,10.0,27-11-2017,729,0.0,0.0,0.0,0.0,0.0,0.0,0.0,0.0,0.0,,23.32,0.0,10.1,Avoid,avoid,2026-06-29 16:59:52
133157,UTI FTIF Series XX - XI (1100 Days) - Growth Option - Direct,,UTI Mutual Fund,Other,IDF,12.9845,06-12-2017,725,0.0,0.0,0.0,0.0,0.0,0.0,0.0,0.0,0.0,,0.35,0.0,12.5,Avoid,avoid,2026-06-29 16:59:55
133200,Reliance Fixed Horizon Fund XXVII- Series 15- Direct Plan- Growth Option,,Reliance Mutual Fund,Other,1099 Days,13.2003,05-04-2018,789,0.0,0.0,0.0,0.0,0.0,0.0,0.0,0.0,0.0,,0.26,0.0,12.5,Avoid,avoid,2026-06-29 16:59:56
133253,HDFC CPO - III - 1207D December 2014 - Direct Option - Growth Option,,HDFC Mutual Fund,Other,5 Year Plan,12.1286,12-04-2018,797,0.0,0.0,0.0,0.0,0.0,0.0,0.0,0.0,0.0,,1.58,0.0,12.3,Avoid,avoid,2026-06-29 16:59:56
133241,Sundaram World Brand Fund Series III Direct Plan Growth,,Sundaram Mutual Fund,International,Growth,17.1339,23-12-2019,1226,0.0,0.0,0.0,0.0,0.0,0.0,0.0,0.0,0.0,,21.16,0.0,10.3,Avoid,avoid,2026-06-29 16:59:56
133320,Sundaram Value Fund Series I Direct Growth,,Sundaram Mutual Fund,Thematic,Income,16.7354,01-01-2018,738,0.0,0.0,0.0,0.0,0.0,0.0,0.0,0.0,0.0,,30.95,0.0,9.3,Avoid,avoid,2026-06-29 16:59:56
133327,Reliance Fixed Horizon Fund XXVIII- Series 2- Direct Plan-Growth Option,,Reliance Mutual Fund,Other,1099 Days,13.0748,16-04-2018,789,0.0,0.0,0.0,0.0,0.0,0.0,0.0,0.0,0.0,,0.33,0.0,12.5,Avoid,avoid,2026-06-29 16:59:56
133262,Baroda Pioneer Equity Trigger Fund-Series I-Plan B (Direct)-Growth,,Baroda Pioneer Mutual Fund,Thematic,Income,15.0818,28-12-2017,740,0.0,0.0,0.0,0.0,0.0,0.0,0.0,0.0,0.0,,20.58,0.0,10.4,Avoid,avoid,2026-06-29 16:59:56
133298,Aditya Birla Sun Life Emerging Leaders Fund - Series 5 - Direct Plan - Growth,,Aditya Birla Sun Life Mutual Fund,Other,Growth,18.8,02-01-2018,738,0.0,0.0,0.0,0.0,0.0,0.0,0.0,0.0,0.0,,17.34,0.0,10.7,Avoid,avoid,2026-06-29 16:59:56
133258,UTI Focussed Equity Fund - Series II (1102 Days) - Growth Option - Direct,,UTI Mutual Fund,Other,Growth,13.0548,01-01-2018,741,0.0,0.0,0.0,0.0,0.0,0.0,0.0,0.0,0.0,,19.77,0.0,10.4,Avoid,avoid,2026-06-29 16:59:56
133310,Reliance Capital Builder Fund II - Series B - Direct Plan - Growth Option,,Reliance Mutual Fund,Other,Growth,13.8329,30-04-2019,1041,0.0,0.0,0.0,0.0,0.0,0.0,0.0,0.0,0.0,,33.46,0.0,9.0,Avoid,avoid,2026-06-29 16:59:56
133181,Groww Arbitrage Fund (formerly known as Indiabulls Arbitrage Fund) - Direct Plan - Growth Option,,Groww Mutual Fund,Hybrid,Hybrid Scheme - Arbitrage Fund,16.3851,27-10-2023,2181,0.0,0.0,0.0,0.0,0.0,0.54,1.63,1.88,0.0,-13.16,0.58,60.0,16.0,Avoid,avoid,2026-06-29 16:59:56
133324,Sundaram Long Term Tax Advantage Fund Series I Direct Plan - Growth,INF903J014A9,Sundaram Mutual Fund,ELSS,ELSS,31.7125,26-03-2025,2460,0.0,0.0,0.0,0.0,-1.23,8.0,11.84,9.9,0.0,0.12,38.37,60.0,24.2,Avoid,avoid,2026-06-29 16:59:56
133337,UTI FTIF Series XX - XII (1103 Days) - Annual Div Option - Direct,,UTI Mutual Fund,Other,IDF,10.0029,18-12-2017,726,0.0,0.0,0.0,0.0,0.0,0.0,0.0,0.0,0.0,,9.33,0.0,11.5,Avoid,avoid,2026-06-29 16:59:57
133335,UTI FTIF Series XX - XII (1103 Days) - Growth Option - Direct,,UTI Mutual Fund,Other,IDF,13.057,18-12-2017,726,0.0,0.0,0.0,0.0,0.0,0.0,0.0,0.0,0.0,,0.36,0.0,12.5,Avoid,avoid,2026-06-29 16:59:56
133339,UTI FTIF Series XX - XII (1103 Days) - Quarterly Div Option - Direct,,UTI Mutual Fund,Other,IDF,10.0072,18-12-2017,726,0.0,0.0,0.0,0.0,0.0,0.0,0.0,0.0,0.0,,3.13,0.0,12.2,Avoid,avoid,2026-06-29 16:59:57
133341,UTI FTIF Series XX - XII (1103 Days) - Maturity Div Option - Direct,,UTI Mutual Fund,Other,IDF,10.0004,18-12-2017,726,0.0,0.0,0.0,0.0,0.0,0.0,0.0,0.0,0.0,,23.37,0.0,10.1,Avoid,avoid,2026-06-29 16:59:57
133355,Sundaram Top 100 Series IV Direct Plan Growth,,Sundaram Mutual Fund,Other,Income,14.0626,30-01-2018,737,0.0,0.0,0.0,0.0,0.0,0.0,0.0,0.0,0.0,,23.25,0.0,10.1,Avoid,avoid,2026-06-29 16:59:57
133364,SBI LONG TERM ADVANTAGE FUND - SERIES II - DIRECT PLAN - GROWTH,INF200KA1333,SBI Mutual Fund,ELSS,ELSS,40.8302,24-03-2025,1658,0.0,0.0,0.0,0.0,-4.7,8.89,12.8,12.18,0.0,0.14,35.79,60.0,28.2,Avoid,avoid,2026-06-29 16:59:57
133447,UTI FTIF Series XX - XVI (1100 days) Annual Div Option - Direct,,UTI Mutual Fund,Other,IDF,10.0101,26-12-2017,724,0.0,0.0,0.0,0.0,0.0,0.0,0.0,0.0,0.0,,9.32,0.0,11.5,Avoid,avoid,2026-06-29 16:59:57
133452,UTI FTIF Series XX - XVI (1100 Days) Flexi Div Option Direct,,UTI Mutual Fund,Other,IDF,10.0006,26-12-2017,724,0.0,0.0,0.0,0.0,0.0,0.0,0.0,0.0,0.0,,23.44,0.0,10.1,Avoid,avoid,2026-06-29 16:59:57
133450,UTI FTIF Series XX - XVI (1100 Days) Growth Option Direct,,UTI Mutual Fund,Other,IDF,13.0666,26-12-2017,724,0.0,0.0,0.0,0.0,0.0,0.0,0.0,0.0,0.0,,0.38,0.0,12.5,Avoid,avoid,2026-06-29 16:59:57
133429,Axis Hybrid Fund - Series 18 - Direct Plan - Growth,,Axis Mutual Fund,Hybrid,1124 Days,12.2913,19-07-2018,845,0.0,0.0,0.0,0.0,0.0,0.0,0.0,0.0,0.0,,9.15,0.0,11.5,Avoid,avoid,2026-06-29 16:59:57
133474,UTI FTIF Series XX - XVII (1102 Days) - Growth Option - Direct,,UTI Mutual Fund,Other,IDF,13.0405,01-01-2018,725,0.0,0.0,0.0,0.0,0.0,0.0,0.0,0.0,0.0,,0.33,0.0,12.5,Avoid,avoid,2026-06-29 16:59:57
133454,UTI FTIF Series XX - XVI (1100 Days) Quarterly Div Option - Direct,,UTI Mutual Fund,Other,IDF,10.0129,26-12-2017,724,0.0,0.0,0.0,0.0,0.0,0.0,0.0,0.0,0.0,,3.31,0.0,12.2,Avoid,avoid,2026-06-29 16:59:57
133472,Reliance Fixed Horizon Fund XXVIII- Series 4-Direct Plan- Growth Option,,Reliance Mutual Fund,Other,1099 Days,12.7352,24-01-2018,729,0.0,0.0,0.0,0.0,0.0,0.0,0.0,0.0,0.0,,0.31,0.0,12.5,Avoid,avoid,2026-06-29 16:59:57
133478,UTI FTIF Series XX - XVII (1102 Days) - Annual Div Option - Direct,,UTI Mutual Fund,Other,IDF,10.0095,01-01-2018,725,0.0,0.0,0.0,0.0,0.0,0.0,0.0,0.0,0.0,,9.22,0.0,11.5,Avoid,avoid,2026-06-29 16:59:57
133386,Motilal Oswal ELSS Tax Saver Fund - Direct Plan - Growth Option,INF247L01569,Motilal Oswal Mutual Fund,ELSS,Equity Scheme - ELSS,63.7207,25-06-2026,2812,2.85,20.4,9.52,5.53,7.91,22.96,26.06,19.07,5.49,0.81,37.72,80.0,60.2,Watch,watch,2026-06-29 16:59:57
133489,JPMorgan India Economic Resurgence Fund - Direct Plan - Growth Option,,JPMorgan Mutual Fund,Other,Income,9.959,24-11-2016,443,0.0,0.0,0.0,0.0,0.0,0.0,0.0,0.0,0.0,,22.22,0.0,10.2,Avoid,avoid,2026-06-29 16:59:57
133529,HDFC FOCUSED EQUITY FUND - Direct Plan - Growth Option,,HDFC Mutual Fund,Thematic,1,12.948,26-02-2018,743,0.0,0.0,0.0,0.0,0.0,0.0,0.0,0.0,0.0,,22.07,0.0,10.2,Avoid,avoid,2026-06-29 16:59:58
133541,UTI FTIF Series XXI - I (1100 Days) - Growth Option - Direct,,UTI Mutual Fund,Other,IDF,12.9872,09-01-2018,725,0.0,0.0,0.0,0.0,0.0,0.0,0.0,0.0,0.0,,0.28,0.0,12.5,Avoid,avoid,2026-06-29 16:59:58
133488,Baroda BNP Paribas Credit Risk Fund -Direct-Growth Option,INF955L01FR6,Baroda BNP Paribas Mutual Fund,Debt,Debt Scheme - Credit Risk Fund,26.1977,25-06-2026,2758,1.03,2.05,3.38,7.15,8.5,8.42,8.38,9.34,0.25,1.84,8.1,100.0,45.4,Avoid,avoid,2026-06-29 16:59:58
133516,Aditya Birla Sun Life Manufacturing Equity Fund - Direct Plan - Growth,INF209KA1YK0,Aditya Birla Sun Life Mutual Fund,Sectoral,Equity Scheme - Sectoral/ Thematic,40.87,25-06-2026,2804,1.14,18.95,12.22,16.04,8.95,21.33,21.69,14.86,5.29,0.84,39.19,80.0,59.0,Watch,watch,2026-06-29 16:59:58
133559,Sundaram Value Fund Series II Direct Plan Growth,,Sundaram Mutual Fund,Thematic,Growth,16.9497,05-02-2020,1227,0.0,0.0,0.0,0.0,0.0,0.0,0.0,0.0,0.0,,24.33,0.0,10.0,Avoid,avoid,2026-06-30 16:09:35
133544,UTI FTIF Series XXI - I (1100 Days) - Quarterly Div Option - Direct,,UTI Mutual Fund,Other,IDF,10.0,09-01-2018,725,0.0,0.0,0.0,0.0,0.0,0.0,0.0,0.0,0.0,,3.31,0.0,12.2,Avoid,avoid,2026-06-29 16:59:58
133563,Axis Hybrid Fund - Series 19 -Direct Plan - Growth,,Axis Mutual Fund,Hybrid,1124 Days,12.0813,01-08-2018,841,0.0,0.0,0.0,0.0,0.0,0.0,0.0,0.0,0.0,,8.76,0.0,11.6,Avoid,avoid,2026-06-30 16:09:35
133650,UTI FTIF Series XXI - II (1100 Days) - Quarterly Div Option - Direct,,UTI Mutual Fund,Other,IDF,10.0,23-01-2018,726,0.0,0.0,0.0,0.0,0.0,0.0,0.0,0.0,0.0,,3.05,0.0,12.2,Avoid,avoid,2026-06-30 16:09:35
133633,HDFC CPO - III - 1173D January 2015 - Direct Option - Growth Option,,HDFC Mutual Fund,Other,5 Year Plan,12.0486,02-05-2018,774,0.0,0.0,0.0,0.0,0.0,0.0,0.0,0.0,0.0,,1.03,0.0,12.4,Avoid,avoid,2026-06-30 16:09:35
133684,UTI FTIF series XXI-III (1158 Days) - Growth Option - Direct,,UTI Mutual Fund,Other,IDF,13.087,03-04-2018,759,0.0,0.0,0.0,0.0,0.0,0.0,0.0,0.0,0.0,,0.3,0.0,12.5,Avoid,avoid,2026-06-30 16:09:35
133654,UTI FTIF Series XXI - II (1100 Days) - Annual Div Option - Direct,,UTI Mutual Fund,Other,IDF,10.0,23-01-2018,726,0.0,0.0,0.0,0.0,0.0,0.0,0.0,0.0,0.0,,9.23,0.0,11.5,Avoid,avoid,2026-06-30 16:09:35
133604,L&T Resurgent India  Bond Fund - Direct Plan - Growth,,L&T Mutual Fund,Debt,Debt Scheme - Medium Duration Fund,17.9619,24-11-2022,1886,0.0,0.0,0.0,0.0,0.0,0.0,0.76,1.19,0.0,,3.49,40.0,17.1,Avoid,avoid,2026-06-30 16:09:35
133648,UTI FTIF Series XXI - II (1100 Days) - Growth Option - Direct,,UTI Mutual Fund,Other,IDF,12.9584,23-01-2018,726,0.0,0.0,0.0,0.0,0.0,0.0,0.0,0.0,0.0,,0.23,0.0,12.5,Avoid,avoid,2026-06-30 16:09:35
133545,UTI FTIF Series XXI - I (1100 Days) - Annual Div Option - Direct,,UTI Mutual Fund,Other,IDF,10.0,09-01-2018,725,0.0,0.0,0.0,0.0,0.0,0.0,0.0,0.0,0.0,,9.17,0.0,11.5,Avoid,avoid,2026-06-30 16:09:34
133590,Sundaram Top 100 Series V Direct Plan Growth,,Sundaram Mutual Fund,Other,Income,12.8351,26-03-2018,736,0.0,0.0,0.0,0.0,0.0,0.0,0.0,0.0,0.0,,23.28,0.0,10.1,Avoid,avoid,2026-06-30 16:09:35
133581,LIC MF Rajiv Gandhi Equity Savings Scheme-Series 3-Direct Plan-Growth,,LIC Mutual Fund,Hybrid,Income,11.667,05-02-2018,736,0.0,0.0,0.0,0.0,0.0,0.0,0.0,0.0,0.0,,27.63,0.0,9.6,Avoid,avoid,2026-06-30 16:09:35
133685,UTI FTIF Series XXI-III (1158 Days) - Annual Div Option - Direct,,UTI Mutual Fund,Other,IDF,10.0,03-04-2018,759,0.0,0.0,0.0,0.0,0.0,0.0,0.0,0.0,0.0,,8.77,0.0,11.6,Avoid,avoid,2026-06-30 16:09:35
133687,UTI FTIF Series XXI-III (1158 Days) - Maturity Div Option - Direct,,UTI Mutual Fund,Other,IDF,10.0,03-04-2018,759,0.0,0.0,0.0,0.0,0.0,0.0,0.0,0.0,0.0,,23.48,0.0,10.1,Avoid,avoid,2026-06-30 16:09:35
133693,UTI FTIF Series XXI-IV (1146 Days) - Growth Option - Direct,,UTI Mutual Fund,Other,IDF,13.0748,03-04-2018,752,0.0,0.0,0.0,0.0,0.0,0.0,0.0,0.0,0.0,,0.28,0.0,12.5,Avoid,avoid,2026-06-30 16:09:36
133699,UTI FTIF Series XXI-IV (1146 Days) - Quarterly Div Option - Direct,,UTI Mutual Fund,Other,IDF,10.0,03-04-2018,752,0.0,0.0,0.0,0.0,0.0,0.0,0.0,0.0,0.0,,3.09,0.0,12.2,Avoid,avoid,2026-06-30 16:09:36
133700,UTI FTIF Series XXI-IV (1146 Days) - Maturity Div Option - Direct,,UTI Mutual Fund,Other,IDF,10.0,03-04-2018,752,0.0,0.0,0.0,0.0,0.0,0.0,0.0,0.0,0.0,,23.43,0.0,10.1,Avoid,avoid,2026-06-29 17:00:29
133696,UTI FTIF Series XXI-IV (1146 Days) - Annual Div Option - Direct,,UTI Mutual Fund,Other,IDF,10.0,03-04-2018,752,0.0,0.0,0.0,0.0,0.0,0.0,0.0,0.0,0.0,,8.98,0.0,11.6,Avoid,avoid,2026-06-30 16:09:36
133714,HSBC Global Consumer Opportunities Fund - Growth Direct,,HSBC Mutual Fund,International,Other Scheme - FoF Overseas,19.025,11-05-2021,1411,0.0,0.0,0.0,0.0,0.0,0.0,0.0,0.0,0.0,,28.74,0.0,9.5,Avoid,avoid,2026-06-29 17:00:29
133816,Kotak World Gold Fund- Direct Plan- Growth Option,,Kotak Mahindra Mutual Fund,Gold,Other Scheme - FoF Overseas,11.759,25-02-2020,1201,0.0,0.0,0.0,0.0,0.0,0.0,0.0,0.0,0.0,,44.86,0.0,7.8,Avoid,avoid,2026-06-29 17:00:29
133831,Kotak US Equity Fund - Direct Plan - Growth option,,Kotak Mahindra Mutual Fund,International,Other Scheme - FoF Overseas,20.131,25-02-2020,1174,0.0,0.0,0.0,0.0,0.0,0.0,0.0,0.0,0.0,,22.42,0.0,10.2,Avoid,avoid,2026-06-29 17:00:29
133834,Union Trigger Fund - Series 2 - Direct Plan - Growth Option,,Union Mutual Fund,Other,Income,10.04,21-08-2015,108,0.0,0.0,0.0,0.0,0.0,0.0,0.0,0.0,0.0,,7.53,0.0,11.7,Avoid,avoid,2026-06-29 17:00:29
133842,Reliance Fixed Horizon Fund XXVIII- Series 7- Direct Plan-Growth Option,,Reliance Mutual Fund,Other,1099 Days,12.8023,05-03-2018,728,0.0,0.0,0.0,0.0,0.0,0.0,0.0,0.0,0.0,,0.34,0.0,12.5,Avoid,avoid,2026-06-29 17:00:29
133882,Reliance Capital Builder Fund II - Series C - Direct Plan - Growth Option,,Reliance Mutual Fund,Other,1194 DAYS,12.5434,26-03-2018,735,0.0,0.0,0.0,0.0,0.0,0.0,0.0,0.0,0.0,,27.21,0.0,9.7,Avoid,avoid,2026-06-29 17:00:29
133568,Nippon India Retirement Fund- Wealth Creation Scheme- Direct Plan- Growth Plan - Growth Option,INF204KA1B72,Nippon India Mutual Fund,Other,Solution Oriented Scheme - Retirement Fund,32.2605,29-06-2026,2798,1.78,11.83,-0.66,-1.35,1.26,14.19,17.22,13.6,3.39,0.52,44.92,80.0,39.7,Avoid,avoid,2026-06-30 16:09:36
133569,Nippon India Retirement Fund- Income Generation Scheme- Direct Plan- Growth Plan - Growth Option,INF204KA1C30,Nippon India Mutual Fund,Other,Solution Oriented Scheme - Retirement Fund,23.3926,29-06-2026,2746,2.78,5.37,1.16,1.39,4.45,7.63,9.17,7.23,1.64,0.13,7.4,80.0,25.3,Avoid,avoid,2026-06-30 16:09:35
133810,Kotak Low Duration Fund- Direct Plan- Growth Option,INF178L01AX4,Kotak Mahindra Mutual Fund,Debt,Debt Scheme - Low Duration Fund,3881.3507,25-06-2026,2754,1.05,1.69,2.98,6.32,7.49,7.54,7.48,6.68,0.24,1.02,1.5,100.0,36.4,Avoid,avoid,2026-06-29 17:00:39
133791,Kotak Corporate Bond Fund- Direct Plan- Growth Option,INF178L01BY0,Kotak Mahindra Mutual Fund,Debt,Debt Scheme - Corporate Bond Fund,4171.8446,25-06-2026,2754,1.66,2.25,2.66,5.52,7.67,7.63,7.49,6.63,0.52,0.55,1.92,100.0,32.1,Avoid,avoid,2026-06-29 17:00:38
133801,Kotak Infrastructure & Economic Reform Fund- Direct Plan- Growth Option,INF178L01AL9,Kotak Mahindra Mutual Fund,Sectoral,Equity Scheme - Sectoral/ Thematic,82.981,25-06-2026,2806,2.91,19.85,7.96,5.75,0.61,18.98,23.88,21.7,6.15,0.62,46.0,80.0,54.3,Avoid,avoid,2026-06-29 17:00:39
133710,LIC MF Large & Mid Cap Fund-Direct Plan-Growth,INF767K01NE9,LIC Mutual Fund,Mid Cap,Equity Scheme - Large & Mid Cap Fund,44.9153,25-06-2026,2788,3.77,14.04,0.02,-1.39,2.25,16.37,16.8,14.14,4.58,0.62,33.92,80.0,44.5,Avoid,avoid,2026-06-29 17:00:35
133812,Kotak Low Duration Fund - Direct Plan- Standard Income Distribution cum capital withdrawal option,INF178L01AZ9,Kotak Mahindra Mutual Fund,Debt,Debt Scheme - Low Duration Fund,1548.5392,29-06-2026,2755,1.18,1.8,-3.3,-0.25,4.15,5.3,5.79,5.3,1.8,-0.36,6.26,80.0,17.9,Avoid,avoid,2026-06-30 16:09:37
133868,BANK OF INDIA Credit Risk  Fund - Direct Plan,INF761K01DG8,Bank of India Mutual Fund,Debt,Debt Scheme - Credit Risk Fund,14.672,25-06-2026,2732,0.74,6.98,13.78,17.42,11.68,10.0,8.87,27.84,1.88,0.75,73.37,100.0,52.5,Avoid,avoid,2026-06-29 17:00:39
133839,PGIM India Flexi Cap Fund - Direct Plan - Growth Option,INF663L01FF1,PGIM India Mutual Fund,Multi Cap,Equity Scheme - Flexi Cap Fund,42.69,25-06-2026,2784,3.02,13.06,-0.72,-0.65,4.03,11.06,13.97,10.6,4.42,0.32,36.45,60.0,28.5,Avoid,avoid,2026-06-29 17:00:39
133859,SBI BANKING & FINANCIAL SERVICES FUND - DIRECT PLAN - GROWTH,INF200KA1507,SBI Mutual Fund,Sectoral,Equity Scheme - Sectoral/ Thematic,50.0037,25-06-2026,2793,4.76,12.85,-1.5,3.44,10.58,17.85,20.51,14.57,5.36,0.72,43.81,80.0,46.6,Avoid,avoid,2026-06-29 17:00:39
133897,Aditya Birla Sun Life Focused Equity Fund - Series 5 - Direct Plan - Growth,,Aditya Birla Sun Life Mutual Fund,Thematic,Growth,12.94,27-03-2018,740,0.0,0.0,0.0,0.0,0.0,0.0,0.0,0.0,0.0,,21.29,0.0,10.3,Avoid,avoid,2026-06-29 17:00:30
134001,DWS Large Cap Fund - Series 1 - Direct Plan - Growth,,Deutsche Mutual Fund,Large Cap,Income,8.2977,02-03-2016,229,0.0,0.0,0.0,0.0,0.0,0.0,0.0,0.0,0.0,,27.85,0.0,9.6,Avoid,avoid,2026-06-29 17:00:30
134022,Reliance Fixed Horizon Fund XXVIII- Series 10- Direct Plan- Growth Option,,Reliance Mutual Fund,Other,1099 Days,12.9157,26-04-2018,749,0.0,0.0,0.0,0.0,0.0,0.0,0.0,0.0,0.0,,0.36,0.0,12.5,Avoid,avoid,2026-06-29 17:00:30
134027,UTI FTIF Series XXI-VI (1145 Days) - Growth Option - Direct,,UTI Mutual Fund,Other,IDF,13.0448,10-04-2018,752,0.0,0.0,0.0,0.0,0.0,0.0,0.0,0.0,0.0,,0.29,0.0,12.5,Avoid,avoid,2026-06-29 17:00:30
134031,UTI FTIF Series XXI-VI (1145 Days) - Maturity Div Option - Direct,,UTI Mutual Fund,Other,IDF,10.0,10-04-2018,752,0.0,0.0,0.0,0.0,0.0,0.0,0.0,0.0,0.0,,23.38,0.0,10.1,Avoid,avoid,2026-06-29 17:00:30
134091,UTI FTIF Series XXI-VII (1143 Days) - Annual Div Option - Direct,,UTI Mutual Fund,Other,IDF,10.0,18-04-2018,752,0.0,0.0,0.0,0.0,0.0,0.0,0.0,0.0,0.0,,8.98,0.0,11.6,Avoid,avoid,2026-06-29 17:00:32
134094,UTI FTIF Series XXI-VIII (1136 Days)- Growth Option - Direct,,UTI Mutual Fund,Other,IDF,12.9771,18-04-2018,747,0.0,0.0,0.0,0.0,0.0,0.0,0.0,0.0,0.0,,0.29,0.0,12.5,Avoid,avoid,2026-06-29 17:00:50
134039,Canara Robeco India Opportunities - Series 2- Direct Plan - Growth Option,,Canara Robeco Mutual Fund,Thematic,Income,14.0,23-03-2018,740,0.0,0.0,0.0,0.0,0.0,0.0,0.0,0.0,0.0,,23.98,0.0,10.0,Avoid,avoid,2026-06-29 17:00:31
134095,UTI FTIF Series XXI-VIII (1136 Days) - Annual Div Option - Direct,,UTI Mutual Fund,Other,IDF,10.0,18-04-2018,747,0.0,0.0,0.0,0.0,0.0,0.0,0.0,0.0,0.0,,8.79,0.0,11.6,Avoid,avoid,2026-06-29 17:00:50
134084,UTI FTIF Series XXI-VII (1143 Days) - Growth Option - Direct,,UTI Mutual Fund,Other,IDF,13.0361,18-04-2018,752,0.0,0.0,0.0,0.0,0.0,0.0,0.0,0.0,0.0,,0.29,0.0,12.5,Avoid,avoid,2026-06-29 17:00:32
134034,UTI FTIF Series XXI-VI (1145 Days) - Quarterly Div Option - Direct,,UTI Mutual Fund,Other,IDF,10.0,10-04-2018,752,0.0,0.0,0.0,0.0,0.0,0.0,0.0,0.0,0.0,,3.08,0.0,12.2,Avoid,avoid,2026-06-29 17:00:31
134045,Baroda ELSS 96 Plan B(Direct) -Growth Option,,Baroda Mutual Fund,ELSS,Equity Scheme - ELSS,75.3119,13-03-2022,1730,0.0,0.0,0.0,0.0,0.0,0.0,0.0,2.08,0.0,,39.02,20.0,10.9,Avoid,avoid,2026-06-29 17:00:31
134017,LIC MF Banking and Financial Services Fund-Direct Plan-Growth,INF767K01NK6,LIC Mutual Fund,Sectoral,Equity Scheme - Sectoral/ Thematic,24.5373,25-06-2026,2767,5.21,13.16,-1.89,1.49,4.43,9.49,16.53,11.99,5.43,0.23,44.76,80.0,27.4,Avoid,avoid,2026-06-29 17:00:39
133925,DSP Low Duration Fund - Direct Plan - Growth,INF740K013Q1,DSP Mutual Fund,Debt,Debt Scheme - Low Duration Fund,21.7498,25-06-2026,2739,1.07,1.84,2.96,6.07,7.15,7.2,7.07,6.36,0.24,0.58,1.47,100.0,32.2,Avoid,avoid,2026-06-29 17:00:39
134134,DWS Large Cap Fund - Series 2 - Direct Plan - Growth,,Deutsche Mutual Fund,Large Cap,Income,8.5704,02-03-2016,220,0.0,0.0,0.0,0.0,0.0,0.0,0.0,0.0,0.0,,20.16,0.0,10.4,Avoid,avoid,2026-06-29 17:00:50
134281,UTI FTIF Series XXI-XI (1112 Days) - Annual Div Option - Direct,,UTI Mutual Fund,Other,IDF,10.0,03-04-2018,731,0.0,0.0,0.0,0.0,0.0,0.0,0.0,0.0,0.0,,8.48,0.0,11.6,Avoid,avoid,2026-06-29 17:00:50
134267,UTI FTIF Series XXI-X (1112 Days) - Quarterly Div Option - Direct,,UTI Mutual Fund,Other,IDF,10.0,03-04-2018,731,0.0,0.0,0.0,0.0,0.0,0.0,0.0,0.0,0.0,,3.33,0.0,12.2,Avoid,avoid,2026-06-29 17:00:50
134181,Reliance Fixed Horizon Fund XXVIII- Series 14- Direct Plan-Growth Option,,Reliance Mutual Fund,Other,1099 Days,13.2676,26-04-2018,742,0.0,0.0,0.0,0.0,0.0,0.0,0.0,0.0,0.0,,0.25,0.0,12.5,Avoid,avoid,2026-06-29 17:00:50
134269,UTI FTIF Series XXI-X (1112 Days) - Annual Div Option - Direct,,UTI Mutual Fund,Other,IDF,10.0,03-04-2018,731,0.0,0.0,0.0,0.0,0.0,0.0,0.0,0.0,0.0,,8.88,0.0,11.6,Avoid,avoid,2026-06-29 17:00:50
134278,UTI FTIF Series XXI-XI (1112 Days) - Growth Option - Direct,,UTI Mutual Fund,Other,IDF,12.7912,03-04-2018,731,0.0,0.0,0.0,0.0,0.0,0.0,0.0,0.0,0.0,,0.39,0.0,12.5,Avoid,avoid,2026-06-29 17:00:50
134150,JPMorgan India Balanced Advantage Fund - Direct Plan - Growth Option,,JPMorgan Mutual Fund,Hybrid,Income,10.2681,24-11-2016,400,0.0,0.0,0.0,0.0,0.0,0.0,0.0,0.0,0.0,,10.63,0.0,11.4,Avoid,avoid,2026-06-29 17:00:50
134297,Sundaram Select Small Cap Series III Direct Growth,,Sundaram Mutual Fund,Small Cap,Growth,16.1317,31-03-2020,1227,0.0,0.0,0.0,0.0,0.0,0.0,0.0,0.0,0.0,,24.01,0.0,10.0,Avoid,avoid,2026-06-29 17:00:50
134123,Baroda Pioneer Hybrid Fund - Series 1- Plan B (Direct) - Growth Option,,Baroda Mutual Fund,Hybrid,Income,12.0237,10-04-2018,734,0.0,0.0,0.0,0.0,0.0,0.0,0.0,0.0,0.0,,7.76,0.0,11.7,Avoid,avoid,2026-06-29 17:00:50
134266,UTI FTIF Series XXI-X (1112 Days) - Growth Option - Direct,,UTI Mutual Fund,Other,IDF,12.8827,03-04-2018,731,0.0,0.0,0.0,0.0,0.0,0.0,0.0,0.0,0.0,,0.32,0.0,12.5,Avoid,avoid,2026-06-29 17:00:50
134110,SBI Dynamic Asset Allocation Fund - Direct Plan - Growth,,SBI Mutual Fund,Hybrid,Hybrid Scheme - Dynamic Asset Allocation or Balanced Advantage,16.8439,02-07-2021,1517,0.0,0.0,0.0,0.0,0.0,0.0,0.0,0.03,0.0,,21.67,20.0,12.7,Avoid,avoid,2026-06-29 17:00:50
134329,UTI FTIF Series XXI-XII (1106 Days) - Annual Div Option - Direct,,UTI Mutual Fund,Other,IDF,10.0,03-04-2018,726,0.0,0.0,0.0,0.0,0.0,0.0,0.0,0.0,0.0,,8.98,0.0,11.6,Avoid,avoid,2026-06-29 17:00:50
134322,UTI FTIF Series XXI-XII (1106 Days) - Growth Option - Direct,,UTI Mutual Fund,Other,IDF,12.9343,03-04-2018,726,0.0,0.0,0.0,0.0,0.0,0.0,0.0,0.0,0.0,,0.28,0.0,12.5,Avoid,avoid,2026-06-29 17:00:50
134334,HDFC Focused Equity Fund - Plan B - Direct Plan - Growth Option,,HDFC Mutual Fund,Thematic,1,13.608,09-05-2018,744,0.0,0.0,0.0,0.0,0.0,0.0,0.0,0.0,0.0,,22.75,0.0,10.1,Avoid,avoid,2026-06-29 17:00:50
134363,Sundaram Banking & PSU Debt Fund - Direct Growth,,Sundaram Mutual Fund,Debt,Debt Scheme - Banking and PSU Fund,11.7065,17-03-2017,475,0.0,0.0,0.0,0.0,0.0,0.0,0.0,0.0,0.0,,0.52,0.0,12.4,Avoid,avoid,2026-06-29 17:00:50
134373,Sundaram Select Small Cap Series IV - Direct Growth,,Sundaram Mutual Fund,Small Cap,Growth,15.1651,17-04-2020,1227,0.0,0.0,0.0,0.0,0.0,0.0,0.0,0.0,0.0,,24.05,0.0,10.0,Avoid,avoid,2026-06-29 17:00:50
134391,Aditya Birla Sun Life Emerging Leaders Fund - Series 6 - Direct Plan-Growth,,Aditya Birla Sun Life Mutual Fund,Other,Growth,13.19,16-10-2018,862,0.0,0.0,0.0,0.0,0.0,0.0,0.0,0.0,0.0,,21.71,0.0,10.2,Avoid,avoid,2026-06-29 17:00:50
134436,UTI FTIF Series XXI-XIV (1103 Days) - Annual Div Option - Direct,,UTI Mutual Fund,Other,IDF,10.0,03-04-2018,725,0.0,0.0,0.0,0.0,0.0,0.0,0.0,0.0,0.0,,9.06,0.0,11.6,Avoid,avoid,2026-06-29 17:00:50
134413,DWS Large Cap Fund - Series 3 - Direct Plan - Growth,,Deutsche Mutual Fund,Large Cap,Income,9.1148,02-03-2016,208,0.0,0.0,0.0,0.0,0.0,0.0,0.0,0.0,0.0,,18.4,0.0,10.6,Avoid,avoid,2026-06-29 17:00:50
134482,UTI FTIF Series XXI-XV (1103 Days) - Annual Div Option - Direct,,UTI Mutual Fund,Other,IDF,10.0,17-04-2018,727,0.0,0.0,0.0,0.0,0.0,0.0,0.0,0.0,0.0,,8.83,0.0,11.6,Avoid,avoid,2026-06-29 17:00:51
134437,UTI FTIF Series XXI-XIV (1103 Days) - Quarterly Div Option - Direct,,UTI Mutual Fund,Other,IDF,10.0,03-04-2018,725,0.0,0.0,0.0,0.0,0.0,0.0,0.0,0.0,0.0,,3.21,0.0,12.2,Avoid,avoid,2026-06-29 17:00:50
134477,UTI FTIF Series XXI-XV (1103 Days) - Quarterly Div Option - Direct,,UTI Mutual Fund,Other,IDF,10.0,17-04-2018,727,0.0,0.0,0.0,0.0,0.0,0.0,0.0,0.0,0.0,,3.16,0.0,12.2,Avoid,avoid,2026-06-29 17:00:51
134438,UTI FTIF Series XXI-XIV (1103 Day) - Maturity Div Option - Direct,,UTI Mutual Fund,Other,IDF,10.0,03-04-2018,725,0.0,0.0,0.0,0.0,0.0,0.0,0.0,0.0,0.0,,22.57,0.0,10.1,Avoid,avoid,2026-06-29 17:00:50
134441,UTI FTIF Series XXI-XIV (1103 Days) - Growth Option - Direct,,UTI Mutual Fund,Other,IDF,12.9409,03-04-2018,725,0.0,0.0,0.0,0.0,0.0,0.0,0.0,0.0,0.0,,0.28,0.0,12.5,Avoid,avoid,2026-06-29 17:00:50
134475,UTI FTIF Series XXI-XV (1103 Days) - Growth Option - Direct,,UTI Mutual Fund,Other,IDF,12.884,17-04-2018,727,0.0,0.0,0.0,0.0,0.0,0.0,0.0,0.0,0.0,,0.38,0.0,12.5,Avoid,avoid,2026-06-29 17:00:50
134387,Aditya Birla Sun Life Credit Risk Fund - Direct Plan - Growth,INF209KA1K88,Aditya Birla Sun Life Mutual Fund,Debt,Debt Scheme - Credit Risk Fund,27.6663,25-06-2026,2705,1.56,2.94,8.07,12.92,15.3,13.03,12.43,10.87,0.88,1.95,3.87,100.0,57.6,Watch,watch,2026-06-29 17:00:51
134526,UTI FTIF Series XXII-I (1099 Days) - Direct Plan - Growth Option,,UTI Mutual Fund,Other,IDF,12.8495,24-04-2018,726,0.0,0.0,0.0,0.0,0.0,0.0,0.0,0.0,0.0,,0.38,0.0,12.5,Avoid,avoid,2026-06-29 17:00:51
134483,UTI FTIF Series XXI-XV (1103 Days) - Maturity Div Option - Direct,,UTI Mutual Fund,Other,IDF,10.0,17-04-2018,727,0.0,0.0,0.0,0.0,0.0,0.0,0.0,0.0,0.0,,22.37,0.0,10.2,Avoid,avoid,2026-06-29 17:00:51
134528,UTI FTIF Series XXII-I (1099 Days) - Direct Plan - Maturity Div Option,,UTI Mutual Fund,Other,IDF,10.0,24-04-2018,726,0.0,0.0,0.0,0.0,0.0,0.0,0.0,0.0,0.0,,22.21,0.0,10.2,Avoid,avoid,2026-06-29 17:00:51
134530,UTI FTIF Series XXII-I (1099 Days) - Direct Plan - Quarterly Div Option,,UTI Mutual Fund,Other,IDF,10.0,24-04-2018,726,0.0,0.0,0.0,0.0,0.0,0.0,0.0,0.0,0.0,,2.91,0.0,12.2,Avoid,avoid,2026-06-29 17:00:51
134567,Kotak India Gorwth Fund - Series I - Direct Plan - Growth,,Kotak Mahindra Mutual Fund,Other,1194 DAYS,13.27862,07-05-2018,739,0.0,0.0,0.0,0.0,0.0,0.0,0.0,0.0,0.0,,16.93,0.0,10.7,Avoid,avoid,2026-06-29 17:00:51
134535,Axis Hybrid Fund - Series 22 - Direct Plan - Growth,,Axis Mutual Fund,Hybrid,1116 Days,12.4446,09-11-2018,846,0.0,0.0,0.0,0.0,0.0,0.0,0.0,0.0,0.0,,8.29,0.0,11.6,Avoid,avoid,2026-06-29 17:00:51
134589,Reliance Fixed Horizon Fund XXVIII- Series 18- Direct Plan-Growth Option,,Reliance Mutual Fund,Other,1099 Days,13.2326,13-06-2018,739,0.0,0.0,0.0,0.0,0.0,0.0,0.0,0.0,0.0,,0.26,0.0,12.5,Avoid,avoid,2026-06-29 17:00:51
134531,UTI FTIF Series XXII-I (1099 Days) - Direct Plan - Annual Div Option,,UTI Mutual Fund,Other,IDF,10.0,24-04-2018,726,0.0,0.0,0.0,0.0,0.0,0.0,0.0,0.0,0.0,,8.81,0.0,11.6,Avoid,avoid,2026-06-29 17:00:51
134621,Axis Hybrid Fund - Series 23 - Direct Plan - Growth,,Axis Mutual Fund,Hybrid,1116 Days,12.5345,22-11-2018,841,0.0,0.0,0.0,0.0,0.0,0.0,0.0,0.0,0.0,,9.62,0.0,11.5,Avoid,avoid,2026-06-29 17:00:52
134637,Reliance Fixed Horizon Fund XXVIII- Series 19- Direct Plan-Growth Option,,Reliance Mutual Fund,Other,1099 Days,12.804,20-06-2018,744,0.0,0.0,0.0,0.0,0.0,0.0,0.0,0.0,0.0,,0.34,0.0,12.5,Avoid,avoid,2026-06-29 17:00:52
134646,UTI FTIF Series XXII-II (1099 Days) - Growth Option - Direct,,UTI Mutual Fund,Other,IDF,12.8555,08-05-2018,726,0.0,0.0,0.0,0.0,0.0,0.0,0.0,0.0,0.0,,0.3,0.0,12.5,Avoid,avoid,2026-06-29 17:00:52
134648,UTI FTIF Series XXII-II (1099 Days) - Quarterly Div Option - Direct,,UTI Mutual Fund,Other,IDF,10.0,08-05-2018,726,0.0,0.0,0.0,0.0,0.0,0.0,0.0,0.0,0.0,,3.33,0.0,12.2,Avoid,avoid,2026-06-29 17:00:56
134651,UTI FTIF Series XXII-II (1099 Days) - Maturity Div Option - Direct,,UTI Mutual Fund,Other,IDF,12.5131,21-12-2017,638,0.0,0.0,0.0,0.0,0.0,0.0,0.0,0.0,0.0,,0.3,0.0,12.5,Avoid,avoid,2026-06-29 17:00:56
134654,UTI FTIF Series XXII-II (1099 Days) - Annual Div Option - Direct,,UTI Mutual Fund,Other,IDF,10.0,08-05-2018,726,0.0,0.0,0.0,0.0,0.0,0.0,0.0,0.0,0.0,,8.84,0.0,11.6,Avoid,avoid,2026-06-29 17:00:56
134494,Quantum Dynamic Bond Fund - Direct Plan Growth Option,INF082J01176,Quantum Mutual Fund,Debt,Debt Scheme - Dynamic Bond,22.7719,25-06-2026,2688,2.27,3.39,2.86,4.41,6.81,7.42,7.55,6.63,0.89,0.22,3.24,100.0,28.6,Avoid,avoid,2026-06-29 17:00:53
134503,UTI Medium Duration Fund - Direct Plan - Growth Option,INF789FB1KE6,UTI Mutual Fund,Debt,Debt Scheme - Medium Duration Fund,20.6179,25-06-2026,2712,1.58,2.52,2.68,5.1,7.18,7.15,7.18,6.84,0.56,0.22,5.31,100.0,28.2,Avoid,avoid,2026-06-29 17:00:55
134547,Nippon India Banking and PSU  Fund- Direct Plan-Growth Plan- Growth Option,INF204KA1U53,Nippon India Mutual Fund,Debt,Debt Scheme - Banking and PSU Fund,22.7692,25-06-2026,2688,1.86,2.61,2.86,5.38,7.41,7.36,7.32,6.45,0.59,0.33,3.2,100.0,29.7,Avoid,avoid,2026-06-29 17:00:55
134594,Nippon India Equity Savings Fund- Direct Plan- Growth Plan-Growth Option,INF204KA1W77,Nippon India Mutual Fund,Hybrid,Hybrid Scheme - Equity Savings,18.2524,25-06-2026,2723,1.36,3.28,0.92,3.49,4.97,7.6,9.02,7.52,1.21,0.21,31.72,100.0,26.2,Avoid,avoid,2026-06-29 17:00:55
134643,SBI Equity Savings Fund - Direct Plan - Growth,INF200KA1DF3,SBI Mutual Fund,Hybrid,Hybrid Scheme - Equity Savings,27.3068,25-06-2026,2734,1.48,3.3,1.53,2.64,5.33,9.73,10.9,8.98,1.18,0.54,19.46,100.0,34.0,Avoid,avoid,2026-06-29 17:00:55
134751,UTI FTIF Series XXII-III (1099 Days) - Direct Plan  - Maturity Div Option,,UTI Mutual Fund,Other,IDF,10.0,24-05-2018,726,0.0,0.0,0.0,0.0,0.0,0.0,0.0,0.0,0.0,,22.12,0.0,10.2,Avoid,avoid,2026-06-29 17:00:56
134795,UTI FTIF Series XXII-IV (1098 Days) - Direct Plan - Quarterly Div Option,,UTI Mutual Fund,Other,IDF,10.0,31-05-2018,725,0.0,0.0,0.0,0.0,0.0,0.0,0.0,0.0,0.0,,3.26,0.0,12.2,Avoid,avoid,2026-06-29 17:00:57
134741,Axis Hybrid Fund - Series 24 - Direct Plan - Growth,,Axis Mutual Fund,Hybrid,1116 Days,12.7475,13-12-2018,840,0.0,0.0,0.0,0.0,0.0,0.0,0.0,0.0,0.0,,8.65,0.0,11.6,Avoid,avoid,2026-06-29 17:00:56
134752,UTI FTIF Series XXII-III (1099 Days) - Direct Plan - Annual Div Option,,UTI Mutual Fund,Other,IDF,10.0,24-05-2018,726,0.0,0.0,0.0,0.0,0.0,0.0,0.0,0.0,0.0,,8.8,0.0,11.6,Avoid,avoid,2026-06-29 17:00:56
134798,UTI FTIF Series XXII-IV (1098 Days) - Direct Plan - Maturity Div Option,,UTI Mutual Fund,Other,IDF,10.0,31-05-2018,725,0.0,0.0,0.0,0.0,0.0,0.0,0.0,0.0,0.0,,22.08,0.0,10.2,Avoid,avoid,2026-06-29 17:00:57
134796,UTI FTIF Series XXII-IV (1098 Days) - Direct Plan - Annual Div Option,,UTI Mutual Fund,Other,IDF,10.0,31-05-2018,725,0.0,0.0,0.0,0.0,0.0,0.0,0.0,0.0,0.0,,8.83,0.0,11.6,Avoid,avoid,2026-06-29 17:00:57
134793,UTI FTIF Series XXII-IV (1098 Days) - Direct Plan - Growth Option,,UTI Mutual Fund,Other,IDF,12.8334,31-05-2018,725,0.0,0.0,0.0,0.0,0.0,0.0,0.0,0.0,0.0,,0.3,0.0,12.5,Avoid,avoid,2026-06-29 17:00:57
134773,Reliance Capital Builder Fund III - Series A - Direct Plan - Growth Option,,Reliance Mutual Fund,Other,1194 DAYS,13.3166,29-06-2018,739,0.0,0.0,0.0,0.0,0.0,0.0,0.0,0.0,0.0,,23.15,0.0,10.1,Avoid,avoid,2026-06-29 17:00:56
134673,Sundaram Hybrid Fund Series M Direct Plan Growth,,Sundaram Mutual Fund,Hybrid,IDF,12.4764,24-12-2018,857,0.0,0.0,0.0,0.0,0.0,0.0,0.0,0.0,0.0,,2.34,0.0,12.3,Avoid,avoid,2026-06-29 17:00:56
134710,SUNDARAM hYBRID SERIES N DIRECT PLAN GROWTH,,Sundaram Mutual Fund,Hybrid,IDF,12.5322,07-01-2019,859,0.0,0.0,0.0,0.0,0.0,0.0,0.0,0.0,0.0,,4.69,0.0,12.0,Avoid,avoid,2026-06-29 17:00:56
134748,UTI FTIF Series XXII-III (1099 Days) - Direct Plan - Quarterly Div Option,,UTI Mutual Fund,Other,IDF,10.0,24-05-2018,726,0.0,0.0,0.0,0.0,0.0,0.0,0.0,0.0,0.0,,3.21,0.0,12.2,Avoid,avoid,2026-06-29 17:00:56
134747,UTI FTIF Series XXII-III (1099 Days) - Direct Plan - Growth Option,,UTI Mutual Fund,Other,IDF,12.8416,24-05-2018,726,0.0,0.0,0.0,0.0,0.0,0.0,0.0,0.0,0.0,,0.37,0.0,12.5,Avoid,avoid,2026-06-29 17:00:56
135029,UTI FTIF Series XXII-IX (1099 Days) - Direct Plan - Growth Option,,UTI Mutual Fund,Other,IDF,12.7457,02-07-2018,725,0.0,0.0,0.0,0.0,0.0,0.0,0.0,0.0,0.0,,0.36,0.0,12.5,Avoid,avoid,2026-06-29 17:00:57
134899,UTI - FTIF Series XXII-V (1099 Days) - Direct Plan - Annual Div Option,,UTI Mutual Fund,Other,IDF,10.0,14-06-2018,726,0.0,0.0,0.0,0.0,0.0,0.0,0.0,0.0,0.0,,9.1,0.0,11.6,Avoid,avoid,2026-06-29 17:00:57
135020,UTI FTIF Series XXII-VIII (1099 Days) - Direct Plan - Quarterly Div Option,,UTI Mutual Fund,Other,IDF,10.0,13-07-2018,726,0.0,0.0,0.0,0.0,0.0,0.0,0.0,0.0,0.0,,3.39,0.0,12.1,Avoid,avoid,2026-06-29 17:00:57
135019,UTI FTIF Series XXII-VIII (1099 Days) - Direct Plan - Growth Option,,UTI Mutual Fund,Other,IDF,12.8111,13-07-2018,726,0.0,0.0,0.0,0.0,0.0,0.0,0.0,0.0,0.0,,0.36,0.0,12.5,Avoid,avoid,2026-06-29 17:00:57
134897,UTI - FTIF Series XXII - V (1099 Days) - Direct Plan - Growth Option,,UTI Mutual Fund,Other,IDF,12.8395,14-06-2018,726,0.0,0.0,0.0,0.0,0.0,0.0,0.0,0.0,0.0,,0.33,0.0,12.5,Avoid,avoid,2026-06-29 17:00:57
134985,UTI FTIF Series XXII-VI (1098 Days) - Direct Plan - Growth Option,,UTI Mutual Fund,Other,IDF,13.5649,28-06-2018,724,0.0,0.0,0.0,0.0,0.0,0.0,0.0,0.0,0.0,,0.35,0.0,12.5,Avoid,avoid,2026-06-29 17:00:57
134981,UTI FTIF Series XXII-VI (1098 Days) - Direct Plan - Annual Div Option,,UTI Mutual Fund,Other,IDF,10.0,28-06-2018,724,0.0,0.0,0.0,0.0,0.0,0.0,0.0,0.0,0.0,,11.55,0.0,11.3,Avoid,avoid,2026-06-29 17:00:57
134994,UTI FTIF Series XXII-VII (1098 Days) - Direct Plan - Quarterly Div Option,,UTI Mutual Fund,Other,IDF,10.0,28-06-2018,724,0.0,0.0,0.0,0.0,0.0,0.0,0.0,0.0,0.0,,3.89,0.0,12.1,Avoid,avoid,2026-06-29 17:00:57
135024,UTI FTIF Series XXII-VIII (1099 Days) - Direct Plan - Maturity Div Option,,UTI Mutual Fund,Other,IDF,12.306,21-12-2017,590,0.0,0.0,0.0,0.0,0.0,0.0,0.0,0.0,0.0,,0.36,0.0,12.5,Avoid,avoid,2026-06-29 17:00:57
135023,UTI FTIF Series XXII-VIII (1099 Days) - Direct Plan - Annual Div Option,,UTI Mutual Fund,Other,IDF,10.0,13-07-2018,726,0.0,0.0,0.0,0.0,0.0,0.0,0.0,0.0,0.0,,8.9,0.0,11.6,Avoid,avoid,2026-06-29 17:00:57
134993,UTI FTIF Series XXII-VII (1098 Days) - Direct Plan - Growth Option,,UTI Mutual Fund,Other,IDF,12.8945,28-06-2018,724,0.0,0.0,0.0,0.0,0.0,0.0,0.0,0.0,0.0,,0.34,0.0,12.5,Avoid,avoid,2026-06-29 17:00:57
134898,UTI - FTIF Series XXII-V (1099 Days) - Direct Plan - Quarterly Div Option,,UTI Mutual Fund,Other,IDF,10.0,14-06-2018,726,0.0,0.0,0.0,0.0,0.0,0.0,0.0,0.0,0.0,,3.76,0.0,12.1,Avoid,avoid,2026-06-29 17:00:57
134923,Nippon India US Equity Opportunities Fund- Direct Plan- Growth Plan- Growth Option,INF204KA15G5,Nippon India Mutual Fund,International,Equity Scheme - Sectoral/ Thematic,44.0494,25-06-2026,2601,-3.19,13.08,2.7,12.4,12.64,17.18,18.0,10.64,3.95,0.64,30.78,80.0,46.7,Avoid,avoid,2026-06-29 17:00:58
134813,Mirae Asset Aggressive Hybrid Fund - Direct Plan - Growth,INF769K01DH9,Mirae Asset Mutual Fund,Hybrid,Hybrid Scheme - Aggressive Hybrid Fund,39.038,25-06-2026,2684,2.07,9.33,-0.05,2.98,6.13,12.69,14.55,11.7,3.69,0.53,29.0,100.0,38.8,Avoid,avoid,2026-06-29 17:00:58
135045,UTI FTIF Series XXII-X (1098 Days) - Direct Plan - Growth Option,,UTI Mutual Fund,Other,IDF,12.7277,05-07-2018,725,0.0,0.0,0.0,0.0,0.0,0.0,0.0,0.0,0.0,,0.35,0.0,12.5,Avoid,avoid,2026-06-29 17:00:57
135094,Reliance Fixed Horizon Fund XXIX - Series 1- Direct Plan-Growth Option,,Reliance Mutual Fund,Other,1099 Days,12.7655,21-08-2018,735,0.0,0.0,0.0,0.0,0.0,0.0,0.0,0.0,0.0,,0.39,0.0,12.5,Avoid,avoid,2026-06-29 17:00:57
135070,UTI FTIF Series XXII-XI (1098 Days) - Direct Plan - Growth Option,,UTI Mutual Fund,Other,IDF,12.7208,12-07-2018,725,0.0,0.0,0.0,0.0,0.0,0.0,0.0,0.0,0.0,,0.36,0.0,12.5,Avoid,avoid,2026-06-29 17:00:58
135158,Reliance Fixed Horizon Fund XXIX - Series 2 - Direct Plan - Growth Option,,Reliance Mutual Fund,Other,1099 Days,12.7482,03-09-2018,735,0.0,0.0,0.0,0.0,0.0,0.0,0.0,0.0,0.0,,0.37,0.0,12.5,Avoid,avoid,2026-06-29 17:00:58
135209,UTI FTIF Series XXII-XII (1100 Days) - Direct Plan - Annual Div Option,,UTI Mutual Fund,Other,IDF,10.0,31-07-2018,726,0.0,0.0,0.0,0.0,0.0,0.0,0.0,0.0,0.0,,8.99,0.0,11.6,Avoid,avoid,2026-06-29 17:01:12
135208,UTI FTIF Series XXII-XII (1100 Days) - Direct Plan - Quarterly Div Option,,UTI Mutual Fund,Other,IDF,10.0,31-07-2018,726,0.0,0.0,0.0,0.0,0.0,0.0,0.0,0.0,0.0,,3.33,0.0,12.2,Avoid,avoid,2026-06-29 17:01:11
135233,Axis Hybrid Fund - Series 25 - Direct Plan - Growth,,Axis Mutual Fund,Hybrid,Income,12.6213,22-02-2019,843,0.0,0.0,0.0,0.0,0.0,0.0,0.0,0.0,0.0,,9.59,0.0,11.5,Avoid,avoid,2026-06-29 17:01:11
135207,UTI FTIF Series XXII-XII (1100 Days) - Direct Plan - Growth Option,,UTI Mutual Fund,Other,IDF,12.8355,31-07-2018,726,0.0,0.0,0.0,0.0,0.0,0.0,0.0,0.0,0.0,,0.37,0.0,12.5,Avoid,avoid,2026-06-29 17:00:58
135215,Reliance Fixed Horizon Fund XXIX- Series 3- Direct Plan-Growth Option,,Reliance Mutual Fund,Other,1099 Days,13.224,17-09-2018,734,0.0,0.0,0.0,0.0,0.0,0.0,0.0,0.0,0.0,,0.33,0.0,12.5,Avoid,avoid,2026-06-29 17:01:11
135264,UTI FTIF Series XXII-XIII (1100 Days) - Direct Plan - Quarterly Div Option,,UTI Mutual Fund,Other,IDF,10.0,16-08-2018,725,0.0,0.0,0.0,0.0,0.0,0.0,0.0,0.0,0.0,,3.8,0.0,12.1,Avoid,avoid,2026-06-29 17:01:12
135263,UTI FTIF Series XXII-XIII (1100 Days) - Direct Plan - Annual Div Option,,UTI Mutual Fund,Other,IDF,10.0,16-08-2018,725,0.0,0.0,0.0,0.0,0.0,0.0,0.0,0.0,0.0,,9.72,0.0,11.5,Avoid,avoid,2026-06-29 17:01:12
135120,Axis Equity Savings Fund - Direct Plan - Growth,INF846K01VJ3,Axis Mutual Fund,Hybrid,Hybrid Scheme - Equity Savings,26.16,25-06-2026,2677,2.23,5.48,1.28,4.31,5.91,10.21,10.86,9.0,1.66,0.57,17.56,100.0,34.9,Avoid,avoid,2026-06-29 17:00:58
135266,UTI FTIF Series XXII-XIII (1100 Days) - Direct Plan - Maturity Div Option,,UTI Mutual Fund,Other,IDF,10.0,16-08-2018,725,0.0,0.0,0.0,0.0,0.0,0.0,0.0,0.0,0.0,,23.18,0.0,10.1,Avoid,avoid,2026-06-29 17:01:12
135267,UTI FTIF Series XXII-XIII (1100 Days) - Direct Plan - Growth Option,,UTI Mutual Fund,Other,IDF,13.0278,16-08-2018,725,0.0,0.0,0.0,0.0,0.0,0.0,0.0,0.0,0.0,,0.36,0.0,12.5,Avoid,avoid,2026-06-29 17:01:12
135271,UTI FTIF Series XXII-XIV (1100 Days) - Direct Plan - Growth Option,,UTI Mutual Fund,Other,IDF,12.7107,16-08-2018,725,0.0,0.0,0.0,0.0,0.0,0.0,0.0,0.0,0.0,,0.37,0.0,12.5,Avoid,avoid,2026-06-29 17:01:12
135282,Axis Hybrid Fund - Series 26 - Direct Plan - Growth,,Axis Mutual Fund,Hybrid,Income,12.7528,08-03-2019,839,0.0,0.0,0.0,0.0,0.0,0.0,0.0,0.0,0.0,,10.57,0.0,11.4,Avoid,avoid,2026-06-29 17:01:12
135281,HDFC DAF - I - 1100D August 2015 - Direct Option - Growth Option,,HDFC Mutual Fund,Other,5 Year Plan,12.6774,11-09-2018,727,0.0,0.0,0.0,0.0,0.0,0.0,0.0,0.0,0.0,,1.19,0.0,12.4,Avoid,avoid,2026-06-29 17:01:12
135313,UTI FTIF Series XXII-XV (1098 Days) - Direct Plan - Maturity Div Option,,UTI Mutual Fund,Other,IDF,12.3077,21-12-2017,556,0.0,0.0,0.0,0.0,0.0,0.0,0.0,0.0,0.0,,0.35,0.0,12.5,Avoid,avoid,2026-06-29 17:01:12
135315,UTI FTIF Series XXII-XV (1098 Days) - Direct Plan - Growth Option,,UTI Mutual Fund,Other,IDF,12.9944,30-08-2018,723,0.0,0.0,0.0,0.0,0.0,0.0,0.0,0.0,0.0,,0.35,0.0,12.5,Avoid,avoid,2026-06-29 17:01:12
135324,SBI DEBT FUND SERIES B - 25 (1100 DAYS) - DIRECT PLAN - GROWTH,,SBI Mutual Fund,Debt,IDF,12.662,31-08-2018,60,0.0,0.0,0.0,0.0,0.0,0.0,0.0,0.0,0.0,,0,0.0,12.5,Avoid,avoid,2026-06-29 17:01:12
135322,ICICI Prudential India Recovery Fund - Series 3 Direct Plan Cumulative Option,,ICICI Prudential Mutual Fund,Other,1,14.35,31-08-2018,42,0.0,0.0,0.0,0.0,0.0,0.0,0.0,0.0,0.0,,3.3,0.0,12.2,Avoid,avoid,2026-06-29 17:01:12
135393,Reliance Fixed Horizon Fund XXIX- Series 7- Direct Plan- Growth Option,,Reliance Mutual Fund,Other,1099 Days,13.205,26-10-2018,737,0.0,0.0,0.0,0.0,0.0,0.0,0.0,0.0,0.0,,0.32,0.0,12.5,Avoid,avoid,2026-06-29 17:01:13
135366,UTI FTIF Series XXIII-I (1098 Days) - Direct Plan - Flexi Div Option,,UTI Mutual Fund,Other,IDF,10.0,14-09-2018,722,0.0,0.0,0.0,0.0,0.0,0.0,0.0,0.0,0.0,,21.91,0.0,10.2,Avoid,avoid,2026-06-29 17:01:12
135364,UTI FTIF Series XXIII-I (1098 Days) - Direct Plan - Annual Div Option,,UTI Mutual Fund,Other,IDF,10.0,14-09-2018,722,0.0,0.0,0.0,0.0,0.0,0.0,0.0,0.0,0.0,,9.0,0.0,11.6,Avoid,avoid,2026-06-29 17:01:12
135385,UTI FTIF Series XXIII-III (1098 Days) - Direct Plan - Growth Option,,UTI Mutual Fund,Other,IDF,12.6915,14-09-2018,722,0.0,0.0,0.0,0.0,0.0,0.0,0.0,0.0,0.0,,0.37,0.0,12.5,Avoid,avoid,2026-06-29 17:01:13
135365,UTI FTIF Series XXIII-I (1098 Days) - Direct Plan - Maturity Div Option,,UTI Mutual Fund,Other,IDF,10.0,14-09-2018,722,0.0,0.0,0.0,0.0,0.0,0.0,0.0,0.0,0.0,,21.91,0.0,10.2,Avoid,avoid,2026-06-29 17:01:12
135334,Reliance Fixed Horizon Fund XXIX- Series 6- Direct Plan - Growth Option,,Reliance Mutual Fund,Other,1099 Days,12.717,27-09-2018,732,0.0,0.0,0.0,0.0,0.0,0.0,0.0,0.0,0.0,,0.38,0.0,12.5,Avoid,avoid,2026-06-29 17:01:12
135351,Aditya Birla Sun Life Focused Equity Fund - Series 6-Direct Plan-Growth,,Aditya Birla Sun Life Mutual Fund,Thematic,Growth,13.79,19-10-2018,737,0.0,0.0,0.0,0.0,0.0,0.0,0.0,0.0,0.0,,15.13,0.0,10.9,Avoid,avoid,2026-06-29 17:01:12
135404,ICICI Prudential Business Cycle Fund - Series 1 Direct Plan Cumulative Option,,ICICI Prudential Mutual Fund,Sectoral,Growth,13.27,09-04-2019,189,0.0,0.0,0.0,0.0,0.0,0.0,0.0,0.0,0.0,,13.78,0.0,11.1,Avoid,avoid,2026-06-29 17:01:13
135367,UTI FTIF Series XXIII-I (1098 Days) - Direct Plan - Quarterly Div Option,,UTI Mutual Fund,Other,IDF,10.0,14-09-2018,722,0.0,0.0,0.0,0.0,0.0,0.0,0.0,0.0,0.0,,3.44,0.0,12.1,Avoid,avoid,2026-06-29 17:01:12
135415,Reliance Fixed Horizon Fund XXIX- Series 8- Direct Plan-Growth Option,,Reliance Mutual Fund,Other,1099 Days,12.7432,10-10-2018,732,0.0,0.0,0.0,0.0,0.0,0.0,0.0,0.0,0.0,,0.38,0.0,12.5,Avoid,avoid,2026-06-29 17:01:13
135363,UTI FTIF Series XXIII-I (1098 Days) - Direct Plan - Growth Option,,UTI Mutual Fund,Other,IDF,12.8137,14-09-2018,722,0.0,0.0,0.0,0.0,0.0,0.0,0.0,0.0,0.0,,0.38,0.0,12.5,Avoid,avoid,2026-06-29 17:01:12
135341,Groww Value Fund (formerly known as Indiabulls Value Fund) - Direct Plan - Growth Option,INF666M01BE4,Groww Mutual Fund,Thematic,Equity Scheme - Value Fund,32.832,25-06-2026,2655,3.28,14.99,-0.01,-0.17,4.13,15.8,17.08,13.6,4.84,0.61,46.64,80.0,41.8,Avoid,avoid,2026-06-29 17:01:13
135441,Reliance Fixed Horizon Fund XXIX- Series 9- Direct Plan-Growth Option,,Reliance Mutual Fund,Other,1099 Days,12.6752,25-10-2018,737,0.0,0.0,0.0,0.0,0.0,0.0,0.0,0.0,0.0,,0.39,0.0,12.5,Avoid,avoid,2026-06-29 17:01:13
135457,UTI FTIF Series XXIII-II (1100 Days) - Direct Plan - Maturity Div Option,,UTI Mutual Fund,Other,IDF,10.0,03-10-2018,724,0.0,0.0,0.0,0.0,0.0,0.0,0.0,0.0,0.0,,21.51,0.0,10.3,Avoid,avoid,2026-06-29 17:01:13
135459,UTI FTIF Series XXIII-II (1100 Days) - Direct Plan - Growth Option,,UTI Mutual Fund,Other,IDF,12.7452,03-10-2018,724,0.0,0.0,0.0,0.0,0.0,0.0,0.0,0.0,0.0,,0.4,0.0,12.5,Avoid,avoid,2026-06-29 17:01:13
135461,UTI FTIF Series XXIII-II (1100 Days) - Direct Plan - Annual Div Option,,UTI Mutual Fund,Other,IDF,10.0,03-10-2018,724,0.0,0.0,0.0,0.0,0.0,0.0,0.0,0.0,0.0,,9.0,0.0,11.6,Avoid,avoid,2026-06-29 17:01:13
135519,UTI FTIF Series XXIII-IV (1100 Days) - Direct Plan - Quarterly Div Option,,UTI Mutual Fund,Other,IDF,10.0,17-10-2018,725,0.0,0.0,0.0,0.0,0.0,0.0,0.0,0.0,0.0,,2.9,0.0,12.2,Avoid,avoid,2026-06-29 17:01:13
135490,Sundaram Select Micro Cap Series VIII  Direct Plan Growth,,Sundaram Mutual Fund,Other,Growth,11.3614,21-10-2020,1228,0.0,0.0,0.0,0.0,0.0,0.0,0.0,0.0,0.0,,56.51,0.0,6.6,Avoid,avoid,2026-06-29 17:01:13
135528,Axis Hybrid Fund - Series 27 - Direct Plan - Growth,,Axis Mutual Fund,Hybrid,Income,13.1205,10-07-2019,890,0.0,0.0,0.0,0.0,0.0,0.0,0.0,0.0,0.0,,10.41,0.0,11.4,Avoid,avoid,2026-06-29 17:01:14
135460,UTI FTIF Series XXIII-II (1100 Days) - Direct Plan - Quarterly Div Option,,UTI Mutual Fund,Other,IDF,10.0,03-10-2018,724,0.0,0.0,0.0,0.0,0.0,0.0,0.0,0.0,0.0,,3.0,0.0,12.2,Avoid,avoid,2026-06-29 17:01:13
135520,UTI FTIF Series XXIII-IV (1100 Days) - Direct Plan - Maturity Div Option,,UTI Mutual Fund,Other,IDF,10.0,17-10-2018,725,0.0,0.0,0.0,0.0,0.0,0.0,0.0,0.0,0.0,,21.42,0.0,10.3,Avoid,avoid,2026-06-29 17:01:14
135522,UTI FTIF Series XXIII-IV (1100 Days) - Direct Plan - Annual Div Option,,UTI Mutual Fund,Other,IDF,10.0,17-10-2018,725,0.0,0.0,0.0,0.0,0.0,0.0,0.0,0.0,0.0,,9.01,0.0,11.6,Avoid,avoid,2026-06-29 17:01:14
135523,UTI FTIF Series XXIII-IV (1100 Days) - Direct Plan - Growth Option,,UTI Mutual Fund,Other,IDF,12.7303,17-10-2018,725,0.0,0.0,0.0,0.0,0.0,0.0,0.0,0.0,0.0,,0.4,0.0,12.5,Avoid,avoid,2026-06-29 17:01:14
135482,Reliance Fixed Horizon Fund XXIX- Series 10- Direct Plan-Growth Option,,Reliance Mutual Fund,Other,1099 Days,12.6111,26-10-2018,729,0.0,0.0,0.0,0.0,0.0,0.0,0.0,0.0,0.0,,0.43,0.0,12.5,Avoid,avoid,2026-06-29 17:01:13
135506,SBI EQUITY OPPORTUNITIES FUND - SERIES IV - DIRECT PLAN - GROWTH,,SBI Mutual Fund,Thematic,Growth,27.4317,25-10-2021,1042,0.0,0.0,0.0,0.0,0.0,0.0,0.0,2.76,0.0,,36.7,20.0,11.2,Avoid,avoid,2026-06-29 17:01:13
135500,Kotak Bond Short Term Plan - Direct - Standard Income Distribution cum capital withdrawal option,INF174K01Z14,Kotak Mahindra Mutual Fund,Debt,Debt Scheme - Short Duration Fund,16.1259,25-06-2026,1978,1.49,2.1,-3.67,-1.0,4.23,5.34,5.82,4.24,1.95,-0.31,6.62,60.0,16.3,Avoid,avoid,2026-06-29 17:01:13
135547,ICICI Prudential Business Cycle Fund - Series 2 Direct Plan Cumulative Option,,ICICI Prudential Mutual Fund,Sectoral,Growth,14.46,22-02-2019,159,0.0,0.0,0.0,0.0,0.0,0.0,0.0,0.0,0.0,,5.12,0.0,12.0,Avoid,avoid,2026-06-29 17:01:14
135559,Reliance Fixed Horizon Fund XXIX- Series 13- Direct Plan-Growth Option,,Reliance Mutual Fund,Other,1099 Days,13.0454,26-11-2018,730,0.0,0.0,0.0,0.0,0.0,0.0,0.0,0.0,0.0,,0.36,0.0,12.5,Avoid,avoid,2026-06-29 17:01:14
135564,SBI DEBT FUND SERIES B - 26 (1100 DAYS) - DIRECT PLAN - GROWTH,,SBI Mutual Fund,Debt,IDF,12.5787,23-10-2018,104,0.0,0.0,0.0,0.0,0.0,0.0,0.0,0.0,0.0,,0,0.0,12.5,Avoid,avoid,2026-06-29 17:01:14
135567,Sundaram Select Micro Cap Series IX-Direct Plan Growth,,Sundaram Mutual Fund,Other,Growth,11.2819,05-11-2020,1227,0.0,0.0,0.0,0.0,0.0,0.0,0.0,0.0,0.0,,56.69,0.0,6.6,Avoid,avoid,2026-06-29 17:01:14
135576,UTI FTIF Series XXIII-V (1100 Days) - Direct Plan - Quarterly Div Option,,UTI Mutual Fund,Other,IDF,10.0,25-10-2018,723,0.0,0.0,0.0,0.0,0.0,0.0,0.0,0.0,0.0,,2.84,0.0,12.2,Avoid,avoid,2026-06-29 17:01:14
135577,UTI FTIF Series XXIII-V (1100 Days) - Direct Plan - Annual Div Option,,UTI Mutual Fund,Other,IDF,10.0,25-10-2018,723,0.0,0.0,0.0,0.0,0.0,0.0,0.0,0.0,0.0,,9.02,0.0,11.6,Avoid,avoid,2026-06-29 17:01:14
135580,UTI FTIF Series XXIII-V (1100 Days) - Direct Plan - Growth Option,,UTI Mutual Fund,Other,IDF,12.7077,25-10-2018,723,0.0,0.0,0.0,0.0,0.0,0.0,0.0,0.0,0.0,,0.5,0.0,12.4,Avoid,avoid,2026-06-29 17:01:14
135618,Axis Hybrid Fund - Series 28 - Direct Plan - Growth,,Axis Mutual Fund,Hybrid,Income,13.6898,10-07-2019,877,0.0,0.0,0.0,0.0,0.0,0.0,0.0,0.0,0.0,,10.52,0.0,11.4,Avoid,avoid,2026-06-29 17:01:14
135647,UTI FTIF Series XXIII-VI (1100 Days)- Direct Plan - Growth Option,,UTI Mutual Fund,Other,IDF,12.7274,09-11-2018,724,0.0,0.0,0.0,0.0,0.0,0.0,0.0,0.0,0.0,,0.5,0.0,12.4,Avoid,avoid,2026-06-29 17:01:14
135643,UTI FTIF Series XXIII-VI (1100 Days)- Direct Plan - Maturity Div Option,,UTI Mutual Fund,Other,IDF,10.0005,09-11-2018,724,0.0,0.0,0.0,0.0,0.0,0.0,0.0,0.0,0.0,,21.32,0.0,10.3,Avoid,avoid,2026-06-29 17:01:14
135645,UTI FTIF Series XXIII-VI (1100 Days)- Direct Plan - Quarterly Div Option,,UTI Mutual Fund,Other,IDF,10.0,09-11-2018,724,0.0,0.0,0.0,0.0,0.0,0.0,0.0,0.0,0.0,,2.92,0.0,12.2,Avoid,avoid,2026-06-29 17:01:14
135637,Reliance Fixed Horizon Fund XXIX- Series 14-Direct Plan-Growth Option,,Reliance Mutual Fund,Other,1099 Days,12.6644,29-11-2018,733,0.0,0.0,0.0,0.0,0.0,0.0,0.0,0.0,0.0,,0.42,0.0,12.5,Avoid,avoid,2026-06-29 17:01:14
135670,UTI FTIF Series XXIII-VII (1098 Days) - Direct Plan - Growth Option,,UTI Mutual Fund,Other,IDF,12.6156,29-10-2018,723,0.0,0.0,0.0,0.0,0.0,0.0,0.0,0.0,0.0,,0.42,0.0,12.5,Avoid,avoid,2026-06-29 17:01:14
135689,Indiabulls Savings Income Fund-Direct Plan-Growth Option,,Indiabulls Mutual Fund,Index / ETF,Hybrid Scheme - Conservative Hybrid Fund,17.4154,13-09-2021,1397,0.0,0.0,0.0,0.0,0.0,0.0,0.0,0.51,0.0,,6.41,20.0,14.3,Avoid,avoid,2026-06-29 17:01:16
135698,UTI FTIF Series XXIII-VIII (1100 Days)- Direct Plan - Growth Option,,UTI Mutual Fund,Other,IDF,12.7233,27-11-2018,723,0.0,0.0,0.0,0.0,0.0,0.0,0.0,0.0,0.0,,0.53,0.0,12.4,Avoid,avoid,2026-06-29 17:01:16
135699,UTI FTIF Series XXIII-VIII (1100 Days)- Direct Plan - Quarterly Div Option,,UTI Mutual Fund,Other,IDF,10.0,27-11-2018,723,0.0,0.0,0.0,0.0,0.0,0.0,0.0,0.0,0.0,,3.04,0.0,12.2,Avoid,avoid,2026-06-29 17:01:16
135700,UTI FTIF Series XXIII-VIII (1100 Days)- Direct Plan - Maturity Div Option,,UTI Mutual Fund,Other,IDF,10.0,27-11-2018,723,0.0,0.0,0.0,0.0,0.0,0.0,0.0,0.0,0.0,,21.39,0.0,10.3,Avoid,avoid,2026-06-29 17:01:16
135654,Navi ELSS Tax Saver Fund- Direct Plan- Growth Option,INF959L01CD5,Navi Mutual Fund,ELSS,Equity Scheme - ELSS,32.8119,10-04-2026,2532,0.0,7.42,-6.49,-5.4,-1.5,8.81,12.9,10.13,4.27,0.15,37.77,60.0,23.2,Avoid,avoid,2026-06-29 17:01:15
135601,PGIM India ELSS Tax Saver Fund - Direct Plan - Growth Option,INF663L01FN5,PGIM India Mutual Fund,ELSS,Equity Scheme - ELSS,39.49,25-06-2026,2595,4.66,14.93,-1.62,-3.23,2.73,10.01,13.66,11.84,4.97,0.25,36.67,80.0,29.2,Avoid,avoid,2026-06-29 17:01:14
135682,Sundaram Long Term Tax Advantage Fund Series II Direct Plan - Growth,INF903J011W9,Taurus Mutual Fund,Debt,Money Market,36.3216,23-03-2026,2461,0.0,0.0,-7.17,-4.33,0.95,9.91,13.23,10.96,2.69,0.27,38.08,80.0,29.6,Avoid,avoid,2026-06-29 17:01:15
135677,Navi Large & Midcap Fund- Direct Plan- Growth Option,INF959L01CH6,Navi Mutual Fund,Mid Cap,Equity Scheme - Large & Mid Cap Fund,44.1568,25-06-2026,2599,3.47,18.28,3.0,2.76,4.02,12.14,15.77,13.69,5.57,0.36,38.41,100.0,36.6,Avoid,avoid,2026-06-29 17:01:15
135881,UTI FTIF Series XXIII-X (1100 Days) - Direct Plan - Annual Div Option,,UTI Mutual Fund,Other,IDF,10.0,26-12-2018,724,0.0,0.0,0.0,0.0,0.0,0.0,0.0,0.0,0.0,,9.29,0.0,11.5,Avoid,avoid,2026-06-29 17:01:18
135879,UTI FTIF Series XXIII-X (1100 Days) - Direct Plan - Growth Option,,UTI Mutual Fund,Other,IDF,12.7976,26-12-2018,724,0.0,0.0,0.0,0.0,0.0,0.0,0.0,0.0,0.0,,0.46,0.0,12.5,Avoid,avoid,2026-06-29 17:01:18
135905,SBI DEBT FUND SERIES B - 29 (1200 DAYS) - DIRECT PLAN - GROWTH,,SBI Mutual Fund,Debt,IDF,12.8946,04-04-2019,246,0.0,0.0,0.0,0.0,0.0,0.0,0.0,0.0,0.0,,0.14,0.0,12.5,Avoid,avoid,2026-06-29 17:01:18
135883,UTI FTIF Series XXIII-X (1100 Days) - Direct Plan - Flexi Div Option,,UTI Mutual Fund,Other,IDF,10.0,26-12-2018,724,0.0,0.0,0.0,0.0,0.0,0.0,0.0,0.0,0.0,,21.83,0.0,10.2,Avoid,avoid,2026-06-29 17:01:18
135825,UTI FTIF Series XXIII-IX (1100 Days)- Direct Plan - Maturity Div Option,,UTI Mutual Fund,Other,IDF,10.0,12-12-2018,723,0.0,0.0,0.0,0.0,0.0,0.0,0.0,0.0,0.0,,21.46,0.0,10.3,Avoid,avoid,2026-06-29 17:01:17
135885,Reliance Fixed Horizon Fund XXIX- Series 19- Direct Plan-Growth Option,,Reliance Mutual Fund,Other,IDF,12.9527,09-04-2019,793,0.0,0.0,0.0,0.0,0.0,0.0,0.0,0.0,0.0,,0.49,0.0,12.4,Avoid,avoid,2026-06-29 17:01:18
135824,UTI FTIF Series XXIII-IX (1100 Days)- Direct Plan - Quarterly Div Option,,UTI Mutual Fund,Other,IDF,10.0,12-12-2018,723,0.0,0.0,0.0,0.0,0.0,0.0,0.0,0.0,0.0,,3.31,0.0,12.2,Avoid,avoid,2026-06-29 17:01:17
135827,UTI FTIF Series XXIII-IX (1100 Days)- Direct Plan - Growth Option,,UTI Mutual Fund,Other,IDF,12.7345,12-12-2018,723,0.0,0.0,0.0,0.0,0.0,0.0,0.0,0.0,0.0,,0.44,0.0,12.5,Avoid,avoid,2026-06-29 17:01:17
135866,Reliance Fixed Horizon Fund XXIX- Series 18- Direct Plan-Growth Option,,Reliance Mutual Fund,Other,IDF,12.0769,06-06-2019,822,0.0,0.0,0.0,0.0,0.0,0.0,0.0,0.0,0.0,,10.39,0.0,11.4,Avoid,avoid,2026-06-29 17:01:17
135823,UTI FTIF Series XXIII-IX (1100 Days)- Direct Plan - Annual Div Option,,UTI Mutual Fund,Other,IDF,10.0,12-12-2018,723,0.0,0.0,0.0,0.0,0.0,0.0,0.0,0.0,0.0,,9.09,0.0,11.6,Avoid,avoid,2026-06-29 17:01:17
135880,UTI FTIF Series XXIII-X (1100 Days) - Direct Plan - Quarterly Div Option,,UTI Mutual Fund,Other,IDF,10.0,26-12-2018,724,0.0,0.0,0.0,0.0,0.0,0.0,0.0,0.0,0.0,,3.7,0.0,12.1,Avoid,avoid,2026-06-29 17:01:18
135882,UTI FTIF Series XXIII-X (1100 Days) - Direct Plan - Maturity Div Option,,UTI Mutual Fund,Other,IDF,10.0,26-12-2018,724,0.0,0.0,0.0,0.0,0.0,0.0,0.0,0.0,0.0,,21.83,0.0,10.2,Avoid,avoid,2026-06-29 17:01:18
135942,UTI FTIF Series XXIII-XI (1100 Days)- Direct Plan - Growth Option,,UTI Mutual Fund,Other,IDF,12.6647,26-12-2018,724,0.0,0.0,0.0,0.0,0.0,0.0,0.0,0.0,0.0,,0.47,0.0,12.5,Avoid,avoid,2026-06-29 17:01:19
135924,ICICI Prudential Multiple Yield Fund - Series 10 - 1825 Days Plan B Direct Plan Cumulative Option,,ICICI Prudential Mutual Fund,Other,Income,15.0573,11-01-2021,612,0.0,0.0,0.0,0.0,0.0,0.0,0.0,0.0,0.0,,6.59,0.0,11.8,Avoid,avoid,2026-06-29 17:01:19
135944,UTI FTIF Series XXIII-XI (1100 Days)- Direct Plan - Annual Div Option,,UTI Mutual Fund,Other,IDF,10.0,26-12-2018,724,0.0,0.0,0.0,0.0,0.0,0.0,0.0,0.0,0.0,,8.81,0.0,11.6,Avoid,avoid,2026-06-29 17:01:19
135941,Reliance Fixed Horizon Fund XXIX- Series 20- Direct Plan-Growth Option,,Reliance Mutual Fund,Other,IDF,12.9116,09-04-2019,784,0.0,0.0,0.0,0.0,0.0,0.0,0.0,0.0,0.0,,0.49,0.0,12.4,Avoid,avoid,2026-06-29 17:01:19
135962,UTI Long Term Advantage Fund Series III - Direct Plan - Growth Option,,UTI Mutual Fund,ELSS,ELSS,23.2926,24-09-2021,1353,0.0,0.0,0.0,0.0,0.0,0.0,0.0,1.82,0.0,,47.43,20.0,10.1,Avoid,avoid,2026-06-29 17:01:19
136009,UTI FTIF Series XXIII-XII (1100 Days)- Direct Plan - Quarterly Div Option,,UTI Mutual Fund,Other,IDF,10.0,16-01-2019,725,0.0,0.0,0.0,0.0,0.0,0.0,0.0,0.0,0.0,,3.43,0.0,12.1,Avoid,avoid,2026-06-30 16:09:57
135998,ICICI Prudential Business Cycle Fund - Series 3 Direct Plan Cumulative option,,ICICI Prudential Mutual Fund,Sectoral,Growth,14.19,25-02-2019,160,0.0,0.0,0.0,0.0,0.0,0.0,0.0,0.0,0.0,,11.95,0.0,11.3,Avoid,avoid,2026-06-30 16:09:57
136000,Reliance Fixed Horizon Fund XXX- Series 1 -Direct Plan- Growth Option,,Reliance Mutual Fund,Other,IDF,12.8829,09-04-2019,779,0.0,0.0,0.0,0.0,0.0,0.0,0.0,0.0,0.0,,0.49,0.0,12.4,Avoid,avoid,2026-06-30 16:09:57
136008,UTI FTIF Series XXIII-XII (1100 Days)- Direct Plan - Annual Div Option,,UTI Mutual Fund,Other,IDF,10.0,16-01-2019,725,0.0,0.0,0.0,0.0,0.0,0.0,0.0,0.0,0.0,,9.25,0.0,11.5,Avoid,avoid,2026-06-30 16:09:57
136012,UTI FTIF Series XXIII-XII (1100 Days)- Direct Plan - Maturity Div Option,,UTI Mutual Fund,Other,IDF,10.0,16-01-2019,725,0.0,0.0,0.0,0.0,0.0,0.0,0.0,0.0,0.0,,21.74,0.0,10.2,Avoid,avoid,2026-06-29 17:01:38
136011,UTI FTIF Series XXIII-XII (1100 Days)- Direct Plan - Growth Option,,UTI Mutual Fund,Other,IDF,12.7793,16-01-2019,725,0.0,0.0,0.0,0.0,0.0,0.0,0.0,0.0,0.0,,0.47,0.0,12.5,Avoid,avoid,2026-06-30 16:09:57
136031,Reliance Fixed Horizon Fund XXX- Series 2 -Direct Plan- Growth Option,,Reliance Mutual Fund,Other,IDF,12.8816,09-04-2019,773,0.0,0.0,0.0,0.0,0.0,0.0,0.0,0.0,0.0,,0.49,0.0,12.4,Avoid,avoid,2026-06-29 17:01:38
136058,Reliance Fixed Horizon Fund XXX-Series 3- Direct Plan-Growth Option,,Reliance Mutual Fund,Other,IDF,13.5631,10-06-2019,805,0.0,0.0,0.0,0.0,0.0,0.0,0.0,0.0,0.0,,10.26,0.0,11.4,Avoid,avoid,2026-06-29 17:01:38
136033,Axis Hybrid Fund Series - 29 (1275 Days) Direct Growth,,Axis Mutual Fund,Hybrid,Income,14.3126,29-07-2019,840,0.0,0.0,0.0,0.0,0.0,0.0,0.0,0.0,0.0,,10.89,0.0,11.4,Avoid,avoid,2026-06-29 17:01:38
136088,Sundaram Value Fund Series  Direct Plan Growth,,Sundaram Mutual Fund,Thematic,Growth,21.2267,05-02-2021,1229,0.0,0.0,0.0,0.0,0.0,0.0,0.0,0.0,0.0,,36.58,0.0,8.7,Avoid,avoid,2026-06-29 17:01:39
136097,UTI FTIF Series XXIII-XIII (1100 Days)- Direct Plan - Maturity Div Option,,UTI Mutual Fund,Other,IDF,10.0,01-02-2019,725,0.0,0.0,0.0,0.0,0.0,0.0,0.0,0.0,0.0,,21.98,0.0,10.2,Avoid,avoid,2026-06-29 17:01:38
136101,UTI FTIF Series XXIII-XIII (1100 Days)- Direct Plan - Annual Div Option,,UTI Mutual Fund,Other,IDF,10.0,01-02-2019,725,0.0,0.0,0.0,0.0,0.0,0.0,0.0,0.0,0.0,,9.13,0.0,11.5,Avoid,avoid,2026-06-29 17:01:39
136096,UTI FTIF Series XXIII-XIII (1100 Days)- Direct Plan - Growth Option,,UTI Mutual Fund,Other,IDF,12.8227,01-02-2019,725,0.0,0.0,0.0,0.0,0.0,0.0,0.0,0.0,0.0,,0.46,0.0,12.5,Avoid,avoid,2026-06-29 17:01:39
135813,Tata Resources & Energy Fund-Direct Plan-Growth,INF277K015B9,Tata Mutual Fund,Sectoral,Equity Scheme - Sectoral/ Thematic,57.0551,25-06-2026,2584,-2.81,11.74,6.2,6.7,5.84,18.25,20.21,14.75,5.15,0.76,33.22,80.0,49.6,Avoid,avoid,2026-06-29 17:01:24
135810,Tata India Pharma & Healthcare Fund-Direct Plan-Growth,INF277K019A3,Tata Mutual Fund,Sectoral,Equity Scheme - Sectoral/ Thematic,37.7357,25-06-2026,2584,2.6,14.28,7.02,8.59,12.12,22.29,21.85,14.91,3.79,1.02,19.84,80.0,60.8,Watch,watch,2026-06-29 17:01:24
135916,BANDHAN Corporate Bond Fund - Direct Growth,INF194KA1M23,Bandhan Mutual Fund,Debt,Debt Scheme - Corporate Bond Fund,21.0392,25-06-2026,2535,1.76,2.5,3.36,5.94,7.75,7.52,7.28,6.32,0.48,0.53,3.47,100.0,31.9,Avoid,avoid,2026-06-29 17:01:24
136007,SBI Long Term Advantage Fund - Series III - Direct Plan - Growth,INF200KA1HN8,SBI Mutual Fund,ELSS,ELSS,42.7322,30-03-2026,1912,0.0,0.0,-5.54,-9.78,-4.08,10.09,14.33,13.47,2.03,0.22,35.72,80.0,32.6,Avoid,avoid,2026-06-30 16:09:57
136094,HDFC Retirement Savings Fund - Equity Plan - Growth Option - Direct Plan,INF179KB1MF0,HDFC Mutual Fund,Other,Solution Oriented Scheme - Retirement Fund,55.682,25-06-2026,2542,3.28,9.16,-4.7,-4.46,1.11,12.25,17.22,14.6,4.27,0.42,34.89,80.0,37.3,Avoid,avoid,2026-06-29 17:01:39
136107,HDFC DAF - II - 1160D January 2016 - Direct Option - Growth Option,,HDFC Mutual Fund,Other,Income,12.9887,08-04-2019,766,0.0,0.0,0.0,0.0,0.0,0.0,0.0,0.0,0.0,,1.1,0.0,12.4,Avoid,avoid,2026-06-29 17:01:39
136102,UTI FTIF Series XXIII-XIII (1100 Days)- Direct Plan - Quarterly Div Option,,UTI Mutual Fund,Other,IDF,10.0,01-02-2019,725,0.0,0.0,0.0,0.0,0.0,0.0,0.0,0.0,0.0,,3.67,0.0,12.1,Avoid,avoid,2026-06-29 17:01:38
136142,SBI DEBT FUND SERIES B - 31 (1200 DAYS) - DIRECT PLAN - GROWTH,,SBI Mutual Fund,Debt,IDF,12.8656,22-05-2019,287,0.0,0.0,0.0,0.0,0.0,0.0,0.0,0.0,0.0,,0.18,0.0,12.5,Avoid,avoid,2026-06-29 17:01:39
136181,ICICI Prudential India Recovery Fund - Series 4 Direct Plan Cumulative Option,,ICICI Prudential Mutual Fund,Other,Growth,17.28,27-02-2019,162,0.0,0.0,0.0,0.0,0.0,0.0,0.0,0.0,0.0,,7.85,0.0,11.7,Avoid,avoid,2026-06-29 17:01:39
136233,Reliance Fixed Horizon Fund XXX- Series 6- Direct Plan-Growth Option,,Reliance Mutual Fund,Other,IDF,12.8305,15-04-2019,757,0.0,0.0,0.0,0.0,0.0,0.0,0.0,0.0,0.0,,0.54,0.0,12.4,Avoid,avoid,2026-06-29 17:01:39
136201,UTI FTIF Series XXIII-XIV (1145 Days)- Direct Plan - Maturity Div Option,,UTI Mutual Fund,Other,IDF,10.0,03-04-2019,753,0.0,0.0,0.0,0.0,0.0,0.0,0.0,0.0,0.0,,22.35,0.0,10.2,Avoid,avoid,2026-06-29 17:01:39
136127,Reliance Fixed Horizon Fund XXX- Series 4 -Direct Plan- Growth Option,,Reliance Mutual Fund,Other,IDF,12.8503,09-04-2019,765,0.0,0.0,0.0,0.0,0.0,0.0,0.0,0.0,0.0,,0.5,0.0,12.4,Avoid,avoid,2026-06-29 17:01:39
136131,Axis Hybrid Fund Series-30 (1297 Days) Direct Growth,,Axis Mutual Fund,Hybrid,Income,14.9706,30-08-2019,855,0.0,0.0,0.0,0.0,0.0,0.0,0.0,0.0,0.0,,11.35,0.0,11.3,Avoid,avoid,2026-06-29 17:01:39
136199,UTI FTIF Series XXIII-XIV (1145 Days)- Direct Plan - Growth Option,,UTI Mutual Fund,Other,IDF,12.8865,03-04-2019,753,0.0,0.0,0.0,0.0,0.0,0.0,0.0,0.0,0.0,,0.49,0.0,12.4,Avoid,avoid,2026-06-29 17:01:39
136200,UTI FTIF Series XXIII-XIV (1145 Days)- Direct Plan - Annual Div Option,,UTI Mutual Fund,Other,IDF,10.0,03-04-2019,753,0.0,0.0,0.0,0.0,0.0,0.0,0.0,0.0,0.0,,9.19,0.0,11.5,Avoid,avoid,2026-06-29 17:01:39
136202,UTI FTIF Series XXIII-XIV (1145 Days)- Direct Plan - Flexi Div Option,,UTI Mutual Fund,Other,IDF,10.0,03-04-2019,753,0.0,0.0,0.0,0.0,0.0,0.0,0.0,0.0,0.0,,22.36,0.0,10.2,Avoid,avoid,2026-06-29 17:01:39
136172,Reliance Fixed Horizon Fund XXX- Series 5- Direct Plan- Growth Option,,Reliance Mutual Fund,Other,IDF,12.8444,09-04-2019,758,0.0,0.0,0.0,0.0,0.0,0.0,0.0,0.0,0.0,,0.52,0.0,12.4,Avoid,avoid,2026-06-29 17:01:39
136196,Aditya Birla Sun Life Emerging Leaders Fund - Series 7 - Direct Plan-Growth,,Aditya Birla Sun Life Mutual Fund,Other,Growth,10.56,26-08-2019,858,0.0,0.0,0.0,0.0,0.0,0.0,0.0,0.0,0.0,,41.19,0.0,8.2,Avoid,avoid,2026-06-29 17:01:39
136205,UTI FTIF Series XXIII-XIV (1145 Days)- Direct Plan - Quarterly Div Option,,UTI Mutual Fund,Other,IDF,10.0,03-04-2019,753,0.0,0.0,0.0,0.0,0.0,0.0,0.0,0.0,0.0,,4.07,0.0,12.1,Avoid,avoid,2026-06-29 17:01:39
136213,UTI FTIF Series XXIII-XV (1176 Days)- Direct Plan - Growth Option,,UTI Mutual Fund,Other,IDF,12.8778,25-04-2019,774,0.0,0.0,0.0,0.0,0.0,0.0,0.0,0.0,0.0,,0.51,0.0,12.4,Avoid,avoid,2026-06-29 17:01:39
136311,Reliance Fixed Horizon Fund XXX- Series 7- Direct Plan-Growth Option,,Reliance Mutual Fund,Other,IDF,12.8299,15-04-2019,753,0.0,0.0,0.0,0.0,0.0,0.0,0.0,0.0,0.0,,0.53,0.0,12.4,Avoid,avoid,2026-06-29 17:01:39
136315,Reliance Fixed Horizon Fund XXX- Series 8- Direct Plan- Growth Option,,Reliance Mutual Fund,Other,IDF,12.6914,06-06-2019,784,0.0,0.0,0.0,0.0,0.0,0.0,0.0,0.0,0.0,,7.19,0.0,11.8,Avoid,avoid,2026-06-29 17:01:39
136329,Reliance Fixed Horizon Fund XXX- Series 9- Direct Plan-Growth Option,,Reliance Mutual Fund,Other,1099 Days,10.2129,26-05-2016,54,0.0,0.0,0.0,0.0,0.0,0.0,0.0,0.0,0.0,,0,0.0,12.5,Avoid,avoid,2026-06-29 17:01:39
136349,UTI FTIF Series XXIV-II (1142 Days)- Direct Plan - Growth Option,,UTI Mutual Fund,Other,IDF,12.9333,16-04-2019,752,0.0,0.0,0.0,0.0,0.0,0.0,0.0,0.0,0.0,,0.49,0.0,12.4,Avoid,avoid,2026-06-29 17:01:39
136344,SUNDARAM HYBRID FUND - SERIES O - DIRECT PLAN - GROWTH OPTION,,Sundaram Mutual Fund,Hybrid,IDF,12.8766,30-09-2019,859,0.0,0.0,0.0,0.0,0.0,0.0,0.0,0.0,0.0,,2.58,0.0,12.2,Avoid,avoid,2026-06-29 17:01:39
136453,Reliance Fixed Horizon Fund XXX- Series 12- Direct Plan-Growth Option,,Reliance Mutual Fund,Other,IDF,12.7571,15-04-2019,746,0.0,0.0,0.0,0.0,0.0,0.0,0.0,0.0,0.0,,0.52,0.0,12.4,Avoid,avoid,2026-06-29 17:01:40
136476,SBI DEBT FUND SERIES B - 34 (1131 DAYS) - DIRECT PLAN - GROWTH,,SBI Mutual Fund,Debt,IDF,12.6702,15-04-2019,255,0.0,0.0,0.0,0.0,0.0,0.0,0.0,0.0,0.0,,0.17,0.0,12.5,Avoid,avoid,2026-06-29 17:01:40
136488,UTI FTIF Series XXIV-V (1132 Days)- Direct Plan - Growth Option,,UTI Mutual Fund,Other,IDF,12.7916,22-04-2019,744,0.0,0.0,0.0,0.0,0.0,0.0,0.0,0.0,0.0,,0.49,0.0,12.4,Avoid,avoid,2026-06-29 17:01:40
136438,Reliance Fixed Horizon Fund XXX- Series 10- Direct Plan-Growth Option,,Reliance Mutual Fund,Other,IDF,12.8041,15-04-2019,749,0.0,0.0,0.0,0.0,0.0,0.0,0.0,0.0,0.0,,0.53,0.0,12.4,Avoid,avoid,2026-06-29 17:01:39
136432,SBI DEBT FUND SERIES B - 33 (1131 DAYS) - DIRECT PLAN - GROWTH,,SBI Mutual Fund,Debt,IDF,12.6926,05-04-2019,247,0.0,0.0,0.0,0.0,0.0,0.0,0.0,0.0,0.0,,0.18,0.0,12.5,Avoid,avoid,2026-06-29 17:01:39
136452,Reliance Fixed Horizon Fund XXX- Series 11- Direct Plan-Growth Option,,Reliance Mutual Fund,Other,IDF,12.656,06-06-2019,769,0.0,0.0,0.0,0.0,0.0,0.0,0.0,0.0,0.0,,7.23,0.0,11.7,Avoid,avoid,2026-06-29 17:01:40
136347,UTI FTIF Series XXIV-II (1142 Days)- Direct Plan - Maturity Div Option,,UTI Mutual Fund,Other,IDF,10.0,16-04-2019,752,0.0,0.0,0.0,0.0,0.0,0.0,0.0,0.0,0.0,,22.66,0.0,10.1,Avoid,avoid,2026-06-29 17:01:39
136489,UTI FTIF Series XXIV-V (1132 Days)- Direct Plan - Quarterly Div Option,,UTI Mutual Fund,Other,IDF,10.0,22-04-2019,744,0.0,0.0,0.0,0.0,0.0,0.0,0.0,0.0,0.0,,3.8,0.0,12.1,Avoid,avoid,2026-06-29 17:01:40
136495,UTI FTIF Series XXIV-V (1132 Days)- Direct Plan - Maturity Div Option,,UTI Mutual Fund,Other,IDF,10.0,22-04-2019,744,0.0,0.0,0.0,0.0,0.0,0.0,0.0,0.0,0.0,,21.76,0.0,10.2,Avoid,avoid,2026-06-29 17:01:40
136499,UTI FTIF Series XXIV-VI (1181 Days)- Direct Plan - Growth Option,,UTI Mutual Fund,Other,IDF,12.9141,27-05-2019,777,0.0,0.0,0.0,0.0,0.0,0.0,0.0,0.0,0.0,,0.52,0.0,12.4,Avoid,avoid,2026-06-29 17:01:40
136510,Reliance Fixed Horizon Fund XXX- Series 13 -Direct Plan- Growth Option,,Reliance Mutual Fund,Other,IDF,12.7301,15-04-2019,740,0.0,0.0,0.0,0.0,0.0,0.0,0.0,0.0,0.0,,0.53,0.0,12.4,Avoid,avoid,2026-06-29 17:01:40
136542,SUNDARAM HYBRID SERIES P DIRECT PLAN GROWTH,,Sundaram Mutual Fund,Hybrid,IDF,12.9186,22-10-2019,857,0.0,0.0,0.0,0.0,0.0,0.0,0.0,0.0,0.0,,2.55,0.0,12.2,Avoid,avoid,2026-06-29 17:01:40
138244,UTI FTIF Series XXIV-VII (1182 Days)- Direct Plan - Growth Option,,UTI Mutual Fund,Other,IDF,12.8966,04-06-2019,777,0.0,0.0,0.0,0.0,0.0,0.0,0.0,0.0,0.0,,0.53,0.0,12.4,Avoid,avoid,2026-06-29 17:01:41
138224,Reliance Fixed Horizon Fund XXX- Series 14 -Direct Plan- Growth Option,,Reliance Mutual Fund,Other,IDF,12.1186,06-06-2019,767,0.0,0.0,0.0,0.0,0.0,0.0,0.0,0.0,0.0,,9.43,0.0,11.5,Avoid,avoid,2026-06-29 17:01:40
136548,SBI DEBT FUND SERIES B - 35 (1131 DAYS) - DIRECT PLAN - GROWTH,,SBI Mutual Fund,Debt,IDF,12.6777,22-04-2019,261,0.0,0.0,0.0,0.0,0.0,0.0,0.0,0.0,0.0,,0.17,0.0,12.5,Avoid,avoid,2026-06-29 17:01:40
136544,SUNDARAM HYBRID SERIES P DIRECT  PLAN  HALF YEARLY DIVIDEDN,,Sundaram Mutual Fund,Hybrid,IDF,11.518,22-10-2019,857,0.0,0.0,0.0,0.0,0.0,0.0,0.0,0.0,0.0,,4.32,0.0,12.1,Avoid,avoid,2026-06-29 17:01:40
138270,PGIM India Short Duration Fund - Direct Plan - Growth,,PGIM India Mutual Fund,Debt,Debt Scheme - Short Duration Fund,42.8534,29-09-2023,1832,0.0,0.0,0.0,0.0,0.0,0.45,1.98,2.17,0.0,-16.37,36.31,60.0,13.0,Avoid,avoid,2026-06-29 17:01:41
138394,DHFL Pramerica Tax Plan - Direct Plan - Growth,,DHFL Pramerica Mutual Fund,ELSS,Equity Scheme - ELSS,33.48,28-07-2019,836,0.0,0.0,0.0,0.0,0.0,0.0,0.0,0.0,0.0,,14.83,0.0,11.0,Avoid,avoid,2026-06-29 17:01:47
138443,PGIM India Low Duration Fund - Direct Plan - Growth,,PGIM India Mutual Fund,Debt,Debt Scheme - Low Duration Fund,27.941,29-09-2023,1832,0.0,0.0,0.0,0.0,0.0,0.56,2.09,2.41,0.0,-13.56,19.28,60.0,14.4,Avoid,avoid,2026-06-29 17:01:47
136465,HDFC Retirement Savings Fund - Hybrid-Debt Plan - Growth Option - Direct Plan,INF179KB1MJ2,HDFC Mutual Fund,Debt,Solution Oriented Scheme - Retirement Fund,24.8545,25-06-2026,2497,1.88,3.71,-0.03,1.79,4.84,7.79,9.06,7.74,1.43,0.21,7.84,100.0,28.3,Avoid,avoid,2026-06-29 17:01:45
136464,HDFC Retirement Savings Fund - Hybrid-Equity Plan - Growth Option - Direct Plan,INF179KB1MH6,HDFC Mutual Fund,Hybrid,Solution Oriented Scheme - Retirement Fund,42.705,25-06-2026,2542,2.49,7.11,-4.74,-4.04,1.58,9.82,13.5,11.01,3.52,0.28,27.5,80.0,30.0,Avoid,avoid,2026-06-29 17:01:43
136567,DSP Equity Savings Fund - Direct Plan - Growth,INF740KA1504,DSP Mutual Fund,Hybrid,Hybrid Scheme - Equity Savings,25.228,25-06-2026,2525,1.76,3.16,0.78,3.12,6.43,9.37,10.03,8.63,1.01,0.66,18.89,100.0,34.3,Avoid,avoid,2026-06-29 17:01:45
138312,PGIM India Large Cap Fund - Direct Plan - Growth,INF663L01GR4,PGIM India Mutual Fund,Large Cap,Equity Scheme - Large Cap Fund,396.28,25-06-2026,2537,2.76,10.75,-4.61,-3.58,1.75,8.9,12.67,8.89,4.46,0.19,37.38,60.0,22.4,Avoid,avoid,2026-06-29 17:01:46
138456,PGIM India Emerging Markets Equity Fund of Fund - Direct Plan - Growth,INF223J01NL0,PGIM India Mutual Fund,International,Other Scheme - FoF Overseas,28.23,25-06-2026,2495,-2.45,24.97,35.66,50.24,31.28,30.58,19.79,4.6,7.8,1.04,48.91,60.0,64.4,Watch,watch,2026-06-29 17:01:48
138358,PGIM India Ultra Short Duration Fund - Direct Plan - Growth,INF223J01QO7,PGIM India Mutual Fund,Debt,Debt Scheme - Ultra Short Duration Fund,37.8203,25-06-2026,2492,0.8,1.75,3.05,6.15,6.92,7.06,6.96,6.32,0.14,0.61,30.29,100.0,29.9,Avoid,avoid,2026-06-29 17:01:46
138330,PGIM India Corporate Bond Fund - Direct Plan - Growth,INF223J01OO2,PGIM India Mutual Fund,Debt,Debt Scheme - Corporate Bond Fund,50.785,25-06-2026,2491,1.58,2.31,2.53,5.33,7.53,7.39,7.22,6.49,0.54,0.37,3.14,100.0,30.1,Avoid,avoid,2026-06-29 17:01:46
138386,PGIM India Aggressive Hybrid Equity Fund - Direct Plan - Growth,INF663L01GX2,PGIM India Mutual Fund,Hybrid,Hybrid Scheme - Aggressive Hybrid Fund,156.1,25-06-2026,2536,2.55,11.26,-0.73,-0.55,4.21,10.12,13.13,8.83,3.56,0.3,31.22,60.0,26.1,Avoid,avoid,2026-06-29 17:01:52
138376,PGIM India Equity Savings Fund - Direct Plan - Growth,INF223J01QD0,PGIM India Mutual Fund,Hybrid,Hybrid Scheme - Equity Savings,57.7059,25-06-2026,2536,1.67,3.48,0.96,3.3,5.35,6.87,7.29,6.76,1.18,0.02,16.24,100.0,24.9,Avoid,avoid,2026-06-29 17:01:52
138299,PGIM India Liquid Fund - Direct Plan - Growth,INF223J01NS5,PGIM India Mutual Fund,Debt,Debt Scheme - Liquid Fund,365.8134,28-06-2026,3284,0.6,1.8,3.34,6.37,6.84,7.01,6.89,6.24,0.07,0.87,0.15,100.0,34.6,Avoid,avoid,2026-06-29 17:01:46
139017,DHFL Pramerica Large Cap Fund - Series 3 - Direct Plan - Growth,,DHFL Pramerica Mutual Fund,Large Cap,Payout,12.8972,29-10-2018,652,0.0,0.0,0.0,0.0,0.0,0.0,0.0,0.0,0.0,,13.12,0.0,11.1,Avoid,avoid,2026-06-29 17:01:48
139129,HDFC DAF - II - 1099D March 2016 - Direct Option - Growth Option,,HDFC Mutual Fund,Other,Income,12.6017,15-04-2019,729,0.0,0.0,0.0,0.0,0.0,0.0,0.0,0.0,0.0,,1.03,0.0,12.4,Avoid,avoid,2026-06-29 17:01:48
138986,DHFL Pramerica Large Cap Fund - Series 1 - Direct Plan - Growth,,DHFL Pramerica Mutual Fund,Large Cap,Payout,12.5992,24-09-2018,629,0.0,0.0,0.0,0.0,0.0,0.0,0.0,0.0,0.0,,18.78,0.0,10.5,Avoid,avoid,2026-06-29 17:01:47
138509,DHFL Pramerica Floating Rate Fund - Direct Plan - Growth,,DHFL Pramerica Mutual Fund,Debt,Debt Scheme - Floater Fund,10.9731,22-06-2019,795,0.0,0.0,0.0,0.0,0.0,0.0,0.0,0.0,0.0,,48.43,0.0,7.5,Avoid,avoid,2026-06-29 17:01:47
138693,DHFL Pramerica Medium Term Fund- Direct Plan- Growth,,DHFL Pramerica Mutual Fund,Debt,Debt Scheme - Medium Duration Fund,7.5528,22-06-2019,795,0.0,0.0,0.0,0.0,0.0,0.0,0.0,0.0,0.0,,54.64,0.0,6.8,Avoid,avoid,2026-06-29 17:01:47
138464,DHFL Pramerica Hybrid Debt Fund - Direct Plan - Growth,,DHFL Pramerica Mutual Fund,Debt,Hybrid Scheme - Conservative Hybrid Fund,24.7078,28-07-2019,820,0.0,0.0,0.0,0.0,0.0,0.0,0.0,0.0,0.0,,2.9,0.0,12.2,Avoid,avoid,2026-06-29 17:01:47
138950,DHFL Pramerica Mid Cap Fund - Series 1 - Direct Plan - Growth,,DHFL Pramerica Mutual Fund,Mid Cap,Payout,18.4641,18-12-2017,440,0.0,0.0,0.0,0.0,0.0,0.0,0.0,0.0,0.0,,15.56,0.0,10.9,Avoid,avoid,2026-06-29 17:01:47
138564,PGIM India Banking and PSU Debt fund- Direct Plan-Growth,,PGIM India Mutual Fund,Debt,Debt Scheme - Banking and PSU Fund,22.3443,29-09-2023,1832,0.0,0.0,0.0,0.0,0.0,0.48,1.91,2.2,0.0,-16.0,3.11,60.0,15.7,Avoid,avoid,2026-06-29 17:01:47
138659,DHFL Pramerica Strategic Debt Fund - Direct Plan - Growth,,DHFL Pramerica Mutual Fund,Debt,Direct,13.8057,09-10-2018,626,0.0,0.0,0.0,0.0,0.0,0.0,0.0,0.0,0.0,,1.32,0.0,12.4,Avoid,avoid,2026-06-29 17:01:47
139096,Sundaram CPOF 5 YRS SR 8 Direct Plan - Growth,,Sundaram Mutual Fund,Other,IDF,14.2628,06-04-2021,1209,0.0,0.0,0.0,0.0,0.0,0.0,0.0,0.0,0.0,,8.62,0.0,11.6,Avoid,avoid,2026-06-29 17:01:48
138991,PGIM India Large Cap Fund - Series 2 - Direct Plan - Growth,,PGIM India Mutual Fund,Large Cap,Growth,10.3059,07-04-2020,1004,0.0,0.0,0.0,0.0,0.0,0.0,0.0,0.0,0.0,,33.89,0.0,9.0,Avoid,avoid,2026-06-29 17:01:48
138898,PGIM India Credit Risk Fund - Direct Plan - Growth,,PGIM India Mutual Fund,Debt,Debt Scheme - Credit Risk Fund,16.8236,21-01-2022,1424,0.0,0.0,0.0,0.0,0.0,0.0,0.0,1.06,0.0,,8.5,20.0,14.1,Avoid,avoid,2026-06-29 17:01:47
139145,Reliance Fixed Horizon Fund XXX- Series 17- Direct Plan-Growth Option,,Reliance Mutual Fund,Other,IDF,12.6742,15-04-2019,734,0.0,0.0,0.0,0.0,0.0,0.0,0.0,0.0,0.0,,0.53,0.0,12.4,Avoid,avoid,2026-06-29 17:01:48
139207,UTI FTIF Series XXIV-X (1118 Days)- Direct Plan - Quarterly Div Option,,UTI Mutual Fund,Other,IDF,10.0,22-04-2019,738,0.0,0.0,0.0,0.0,0.0,0.0,0.0,0.0,0.0,,3.73,0.0,12.1,Avoid,avoid,2026-06-29 17:01:48
139206,UTI FTIF Series XXIV-VIII (1184 Days) - Direct Plan - Maturity Div Option,,UTI Mutual Fund,Other,IDF,10.0,13-06-2019,779,0.0,0.0,0.0,0.0,0.0,0.0,0.0,0.0,0.0,,22.34,0.0,10.2,Avoid,avoid,2026-06-29 17:01:48
139211,UTI FTIF Series XXIV-X (1118 Days)- Direct Plan - Maturity Div Option,,UTI Mutual Fund,Other,IDF,10.0,22-04-2019,738,0.0,0.0,0.0,0.0,0.0,0.0,0.0,0.0,0.0,,21.62,0.0,10.2,Avoid,avoid,2026-06-29 17:01:48
139233,UTI FTIF Series XXIV-IX (1183 Days)- Direct Plan - Growth Option,,UTI Mutual Fund,Other,IDF,12.8494,25-06-2019,781,0.0,0.0,0.0,0.0,0.0,0.0,0.0,0.0,0.0,,0.53,0.0,12.4,Avoid,avoid,2026-06-29 17:01:48
139169,UTI FTIF Series XXIV-VIII (1184 Days)- Direct Plan - Growth Option,,UTI Mutual Fund,Other,IDF,12.8786,13-06-2019,779,0.0,0.0,0.0,0.0,0.0,0.0,0.0,0.0,0.0,,0.53,0.0,12.4,Avoid,avoid,2026-06-29 17:01:48
139247,Reliance Fixed Horizon Fund XXX- Series 18- Direct Plan-Growth Option,,Reliance Mutual Fund,Other,IDF,12.4432,06-06-2019,750,0.0,0.0,0.0,0.0,0.0,0.0,0.0,0.0,0.0,,6.47,0.0,11.8,Avoid,avoid,2026-06-29 17:01:48
139216,UTI FTIF Series XXIV-X (1118 Days) - Direct Plan - Annual Div Option,,UTI Mutual Fund,Other,IDF,10.0,22-04-2019,738,0.0,0.0,0.0,0.0,0.0,0.0,0.0,0.0,0.0,,8.81,0.0,11.6,Avoid,avoid,2026-06-29 17:01:48
139210,UTI FTIF Series XXIV-X (1118 Days)- Direct Plan - Growth Option,,UTI Mutual Fund,Other,IDF,12.7697,22-04-2019,738,0.0,0.0,0.0,0.0,0.0,0.0,0.0,0.0,0.0,,0.5,0.0,12.4,Avoid,avoid,2026-06-29 17:01:48
139227,SBI DEBT FUND SERIES B - 36 (1131 DAYS) - DIRECT PLAN - GROWTH,,SBI Mutual Fund,Debt,IDF,12.6425,06-05-2019,273,0.0,0.0,0.0,0.0,0.0,0.0,0.0,0.0,0.0,,0.15,0.0,12.5,Avoid,avoid,2026-06-29 17:01:48
139219,Principal Arbitrage Fund - Direct Plan- Monthly Income Distribution CUM Capital Withdrawal,,Principal Mutual Fund,Hybrid,Hybrid Scheme - Arbitrage Fund,10.5142,30-12-2021,1402,0.0,0.0,0.0,0.0,0.0,0.0,0.0,0.22,0.0,,6.68,20.0,14.3,Avoid,avoid,2026-06-29 17:01:48
139221,Principal Arbitrage Fund - Direct Plan - Growth,,Principal Mutual Fund,Hybrid,Hybrid Scheme - Arbitrage Fund,12.1581,30-12-2021,1402,0.0,0.0,0.0,0.0,0.0,0.0,0.0,0.22,0.0,,5.28,20.0,14.4,Avoid,avoid,2026-06-29 17:01:48
138472,PGIM India Gilt Fund - Direct Plan - Growth,INF223J01ND7,PGIM India Mutual Fund,Debt,Debt Scheme - Gilt Fund,33.4879,25-06-2026,2491,2.11,3.64,1.88,2.52,5.58,6.69,6.83,5.95,1.22,-0.02,3.16,100.0,25.3,Avoid,avoid,2026-06-29 17:01:52
139257,JM Liquid Fund Unclaimed Redemption (Direct) Growth Plan,,JM Financial Mutual Fund,Debt,Debt Scheme - Liquid Fund,57.823,24-01-2022,1755,0.0,0.0,0.0,0.0,0.0,0.0,0.0,0.39,0.0,,0.09,20.0,15.0,Avoid,avoid,2026-06-29 17:01:48
139264,ICICI Prudential India Recovery Fund - Series 5 Direct Plan Cumulative Option,,ICICI Prudential Mutual Fund,Other,Growth,14.28,15-05-2019,211,0.0,0.0,0.0,0.0,0.0,0.0,0.0,0.0,0.0,,11.98,0.0,11.3,Avoid,avoid,2026-06-29 17:01:49
139259,JM Liquid Fund Unclaimed Redemption IEF (Direct) Growth Plan,,JM Financial Mutual Fund,Debt,Debt Scheme - Liquid Fund,41.4437,24-01-2022,1755,0.0,0.0,0.0,0.0,0.0,0.0,0.0,0.0,0.0,,0.0,0.0,12.5,Avoid,avoid,2026-06-29 17:01:49
139277,UTI FTIF Series XXIV-XI (1098 Days)- Direct Plan - Annual Div Option,,UTI Mutual Fund,Other,IDF,10.0031,25-04-2019,727,0.0,0.0,0.0,0.0,0.0,0.0,0.0,0.0,0.0,,8.61,0.0,11.6,Avoid,avoid,2026-06-29 17:01:49
139273,UTI FTIF Series XXIV-XI (1098 Days)- Direct Plan - Growth Option,,UTI Mutual Fund,Other,IDF,12.5433,25-04-2019,727,0.0,0.0,0.0,0.0,0.0,0.0,0.0,0.0,0.0,,0.83,0.0,12.4,Avoid,avoid,2026-06-29 17:01:49
139267,Reliance Fixed Horizon Fund XXX- Series 19- Direct Plan-Growth Option,,Reliance Mutual Fund,Other,IDF,12.6621,30-05-2019,748,0.0,0.0,0.0,0.0,0.0,0.0,0.0,0.0,0.0,,0.51,0.0,12.4,Avoid,avoid,2026-06-29 17:01:49
139274,UTI FTIF Series XXIV-XI (1098 Days)- Direct Plan - Maturity Div Option,,UTI Mutual Fund,Other,IDF,10.0,25-04-2019,727,0.0,0.0,0.0,0.0,0.0,0.0,0.0,0.0,0.0,,20.26,0.0,10.4,Avoid,avoid,2026-06-29 17:01:49
139310,HDFC DAF - II - 1111D April 2016 - Direct Option - Growth option,,HDFC Mutual Fund,Other,Income,12.5363,27-05-2019,735,0.0,0.0,0.0,0.0,0.0,0.0,0.0,0.0,0.0,,1.0,0.0,12.4,Avoid,avoid,2026-06-29 17:01:49
139276,UTI FTIF Series XXIV-XI (1098 Days)- Direct Plan - Quarterly Div Option,,UTI Mutual Fund,Other,IDF,10.0091,25-04-2019,727,0.0,0.0,0.0,0.0,0.0,0.0,0.0,0.0,0.0,,4.19,0.0,12.1,Avoid,avoid,2026-06-29 17:01:49
139317,UTI FTIF Series XXIV-XII (1099 Days)- Direct Plan - Growth Option,,UTI Mutual Fund,Other,IDF,12.5715,14-05-2019,725,0.0,0.0,0.0,0.0,0.0,0.0,0.0,0.0,0.0,,0.55,0.0,12.4,Avoid,avoid,2026-06-29 17:01:49
139318,UTI FTIF Series XXIV-XII (1099 Days)- Direct Plan - Annual Div Option,,UTI Mutual Fund,Other,IDF,10.0,14-05-2019,725,0.0,0.0,0.0,0.0,0.0,0.0,0.0,0.0,0.0,,8.31,0.0,11.6,Avoid,avoid,2026-06-29 17:01:49
139320,UTI FTIF Series XXIV-XII (1099 Days)- Direct Plan - Maturity Div Option,,UTI Mutual Fund,Other,IDF,10.0,14-05-2019,725,0.0,0.0,0.0,0.0,0.0,0.0,0.0,0.0,0.0,,20.45,0.0,10.4,Avoid,avoid,2026-06-29 17:01:50
139347,Reliance Fixed Horizon Fund XXX- Series 20- Direct Plan-Growth Option,,Reliance Mutual Fund,Other,IDF,13.1824,11-06-2019,726,0.0,0.0,0.0,0.0,0.0,0.0,0.0,0.0,0.0,,0.55,0.0,12.4,Avoid,avoid,2026-06-29 17:01:50
138528,PGIM India Global Equity Opportunities Fund of Fund- Direct Plan - Growth,INF223J01NF2,PGIM India Mutual Fund,International,Other Scheme - FoF Overseas,61.01,25-06-2026,2495,0.1,29.04,14.19,22.95,13.97,19.47,22.48,8.67,5.66,0.61,43.42,80.0,51.1,Avoid,avoid,2026-06-29 17:01:52
138875,PGIM India Arbitrage Fund - Direct Plan - Growth,INF223J013N7,PGIM India Mutual Fund,Hybrid,Hybrid Scheme - Arbitrage Fund,20.8419,25-06-2026,2536,0.86,1.52,3.28,6.19,6.88,7.19,6.89,6.32,0.17,0.66,0.71,100.0,33.0,Avoid,avoid,2026-06-29 17:01:52
139349,UTI FTIF Series XXIV-XIII (1097 Days)- Direct Plan - Annual Div Option,,UTI Mutual Fund,Other,IDF,10.0044,28-05-2019,724,0.0,0.0,0.0,0.0,0.0,0.0,0.0,0.0,0.0,,8.79,0.0,11.6,Avoid,avoid,2026-06-29 17:01:50
139350,UTI FTIF Series XXIV-XIII (1097 Days)- Direct Plan - Growth Option,,UTI Mutual Fund,Other,IDF,12.4918,28-05-2019,724,0.0,0.0,0.0,0.0,0.0,0.0,0.0,0.0,0.0,,0.99,0.0,12.4,Avoid,avoid,2026-06-29 17:01:50
139351,UTI FTIF Series XXIV-XIII (1097 Days)- Direct Plan - Quarterly Div Option,,UTI Mutual Fund,Other,IDF,10.007,28-05-2019,724,0.0,0.0,0.0,0.0,0.0,0.0,0.0,0.0,0.0,,4.32,0.0,12.1,Avoid,avoid,2026-06-29 17:01:50
139356,UTI FTIF Series XXIV-XIII (1097 Days)- Direct Plan - Maturity Div Option,,UTI Mutual Fund,Other,IDF,10.0,28-05-2019,724,0.0,0.0,0.0,0.0,0.0,0.0,0.0,0.0,0.0,,19.94,0.0,10.4,Avoid,avoid,2026-06-29 17:01:50
139379,Reliance Fixed Horizon Fund XXXI- Series 1- Direct Plan-Growth Option,,Reliance Mutual Fund,Other,IDF,12.6459,24-06-2019,739,0.0,0.0,0.0,0.0,0.0,0.0,0.0,0.0,0.0,,0.52,0.0,12.4,Avoid,avoid,2026-06-29 17:01:50
139406,SBI DEBT FUND SERIES B - 41(1100 DAYS)- DIRECT PLAN - GROWTH,,SBI Mutual Fund,Debt,IDF,12.5004,11-06-2019,305,0.0,0.0,0.0,0.0,0.0,0.0,0.0,0.0,0.0,,0.16,0.0,12.5,Avoid,avoid,2026-06-29 17:01:53
139413,Reliance Fixed Horizon Fund XXXI Series 2 - Direct Plan - Growth Option,,Reliance Mutual Fund,Other,IDF,13.1105,15-07-2019,743,0.0,0.0,0.0,0.0,0.0,0.0,0.0,0.0,0.0,,0.56,0.0,12.4,Avoid,avoid,2026-06-29 17:01:53
139421,UTI FTIF Series XXIV-XV (1099 Days)- Direct Plan - Maturity Div Option,,UTI Mutual Fund,Other,IDF,10.0,18-06-2019,725,0.0,0.0,0.0,0.0,0.0,0.0,0.0,0.0,0.0,,20.45,0.0,10.4,Avoid,avoid,2026-06-29 17:01:53
139399,UTI FTIF Series XXIV-XIV (1831 Days)- Direct Plan - Growth Option,,UTI Mutual Fund,Other,IDF,14.6692,07-06-2021,1209,0.0,0.0,0.0,0.0,0.0,0.0,0.0,0.0,0.0,,1.52,0.0,12.3,Avoid,avoid,2026-06-29 17:01:53
139420,UTI FTIF Series XXIV-XV (1099 Days)- Direct Plan - Quarterly Div Option,,UTI Mutual Fund,Other,IDF,10.172,18-06-2019,725,0.0,0.0,0.0,0.0,0.0,0.0,0.0,0.0,0.0,,12.12,0.0,11.2,Avoid,avoid,2026-06-29 17:01:53
139478,UTI FTIF Series XXIV-XVII (1098 Days)- Direct Plan - Growth Option,,UTI Mutual Fund,Other,IDF,12.6299,02-07-2019,724,0.0,0.0,0.0,0.0,0.0,0.0,0.0,0.0,0.0,,9.94,0.0,11.5,Avoid,avoid,2026-06-29 17:01:53
139483,UTI FTIF Series XXIV-XVII (1098 Days)- Direct Plan - Maturity Div Option,,UTI Mutual Fund,Other,IDF,10.0,02-07-2019,724,0.0,0.0,0.0,0.0,0.0,0.0,0.0,0.0,0.0,,20.34,0.0,10.4,Avoid,avoid,2026-06-29 17:01:53
139464,Reliance Fixed Horizon Fund XXXI- Series 4- Direct Plan-Growth Option,,Reliance Mutual Fund,Other,IDF,13.1174,15-07-2019,732,0.0,0.0,0.0,0.0,0.0,0.0,0.0,0.0,0.0,,0.56,0.0,12.4,Avoid,avoid,2026-06-29 17:01:53
139422,UTI FTIF Series XXIV-XV (1099 Days)- Direct Plan - Growth Option,,UTI Mutual Fund,Other,IDF,12.6115,18-06-2019,725,0.0,0.0,0.0,0.0,0.0,0.0,0.0,0.0,0.0,,10.26,0.0,11.4,Avoid,avoid,2026-06-29 17:01:53
139479,UTI FTIF Series XXIV-XVII (1098 Days)- Direct Plan - Annual Div Option,,UTI Mutual Fund,Other,IDF,10.2323,02-07-2019,724,0.0,0.0,0.0,0.0,0.0,0.0,0.0,0.0,0.0,,15.53,0.0,10.9,Avoid,avoid,2026-06-29 17:01:53
139554,UTI FTIF Series XXV-I (1099 Days)- Direct Plan - Annual Div Option,,UTI Mutual Fund,Other,IDF,9.2265,23-07-2019,725,0.0,0.0,0.0,0.0,0.0,0.0,0.0,0.0,0.0,,15.56,0.0,10.9,Avoid,avoid,2026-06-29 17:01:53
139542,Reliance Fixed Horizon Fund XXXI- Series 5- Direct Plan-Growth Option,,Reliance Mutual Fund,Other,IDF,12.5318,29-07-2019,733,0.0,0.0,0.0,0.0,0.0,0.0,0.0,0.0,0.0,,0.54,0.0,12.4,Avoid,avoid,2026-06-29 17:01:53
139552,UTI FTIF Series XXV-I (1099 Days)- Direct Plan - Quarterly Div Option,,UTI Mutual Fund,Other,IDF,9.2265,23-07-2019,725,0.0,0.0,0.0,0.0,0.0,0.0,0.0,0.0,0.0,,11.4,0.0,11.3,Avoid,avoid,2026-06-29 17:01:53
139553,UTI FTIF Series XXV-I (1099 Days)- Direct Plan - Maturity Div Option,,UTI Mutual Fund,Other,IDF,10.0,23-07-2019,725,0.0,0.0,0.0,0.0,0.0,0.0,0.0,0.0,0.0,,19.99,0.0,10.4,Avoid,avoid,2026-06-29 17:01:53
139550,UTI FTIF Series XXV-I (1099 Days)- Direct Plan - Growth Option,,UTI Mutual Fund,Other,IDF,11.3427,23-07-2019,725,0.0,0.0,0.0,0.0,0.0,0.0,0.0,0.0,0.0,,10.01,0.0,11.5,Avoid,avoid,2026-06-29 17:01:53
139484,UTI FTIF Series XXIV-XVII (1098 Days)- Direct Plan - Quarterly Div Option,,UTI Mutual Fund,Other,IDF,10.2323,02-07-2019,724,0.0,0.0,0.0,0.0,0.0,0.0,0.0,0.0,0.0,,11.58,0.0,11.3,Avoid,avoid,2026-06-29 17:01:53
139423,UTI FTIF Series XXIV-XV (1099 Days)- Direct Plan - Annual Div Option,,UTI Mutual Fund,Other,IDF,10.17,18-06-2019,725,0.0,0.0,0.0,0.0,0.0,0.0,0.0,0.0,0.0,,16.13,0.0,10.8,Avoid,avoid,2026-06-29 17:01:53
139524,Axis Hybrid Fund Series - 31 (1381) Direct Growth,,Axis Mutual Fund,Hybrid,Income,12.715,29-04-2020,908,0.0,0.0,0.0,0.0,0.0,0.0,0.0,0.0,0.0,,12.85,0.0,11.2,Avoid,avoid,2026-06-29 17:01:53
139613,Axis Hybrid Fund Series - 32 (1367 Days) Direct Growth,,Axis Mutual Fund,Hybrid,Income,12.5981,06-05-2020,897,0.0,0.0,0.0,0.0,0.0,0.0,0.0,0.0,0.0,,12.36,0.0,11.2,Avoid,avoid,2026-06-29 17:01:54
139592,ICICI Prudential Multiple Yield Fund - Series 11 - Plan A 1427 Days Direct Plan Cumulative Option,,ICICI Prudential Mutual Fund,Other,Income,13.4892,01-07-2020,479,0.0,0.0,0.0,0.0,0.0,0.0,0.0,0.0,0.0,,4.85,0.0,12.0,Avoid,avoid,2026-06-29 17:01:53
139629,UTI FTIF Series XXV-II (1097 Days)- Direct Plan - Flexi Div Option,,UTI Mutual Fund,Other,IDF,10.0,06-08-2019,724,0.0,0.0,0.0,0.0,0.0,0.0,0.0,0.0,0.0,,19.34,0.0,10.5,Avoid,avoid,2026-06-30 16:09:59
139596,Reliance Fixed Horizon Fund XXXI- Series 7- Direct Plan-Growth Option,,Reliance Mutual Fund,Other,IDF,12.4897,31-07-2019,725,0.0,0.0,0.0,0.0,0.0,0.0,0.0,0.0,0.0,,0.56,0.0,12.4,Avoid,avoid,2026-06-29 17:01:53
139626,UTI FTIF Series XXV-II (1097 Days)- Direct Plan - Annual Div Option,,UTI Mutual Fund,Other,IDF,9.2718,06-08-2019,724,0.0,0.0,0.0,0.0,0.0,0.0,0.0,0.0,0.0,,14.98,0.0,10.9,Avoid,avoid,2026-06-30 16:09:59
139655,PGIM India Fixed Duration Fund - Series 29 - Direct Plan - Growth Option,,PGIM India Mutual Fund,Other,IDF,1245.9405,19-08-2019,732,0.0,0.0,0.0,0.0,0.0,0.0,0.0,0.0,0.0,,0.55,0.0,12.4,Avoid,avoid,2026-06-30 16:09:59
139567,SBI DEBT FUNDS SERIES B - 42 (1100 DAYS) - DIRECT PLAN - GROWTH,,SBI Mutual Fund,Debt,IDF,12.4299,19-07-2019,338,0.0,0.0,0.0,0.0,0.0,0.0,0.0,0.0,0.0,,0.19,0.0,12.5,Avoid,avoid,2026-06-29 17:01:53
139575,Reliance Fixed Horizon Fund XXXI- Series 6- Direct Plan-Growth Option,,Reliance Mutual Fund,Other,IDF,11.977,19-09-2019,755,0.0,0.0,0.0,0.0,0.0,0.0,0.0,0.0,0.0,,6.53,0.0,11.8,Avoid,avoid,2026-06-29 17:01:53
139625,UTI FTIF Series XXV-II (1097 Days)- Direct Plan - Growth Option,,UTI Mutual Fund,Other,IDF,11.3084,06-08-2019,724,0.0,0.0,0.0,0.0,0.0,0.0,0.0,0.0,0.0,,9.8,0.0,11.5,Avoid,avoid,2026-06-30 16:09:59
139633,UTI FTIF Series XXV-II (1097 Days)- Direct Plan - Maturity Div Option,,UTI Mutual Fund,Other,IDF,10.0,06-08-2019,724,0.0,0.0,0.0,0.0,0.0,0.0,0.0,0.0,0.0,,19.34,0.0,10.5,Avoid,avoid,2026-06-30 16:09:59
139627,UTI FTIF Series XXV-II (1097 Days)- Direct Plan - Quarterly Div Option,,UTI Mutual Fund,Other,IDF,9.2716,06-08-2019,724,0.0,0.0,0.0,0.0,0.0,0.0,0.0,0.0,0.0,,10.89,0.0,11.4,Avoid,avoid,2026-06-30 16:09:59
139652,Nippon India Fixed Horizon Fund XXXI- Series 8- Direct Plan - Growth Option,,Nippon India Mutual Fund,Other,IDF,13.2895,01-07-2020,933,0.0,0.0,0.0,0.0,0.0,0.0,0.0,0.0,0.0,,1.04,0.0,12.4,Avoid,avoid,2026-06-30 16:09:59
139663,PGIM India Fixed Duration Fund - Series 31 - Direct Plan - Growth Option,,PGIM India Mutual Fund,Other,IDF,1240.9037,27-08-2019,728,0.0,0.0,0.0,0.0,0.0,0.0,0.0,0.0,0.0,,0.56,0.0,12.4,Avoid,avoid,2026-06-30 16:10:00
139527,BANK OF INDIA MID & SMALL CAP EQUITY & DEBT FUND - DIRECT PLAN GROWTH,INF761K01DM6,Bank of India Mutual Fund,Debt,Hybrid Scheme - Aggressive Hybrid Fund,45.92,25-06-2026,2441,2.89,17.29,9.57,9.28,6.59,20.38,21.49,16.45,4.38,0.88,36.64,80.0,56.9,Watch,watch,2026-06-29 17:01:57
139538,Mahindra Manulife Liquid Fund - Direct Plan -Growth,INF174V01044,Mahindra Manulife Mutual Fund,Debt,Debt Scheme - Liquid Fund,1825.6712,28-06-2026,2856,0.61,1.74,3.28,6.34,6.82,7.01,6.89,6.25,0.06,0.92,0.22,100.0,35.0,Avoid,avoid,2026-06-29 17:01:57
139722,UTI FTIF Series XXV-III (1100 Days)- Direct Plan - Annual Div Option,,UTI Mutual Fund,Other,IDF,9.5557,27-08-2019,726,0.0,0.0,0.0,0.0,0.0,0.0,0.0,0.0,0.0,,12.69,0.0,11.2,Avoid,avoid,2026-06-30 16:10:00
139718,UTI FTIF Series XXV-III (1100 Days)- Direct Plan - Quarterly Div Option,,UTI Mutual Fund,Other,IDF,9.5554,27-08-2019,726,0.0,0.0,0.0,0.0,0.0,0.0,0.0,0.0,0.0,,8.62,0.0,11.6,Avoid,avoid,2026-06-30 16:10:00
139723,UTI FTIF Series XXV-III (1100 Days)- Direct Plan - Flexi Div Option,,UTI Mutual Fund,Other,IDF,10.0,27-08-2019,726,0.0,0.0,0.0,0.0,0.0,0.0,0.0,0.0,0.0,,19.04,0.0,10.5,Avoid,avoid,2026-06-29 17:02:11
139775,Axis Hybrid fund Series - 33 (1358 Days) - Direct Growth,,Axis Mutual Fund,Hybrid,Income,12.4194,28-05-2020,891,0.0,0.0,0.0,0.0,0.0,0.0,0.0,0.0,0.0,,13.77,0.0,11.1,Avoid,avoid,2026-06-29 17:02:11
139757,HDFC DAF - lll - 1304D August 2016 - Direct Option - Growth Option,,HDFC Mutual Fund,Other,Income,12.3479,07-04-2020,861,0.0,0.0,0.0,0.0,0.0,0.0,0.0,0.0,0.0,,3.84,0.0,12.1,Avoid,avoid,2026-06-29 17:02:11
139764,ICICI Prudential Multiple Yield Fund - Series 11 - Plan B 1394 Days Direct Plan Cumulative Option,,ICICI Prudential Mutual Fund,Other,Income,13.029,03-07-2020,481,0.0,0.0,0.0,0.0,0.0,0.0,0.0,0.0,0.0,,5.76,0.0,11.9,Avoid,avoid,2026-06-29 17:02:11
139726,UTI FTIF Series XXV-III (1100 Days)- Direct Plan - Maturity Div Option,,UTI Mutual Fund,Other,IDF,10.0,27-08-2019,726,0.0,0.0,0.0,0.0,0.0,0.0,0.0,0.0,0.0,,19.04,0.0,10.5,Avoid,avoid,2026-06-29 17:02:11
139778,Axis Hybrid Fund Series - 33 (1358 Days) - Direct Divided,,Axis Mutual Fund,Hybrid,Income,12.4194,28-05-2020,891,0.0,0.0,0.0,0.0,0.0,0.0,0.0,0.0,0.0,,13.77,0.0,11.1,Avoid,avoid,2026-06-29 17:02:11
139787,Aditya Birla Sun Life Resurgent India Fund - Series 1 - Direct Plan-Growth,,Aditya Birla Sun Life Mutual Fund,Other,Growth,11.07,11-03-2020,854,0.0,0.0,0.0,0.0,0.0,0.0,0.0,0.0,0.0,,27.65,0.0,9.6,Avoid,avoid,2026-06-29 17:02:11
139725,UTI FTIF-Series XXV-III (1100 Days)- Direct Plan - Growth Option,,UTI Mutual Fund,Other,IDF,11.6134,27-08-2019,726,0.0,0.0,0.0,0.0,0.0,0.0,0.0,0.0,0.0,,7.36,0.0,11.7,Avoid,avoid,2026-06-29 17:02:11
139735,Nippon India Fixed Horizon Fund XXXI Series 9 - Direct Plan - Growth Option,,Nippon India Mutual Fund,Other,IDF,12.52,30-09-2019,745,0.0,0.0,0.0,0.0,0.0,0.0,0.0,0.0,0.0,,0.61,0.0,12.4,Avoid,avoid,2026-06-29 17:02:11
139711,Sundaram Long Term Micro Cap Tax Advantage Fund Series III Direct Plan - Growth,INF903JA1443,Sundaram Mutual Fund,ELSS,ELSS,36.5072,29-06-2026,2365,2.37,23.02,8.07,4.65,3.65,15.59,20.65,18.05,4.76,0.5,60.96,100.0,46.0,Avoid,avoid,2026-06-30 16:10:07
139791,SBI DEBT FUND SERIES B - 43(1100 DAYS)- DIRECT PLAN - GROWTH,,SBI Mutual Fund,Debt,IDF,12.3616,03-09-2019,376,0.0,0.0,0.0,0.0,0.0,0.0,0.0,0.0,0.0,,0.21,0.0,12.5,Avoid,avoid,2026-06-29 17:02:11
139796,Reliance Fixed Horizon Fund XXXI- Series 11- Direct Plan-Growth Option,,Reliance Mutual Fund,Other,IDF,11.8264,23-09-2019,727,0.0,0.0,0.0,0.0,0.0,0.0,0.0,0.0,0.0,,6.36,0.0,11.8,Avoid,avoid,2026-06-29 17:02:12
139781,Mahindra Manulife ELSS Tax Saver Fund - Direct Plan -Growth,INF174V01093,Mahindra Manulife Mutual Fund,ELSS,Equity Scheme - ELSS,32.4052,25-06-2026,2387,2.92,8.64,-5.71,-5.33,0.7,10.63,14.73,12.03,4.27,0.3,35.89,80.0,31.2,Avoid,avoid,2026-06-29 17:02:12
139804,UTI FTIF Series XXV-IV (1100 Days)- Direct Plan - Annual Div Option,,UTI Mutual Fund,Other,IDF,9.4679,12-09-2019,726,0.0,0.0,0.0,0.0,0.0,0.0,0.0,0.0,0.0,,13.66,0.0,11.1,Avoid,avoid,2026-06-29 17:02:12
139800,UTI FTIF Series XXV-IV (1100 Days)- Direct Plan - Growth Option,,UTI Mutual Fund,Other,IDF,11.4228,12-09-2019,726,0.0,0.0,0.0,0.0,0.0,0.0,0.0,0.0,0.0,,8.47,0.0,11.6,Avoid,avoid,2026-06-29 17:02:12
139801,UTI FTIF Series XXV-IV (1100 Days)- Direct Plan - Quarterly Div Option,,UTI Mutual Fund,Other,IDF,9.4678,12-09-2019,726,0.0,0.0,0.0,0.0,0.0,0.0,0.0,0.0,0.0,,9.66,0.0,11.5,Avoid,avoid,2026-06-29 17:02:12
139809,UTI FTIF Series XXV-IV (1100 Days)- Direct Plan - Maturity Div Option,,UTI Mutual Fund,Other,IDF,10.0,12-09-2019,726,0.0,0.0,0.0,0.0,0.0,0.0,0.0,0.0,0.0,,18.41,0.0,10.6,Avoid,avoid,2026-06-29 17:02:12
139810,UTI FTIF Series XXV-V (1100 Days)- Direct Plan - Growth Option,,UTI Mutual Fund,Other,IDF,12.4286,30-08-2019,727,0.0,0.0,0.0,0.0,0.0,0.0,0.0,0.0,0.0,,0.58,0.0,12.4,Avoid,avoid,2026-06-29 17:02:12
139815,UTI FTIF Series XXV-V (1100 Days)- Direct Plan - Quarterly Div Option,,UTI Mutual Fund,Other,IDF,10.0,30-08-2019,727,0.0,0.0,0.0,0.0,0.0,0.0,0.0,0.0,0.0,,3.57,0.0,12.1,Avoid,avoid,2026-06-29 17:02:12
139811,UTI FTIF Series XXV-V (1100 Days)- Direct Plan - Maturity Div Option,,UTI Mutual Fund,Other,IDF,10.0,30-08-2019,727,0.0,0.0,0.0,0.0,0.0,0.0,0.0,0.0,0.0,,19.49,0.0,10.5,Avoid,avoid,2026-06-29 17:02:12
139851,Nippon India Fixed Horizon Fund XXXI- Series 13- Direct Plan-Growth Option,,Nippon India Mutual Fund,Other,IDF,12.4486,22-10-2019,745,0.0,0.0,0.0,0.0,0.0,0.0,0.0,0.0,0.0,,0.63,0.0,12.4,Avoid,avoid,2026-06-29 17:02:12
139904,UTI FTIF Series XXV-VI (1098 Days)- Direct Plan - Maturity Div Option,,UTI Mutual Fund,Other,IDF,10.0,24-09-2019,725,0.0,0.0,0.0,0.0,0.0,0.0,0.0,0.0,0.0,,18.11,0.0,10.6,Avoid,avoid,2026-06-29 17:02:12
139964,Nippon India Fixed Horizon Fund XXXI- Series 15- Direct Plan-Growth Option,,Nippon India Mutual Fund,Other,IDF,13.0663,17-08-2020,927,0.0,0.0,0.0,0.0,0.0,0.0,0.0,0.0,0.0,,2.2,0.0,12.3,Avoid,avoid,2026-06-29 17:02:13
139907,UTI FTIF Series XXV-VI (1098 Days)- Direct Plan - Growth Option,,UTI Mutual Fund,Other,IDF,11.3595,24-09-2019,725,0.0,0.0,0.0,0.0,0.0,0.0,0.0,0.0,0.0,,8.81,0.0,11.6,Avoid,avoid,2026-06-29 17:02:13
139978,UTI FTIF Series XXV-VII (1097 Days)- Direct Plan - Flexi Div Option,,UTI Mutual Fund,Other,IDF,10.0,09-10-2019,724,0.0,0.0,0.0,0.0,0.0,0.0,0.0,0.0,0.0,,17.33,0.0,10.7,Avoid,avoid,2026-06-29 17:02:13
139905,UTI FTIF Series XXV-VI (1098 Days)- Direct Plan - Quarterly Div Option,,UTI Mutual Fund,Other,IDF,9.4536,24-09-2019,725,0.0,0.0,0.0,0.0,0.0,0.0,0.0,0.0,0.0,,9.85,0.0,11.5,Avoid,avoid,2026-06-29 17:02:13
139903,UTI FTIF Series XXV-VI (1098 Days)- Direct Plan - Annual Div Option,,UTI Mutual Fund,Other,IDF,9.4538,24-09-2019,725,0.0,0.0,0.0,0.0,0.0,0.0,0.0,0.0,0.0,,13.89,0.0,11.1,Avoid,avoid,2026-06-29 17:02:12
139977,UTI FTIF Series XXV-VII (1097 Days)- Direct Plan - Maturity Div Option,,UTI Mutual Fund,Other,IDF,10.0,09-10-2019,724,0.0,0.0,0.0,0.0,0.0,0.0,0.0,0.0,0.0,,17.33,0.0,10.7,Avoid,avoid,2026-06-29 17:02:13
139823,PGIM India Hybrid Equity Fund-Direct Plan-Quarterly Divdend Option,,PGIM India Mutual Fund,Hybrid,Hybrid Scheme - Aggressive Hybrid Fund,21.55,05-03-2021,1117,0.0,0.0,0.0,0.0,0.0,0.0,0.0,0.0,0.0,,31.26,0.0,9.2,Avoid,avoid,2026-06-29 17:02:12
139975,UTI FTIF Series XXV-VII (1097 Days)- Direct Plan - Annual Div Option,,UTI Mutual Fund,Other,IDF,9.5242,09-10-2019,724,0.0,0.0,0.0,0.0,0.0,0.0,0.0,0.0,0.0,,13.5,0.0,11.1,Avoid,avoid,2026-06-29 17:02:13
139971,IDBI Hybrid Equity Fund Growth Direct,,IDBI Mutual Fund,Hybrid,Hybrid Scheme - Aggressive Hybrid Fund,18.6649,27-07-2023,1665,0.0,0.0,0.0,0.0,0.0,0.48,4.73,3.58,0.0,-19.87,27.34,40.0,11.7,Avoid,avoid,2026-06-29 17:02:13
139976,UTI FTIF Series XXV-VII (1097 Days)- Direct Plan - Quarterly Div Option,,UTI Mutual Fund,Other,IDF,9.5241,09-10-2019,724,0.0,0.0,0.0,0.0,0.0,0.0,0.0,0.0,0.0,,9.37,0.0,11.5,Avoid,avoid,2026-06-29 17:02:13
139981,UTI FTIF Series XXV-VII (1097 Days)- Direct Plan - Growth Option,,UTI Mutual Fund,Other,IDF,11.3362,09-10-2019,724,0.0,0.0,0.0,0.0,0.0,0.0,0.0,0.0,0.0,,8.39,0.0,11.6,Avoid,avoid,2026-06-29 17:02:13
139990,Sundaram Long Term Micro Cap Tax Advantage Fund Series IV Direct Plan - Growth,INF903JA1526,Sundaram Mutual Fund,ELSS,ELSS,31.8638,25-06-2026,2278,3.35,24.0,8.41,6.05,4.39,16.07,21.07,18.77,6.32,0.5,61.28,100.0,46.9,Avoid,avoid,2026-06-29 17:02:21
139872,Motilal Oswal Balanced Advantage Fund  (MOFDYNAMIC) - Direct Plan - Growth Option,INF247L01635,Motilal Oswal Mutual Fund,Hybrid,Hybrid Scheme - Dynamic Asset Allocation or Balanced Advantage,20.7775,25-06-2026,2399,1.52,10.4,-3.52,-3.22,-4.73,4.99,8.54,5.64,4.1,-0.09,26.53,40.0,12.5,Avoid,avoid,2026-06-29 17:02:15
140136,PGIM India Fixed Duration Fund - Series AA - Direct Plan - Growth Option,,PGIM India Mutual Fund,Other,IDF,1265.9735,04-05-2020,825,0.0,0.0,0.0,0.0,0.0,0.0,0.0,0.0,0.0,,6.64,0.0,11.8,Avoid,avoid,2026-06-29 17:02:26
140126,UTI FTIF Series XXV-X (1229 Days)- Direct Plan - Annual Div Option,,UTI Mutual Fund,Other,IDF,10.0,07-04-2020,808,0.0,0.0,0.0,0.0,0.0,0.0,0.0,0.0,0.0,,7.29,0.0,11.7,Avoid,avoid,2026-06-29 17:02:26
140130,UTI FTIF Series XXV-X (1229 Days)- Direct Plan - Growth Option,,UTI Mutual Fund,Other,IDF,12.6223,07-04-2020,808,0.0,0.0,0.0,0.0,0.0,0.0,0.0,0.0,0.0,,0.75,0.0,12.4,Avoid,avoid,2026-06-29 17:02:26
140119,Aditya Birla Sun Life Resurgent India Fund - Series 2 - Direct Plan-Growth,,Aditya Birla Sun Life Mutual Fund,Other,Growth,9.15,26-05-2020,853,0.0,0.0,0.0,0.0,0.0,0.0,0.0,0.0,0.0,,43.98,0.0,7.9,Avoid,avoid,2026-06-29 17:02:15
140145,HDFC DAF - III - 1224D November 2016 - Direct Option - Growth Option,,HDFC Mutual Fund,Other,Income,12.0936,13-04-2020,807,0.0,0.0,0.0,0.0,0.0,0.0,0.0,0.0,0.0,,3.85,0.0,12.1,Avoid,avoid,2026-06-29 17:02:26
140154,Nippon India Fixed Horizon Fund XXXII- Series 1- Direct Plan-Growth Option,,Nippon India Mutual Fund,Other,IDF,12.6855,04-11-2020,939,0.0,0.0,0.0,0.0,0.0,0.0,0.0,0.0,0.0,,3.4,0.0,12.1,Avoid,avoid,2026-06-29 17:02:26
140121,UTI FTIF Series XXV-X (1229 Days)- Direct Plan - Quarterly Div Option,,UTI Mutual Fund,Other,IDF,10.0,07-04-2020,808,0.0,0.0,0.0,0.0,0.0,0.0,0.0,0.0,0.0,,2.94,0.0,12.2,Avoid,avoid,2026-06-29 17:02:26
140167,Nippon India Fixed Horizon Fund XXXII- Series 4- Direct Plan-Growth Option,,Nippon India Mutual Fund,Other,IDF,13.2009,19-10-2020,937,0.0,0.0,0.0,0.0,0.0,0.0,0.0,0.0,0.0,,1.65,0.0,12.3,Avoid,avoid,2026-06-29 17:02:26
140220,Edelweiss Low Duration Fund - Direct Plan - Growth Option,,Edelweiss Mutual Fund,Debt,Debt Scheme - Low Duration Fund,2079.9246,12-02-2021,1024,0.0,0.0,0.0,0.0,0.0,0.0,0.0,0.0,0.0,,12.57,0.0,11.2,Avoid,avoid,2026-06-29 17:02:26
140241,Edelweiss Tax Advantage Fund - Direct Plan - Growth Option,,Edelweiss Mutual Fund,ELSS,Equity Scheme - ELSS,43.909,26-02-2020,802,0.0,0.0,0.0,0.0,0.0,0.0,0.0,0.0,0.0,,17.26,0.0,10.7,Avoid,avoid,2026-06-29 17:02:26
140158,Nippon India Fixed Horizon Fund XXXII- Series 2- Direct Plan-Growth Option,,Nippon India Mutual Fund,Other,IDF,12.7182,06-11-2020,941,0.0,0.0,0.0,0.0,0.0,0.0,0.0,0.0,0.0,,3.48,0.0,12.1,Avoid,avoid,2026-06-29 17:02:26
140251,Edelweiss Short Term Fund - Direct Plan -  Growth Option,,Edelweiss Mutual Fund,Debt,Debt Scheme - Short Duration Fund,17.1827,01-07-2020,868,0.0,0.0,0.0,0.0,0.0,0.0,0.0,0.0,0.0,,9.46,0.0,11.5,Avoid,avoid,2026-06-29 17:02:27
140228,Edelweiss Mid Cap Fund - Direct Plan - Growth Option,INF843K01AO4,Edelweiss Mutual Fund,Mid Cap,Equity Scheme - Mid Cap Fund,125.863,25-06-2026,2362,1.13,16.08,3.26,4.71,8.55,23.7,25.86,20.41,5.03,0.95,39.21,100.0,65.6,Watch,watch,2026-06-29 17:02:35
140237,Edelweiss Money Market Fund - Direct Plan - Growth Option,INF843K01CE1,Edelweiss Mutual Fund,Debt,Debt Scheme - Money Market Fund,33.3724,25-06-2026,2319,0.91,1.78,3.08,6.3,7.23,7.27,7.04,6.31,0.17,0.84,2.17,100.0,34.5,Avoid,avoid,2026-06-29 17:02:37
140175,Edelweiss Large & Mid Cap Fund - Direct Plan - Growth Option,INF843K01AL0,Edelweiss Mutual Fund,Mid Cap,Equity Scheme - Large & Mid Cap Fund,105.936,25-06-2026,2362,2.29,13.07,0.11,2.11,4.86,16.56,19.18,15.23,4.6,0.65,34.92,100.0,48.0,Avoid,avoid,2026-06-29 17:02:37
140243,Edelweiss Greater China Equity Off-shore Fund - Direct Plan - Growth Option,INF843K01AU1,Edelweiss Mutual Fund,International,Other Scheme - FoF Overseas,72.201,25-06-2026,2212,-4.83,14.24,22.49,51.75,36.23,22.22,13.83,3.23,6.0,0.59,54.38,40.0,55.3,Watch,watch,2026-06-29 17:02:37
140274,Edelweiss US Value Equity Offshore Fund - Direct Plan - Growth Option,INF843K01EC1,Edelweiss Mutual Fund,International,Other Scheme - FoF Overseas,47.4092,25-06-2026,2258,2.31,13.54,16.37,33.55,21.92,19.55,18.82,14.42,2.62,1.06,34.77,80.0,68.5,Watch,watch,2026-06-29 17:02:38
140256,Edelweiss ASEAN Equity Off-shore Fund - Direct Plan - Growth Option,INF843K01AW7,Edelweiss Mutual Fund,International,Other Scheme - FoF Overseas,39.551,25-06-2026,2285,-1.98,4.32,8.43,23.67,20.72,14.57,13.54,9.93,2.63,0.54,36.08,80.0,47.3,Avoid,avoid,2026-06-29 17:02:38
140286,Edelweiss Banking and PSU Debt Fund - Direct Plan - Growth Option,INF843K01FC8,Edelweiss Mutual Fund,Debt,Debt Scheme - Banking and PSU Fund,26.7999,25-06-2026,2319,1.21,1.88,2.21,4.62,7.17,7.04,7.35,6.26,0.47,0.16,4.29,100.0,27.7,Avoid,avoid,2026-06-29 17:02:38
140196,Edelweiss Liquid Fund - Direct Plan - Growth Option,INF754K01GM4,Edelweiss Mutual Fund,Debt,Debt Scheme - Liquid Fund,3623.9454,28-06-2026,3007,0.6,1.79,3.32,6.37,6.84,7.03,6.91,6.25,0.07,0.96,0.15,100.0,35.4,Avoid,avoid,2026-06-29 17:02:39
140373,UTI FTIF Series XXV-XI (1211 Days)- Direct Plan - Growth Option,,UTI Mutual Fund,Other,IDF,12.5936,07-04-2020,798,0.0,0.0,0.0,0.0,0.0,0.0,0.0,0.0,0.0,,0.77,0.0,12.4,Avoid,avoid,2026-06-29 17:02:28
140376,UTI FTIF Series XXV-XI (1211 Days)- Direct Plan - Quarterly Div Option,,UTI Mutual Fund,Other,IDF,10.0,07-04-2020,798,0.0,0.0,0.0,0.0,0.0,0.0,0.0,0.0,0.0,,3.04,0.0,12.2,Avoid,avoid,2026-06-29 17:02:29
140375,UTI FTIF Series XXV-XI (1211 Days)- Direct Plan - Annual Div Option,,UTI Mutual Fund,Other,IDF,10.0,07-04-2020,798,0.0,0.0,0.0,0.0,0.0,0.0,0.0,0.0,0.0,,7.24,0.0,11.7,Avoid,avoid,2026-06-29 17:02:29
140333,Edelweiss Corporate Bond Fund - Direct Plan - Growth Option,,Edelweiss Mutual Fund,Debt,Debt Scheme - Corporate Bond Fund,13.8398,20-05-2021,1084,0.0,0.0,0.0,0.0,0.0,0.0,0.0,0.0,0.0,,13.68,0.0,11.1,Avoid,avoid,2026-06-29 17:02:27
140387,BNP PARIBAS ARBITRAGE FUND -DIRECT PLAN - ADHOC Income Distribution cum Capital Withdrawal OPTION,,BNP Paribas Mutual Fund,Hybrid,Hybrid Scheme - Arbitrage Fund,10.7513,13-03-2022,1285,0.0,0.0,0.0,0.0,0.0,0.0,0.0,-0.29,0.0,,1.47,0.0,12.3,Avoid,avoid,2026-06-29 17:02:31
140367,UTI FTIF Series XXV-XI (1211 Days)- Direct Plan - Flexi Div Option,,UTI Mutual Fund,Other,IDF,10.0001,07-04-2020,798,0.0,0.0,0.0,0.0,0.0,0.0,0.0,0.0,0.0,,20.56,0.0,10.4,Avoid,avoid,2026-06-29 17:02:28
140386,BNP PARIBAS ARBITRAGE FUND-DIRECT PLAN-GROWTH OPTION,,BNP Paribas Mutual Fund,Hybrid,Hybrid Scheme - Arbitrage Fund,13.5214,13-03-2022,1285,0.0,0.0,0.0,0.0,0.0,0.0,0.0,0.54,0.0,,0.57,20.0,14.9,Avoid,avoid,2026-06-29 17:02:30
140374,UTI FTIF Series XXV-XI (1211 Days)- Direct Plan - Maturity Div Option,,UTI Mutual Fund,Other,IDF,10.0001,07-04-2020,798,0.0,0.0,0.0,0.0,0.0,0.0,0.0,0.0,0.0,,20.58,0.0,10.4,Avoid,avoid,2026-06-29 17:02:28
140357,Edelweiss Balanced Advantage Fund - Direct Plan - Growth Option-deactivated,,Edelweiss Mutual Fund,Hybrid,Income,12.3101,20-09-2017,204,0.0,0.0,0.0,0.0,0.0,0.0,0.0,0.0,0.0,,3.34,0.0,12.2,Avoid,avoid,2026-06-29 17:02:28
140391,SUNDARAM SELECT MICRO CAP SERIES XI - DIRECT PLAN - GROWTH,,Sundaram Mutual Fund,Other,Growth,10.5774,28-12-2020,984,0.0,0.0,0.0,0.0,0.0,0.0,0.0,0.0,0.0,,59.38,0.0,6.3,Avoid,avoid,2026-06-29 17:02:32
140419,UTI FTIF Series XXV-XII (1198 Days)- Direct Plan - Growth Option,,UTI Mutual Fund,Other,IDF,12.5957,07-04-2020,789,0.0,0.0,0.0,0.0,0.0,0.0,0.0,0.0,0.0,,0.76,0.0,12.4,Avoid,avoid,2026-06-29 17:02:43
140415,UTI FTIF Series XXV-XII (1198 Days)- Direct Plan - Annual Div Option,,UTI Mutual Fund,Other,IDF,10.0,07-04-2020,789,0.0,0.0,0.0,0.0,0.0,0.0,0.0,0.0,0.0,,7.22,0.0,11.7,Avoid,avoid,2026-06-29 17:02:43
140423,UTI FTIF Series XXV-XII (1198 Days)- Direct Plan - Maturity Div Option,,UTI Mutual Fund,Other,IDF,10.0001,07-04-2020,789,0.0,0.0,0.0,0.0,0.0,0.0,0.0,0.0,0.0,,20.58,0.0,10.4,Avoid,avoid,2026-06-29 17:02:43
140398,Axis Emerging Opportunities Fund - Series 1 (1400 Days) - Direct Plan - Growth Option,,Axis Mutual Fund,Thematic,Growth,13.57,28-10-2020,941,0.0,0.0,0.0,0.0,0.0,0.0,0.0,0.0,0.0,,33.81,0.0,9.0,Avoid,avoid,2026-06-29 17:02:32
140433,ICICI Prudential Value Fund - Series 10 - Direct Plan - Cumulative Option,,ICICI Prudential Mutual Fund,Thematic,Growth,12.32,13-01-2020,373,0.0,0.0,0.0,0.0,0.0,0.0,0.0,0.0,0.0,,13.74,0.0,11.1,Avoid,avoid,2026-06-29 17:02:43
140426,Nippon India Fixed Horizon Fund XXXII- Series 5- Direct Plan-Growth Option,,Nippon India Mutual Fund,Other,IDF,12.8698,19-08-2020,882,0.0,0.0,0.0,0.0,0.0,0.0,0.0,0.0,0.0,,0.85,0.0,12.4,Avoid,avoid,2026-06-29 17:02:43
140453,Sundaram Smart Nifty 100 Equal Weight Fund Direct Plan - Growth,,Sundaram Mutual Fund,Index / ETF,Other Scheme - Index Funds,18.6214,31-12-2021,1223,0.0,0.0,0.0,0.0,0.0,0.0,0.0,1.85,0.0,,40.59,20.0,10.8,Avoid,avoid,2026-06-29 17:02:43
140466,UTI FTIF Series XXVI-I (1182 Days)- Direct Plan - Growth Option,,UTI Mutual Fund,Other,IDF,12.4812,07-04-2020,777,0.0,0.0,0.0,0.0,0.0,0.0,0.0,0.0,0.0,,0.76,0.0,12.4,Avoid,avoid,2026-06-29 17:02:43
140470,UTI FTIF Series XXVI-I (1182 Days)- Direct Plan - Quarterly Div Option,,UTI Mutual Fund,Other,IDF,10.0,07-04-2020,777,0.0,0.0,0.0,0.0,0.0,0.0,0.0,0.0,0.0,,2.92,0.0,12.2,Avoid,avoid,2026-06-29 17:02:43
140468,UTI FTIF Series XXVI-I (1182 Days)- Direct Plan - Flexi Div Option,,UTI Mutual Fund,Other,IDF,10.0001,07-04-2020,777,0.0,0.0,0.0,0.0,0.0,0.0,0.0,0.0,0.0,,19.85,0.0,10.4,Avoid,avoid,2026-06-29 17:02:43
140471,UTI FTIF Series XXVI-I (1182 Days)- Direct Plan - Annual Div Option,,UTI Mutual Fund,Other,IDF,10.0,07-04-2020,777,0.0,0.0,0.0,0.0,0.0,0.0,0.0,0.0,0.0,,7.32,0.0,11.7,Avoid,avoid,2026-06-29 17:02:43
140454,UTI Long Term Advantage Fund Series V - Direct Plan - Growth Option,,UTI Mutual Fund,ELSS,ELSS,15.4735,24-09-2021,1106,0.0,0.0,0.0,0.0,0.0,0.0,0.0,1.62,0.0,,46.58,20.0,10.1,Avoid,avoid,2026-06-29 17:02:43
140461,IDBI Midcap Fund Growth Direct,,IDBI Mutual Fund,Mid Cap,Equity Scheme - Mid Cap Fund,20.81,27-07-2023,1599,0.0,0.0,0.0,0.0,0.0,0.9,6.69,4.24,0.0,-8.8,42.81,40.0,10.4,Avoid,avoid,2026-06-29 17:02:43
140474,UTI FTIF Series XXVI-I (1182 Days)- Direct Plan - Maturity Div Option,,UTI Mutual Fund,Other,IDF,10.0001,07-04-2020,777,0.0,0.0,0.0,0.0,0.0,0.0,0.0,0.0,0.0,,19.85,0.0,10.4,Avoid,avoid,2026-06-29 17:02:44
140512,Nippon India Fixed Horizon Fund XXXII- Series 7- Direct Plan-Growth Option,,Nippon India Mutual Fund,Other,IDF,12.1896,06-11-2020,912,0.0,0.0,0.0,0.0,0.0,0.0,0.0,0.0,0.0,,5.79,0.0,11.9,Avoid,avoid,2026-06-29 17:02:44
140502,ICICI Prudential Value Fund - Series 11 - Direct Plan - Cumulative Option,,ICICI Prudential Mutual Fund,Thematic,Growth,13.54,29-01-2020,385,0.0,0.0,0.0,0.0,0.0,0.0,0.0,0.0,0.0,,10.82,0.0,11.4,Avoid,avoid,2026-06-29 17:02:44
140519,UTI FTIF Series XXVI-II (1176 Days)- Direct Plan - Flexi Div Option,,UTI Mutual Fund,Other,IDF,10.0,21-04-2020,771,0.0,0.0,0.0,0.0,0.0,0.0,0.0,0.0,0.0,,19.85,0.0,10.4,Avoid,avoid,2026-06-29 17:02:44
140518,UTI FTIF Series XXVI-II (1176 Days)- Direct Plan - Quarterly Div Option,,UTI Mutual Fund,Other,IDF,10.0,21-04-2020,771,0.0,0.0,0.0,0.0,0.0,0.0,0.0,0.0,0.0,,2.83,0.0,12.2,Avoid,avoid,2026-06-29 17:02:44
140524,UTI FTIF Series XXVI-II (1176 Days)- Direct Plan - Growth Option,,UTI Mutual Fund,Other,IDF,12.4847,21-04-2020,771,0.0,0.0,0.0,0.0,0.0,0.0,0.0,0.0,0.0,,0.8,0.0,12.4,Avoid,avoid,2026-06-29 17:02:44
140525,UTI FTIF Series XXVI-II (1176 Days)- Direct Plan - Annual Div Option,,UTI Mutual Fund,Other,IDF,10.0,21-04-2020,771,0.0,0.0,0.0,0.0,0.0,0.0,0.0,0.0,0.0,,7.33,0.0,11.7,Avoid,avoid,2026-06-29 17:02:44
140535,Nippon India Fixed Horizon Fund XXXII- Series 8- Direct Plan-Growth Option,,Nippon India Mutual Fund,Other,IDF,12.7172,17-08-2020,855,0.0,0.0,0.0,0.0,0.0,0.0,0.0,0.0,0.0,,0.92,0.0,12.4,Avoid,avoid,2026-06-29 17:02:44
140560,Nippon India Fixed Horizon Fund - XXXII - Series 9 - Direct Plan - Growth Option,,Nippon India Mutual Fund,Other,IDF,12.7482,21-08-2020,848,0.0,0.0,0.0,0.0,0.0,0.0,0.0,0.0,0.0,,0.87,0.0,12.4,Avoid,avoid,2026-06-29 17:02:44
140421,UTI FTIF Series XXV-XII (1198 Days)- Direct Plan - Quarterly Div Option,,UTI Mutual Fund,Other,IDF,10.0,07-04-2020,789,0.0,0.0,0.0,0.0,0.0,0.0,0.0,0.0,0.0,,2.97,0.0,12.2,Avoid,avoid,2026-06-29 17:02:43
140564,PGIM India Fixed Duration Fund - Series AB - Direct Plan - Growth Option,,PGIM India Mutual Fund,Other,IDF,1275.3863,01-07-2020,810,0.0,0.0,0.0,0.0,0.0,0.0,0.0,0.0,0.0,,4.58,0.0,12.0,Avoid,avoid,2026-06-29 17:02:44
140575,Sundaram Top 100 Series VI Direct Plan Growth,,Sundaram Mutual Fund,Other,Growth,13.2629,11-03-2020,736,0.0,0.0,0.0,0.0,0.0,0.0,0.0,0.0,0.0,,17.51,0.0,10.7,Avoid,avoid,2026-06-29 17:02:44
140594,Axis Emerging Opportunities Fund - Series 2 (1400 Days) - Direct Plan - Growth Option,,Axis Mutual Fund,Thematic,Growth,15.3648,28-12-2020,941,0.0,0.0,0.0,0.0,0.0,0.0,0.0,0.0,0.0,,33.57,0.0,9.0,Avoid,avoid,2026-06-29 17:02:44
140600,Nippon India Fixed Horizon Fund XXXII- Series 10- Direct Plan- Growth Option,,Nippon India Mutual Fund,Other,IDF,10.5549,27-04-2020,757,0.0,0.0,0.0,0.0,0.0,0.0,0.0,0.0,0.0,,11.26,0.0,11.3,Avoid,avoid,2026-06-29 17:02:45
140635,UTI FTIF Series XXVI-III (1169 Days)- Direct Plan - Growth Option,,UTI Mutual Fund,Other,IDF,12.4915,06-05-2020,768,0.0,0.0,0.0,0.0,0.0,0.0,0.0,0.0,0.0,,0.81,0.0,12.4,Avoid,avoid,2026-06-29 17:02:45
140521,UTI FTIF Series XXVI-II (1176 Days)- Direct Plan - Maturity Div Option,,UTI Mutual Fund,Other,IDF,10.0,21-04-2020,771,0.0,0.0,0.0,0.0,0.0,0.0,0.0,0.0,0.0,,19.89,0.0,10.4,Avoid,avoid,2026-06-29 17:02:44
140347,Edelweiss Equity Savings Fund - Direct Plan - Growth Option,INF843K01KC8,Edelweiss Mutual Fund,Hybrid,Hybrid Scheme - Equity Savings,29.8061,25-06-2026,2361,1.54,5.86,3.24,7.68,8.64,11.71,11.92,10.09,1.47,1.1,9.5,100.0,44.6,Avoid,avoid,2026-06-29 17:02:39
140532,SUNDARAM SELECT MICRO CAP SERIES XII - DIRECT PLAN GROWTH,,Sundaram Mutual Fund,Other,Growth,11.2963,08-02-2021,983,0.0,0.0,0.0,0.0,0.0,0.0,0.0,0.0,0.0,,59.44,0.0,6.3,Avoid,avoid,2026-06-29 17:02:44
140298,Edelweiss Government Securities Fund - Direct Plan - Growth Option,INF843K01GS2,Edelweiss Mutual Fund,Debt,Debt Scheme - Gilt Fund,26.8023,25-06-2026,2319,2.8,3.46,2.24,2.82,5.46,6.65,6.93,6.0,1.21,-0.03,3.29,100.0,25.2,Avoid,avoid,2026-06-29 17:02:38
140327,Edelweiss Emerging Markets Opportunities Equity Offshore Fund - Direct Plan - Growth Option,INF843K01IZ3,Edelweiss Mutual Fund,International,Other Scheme - FoF Overseas,31.2847,25-06-2026,2281,-1.58,23.3,35.66,66.88,37.39,28.36,22.39,10.37,6.21,1.11,38.8,80.0,71.1,Watch,watch,2026-06-29 17:02:38
140296,Edelweiss Europe Dynamic Equity Offshore Fund - Growth Option - Direct Plan,INF843K01GI3,Edelweiss Mutual Fund,International,Other Scheme - FoF Overseas,33.621,25-06-2026,2319,-0.73,9.53,10.72,26.08,27.97,23.45,24.77,15.27,3.37,0.98,35.72,80.0,70.2,Watch,watch,2026-06-29 17:02:38
140382,Bandhan Aggressive Hybrid Fund-Direct Plan Growth,INF194KA1U56,Bandhan Mutual Fund,Hybrid,Hybrid Scheme - Aggressive Hybrid Fund,31.233,25-06-2026,2344,2.63,11.91,2.4,7.09,10.39,15.38,16.65,13.2,3.72,0.75,31.55,100.0,46.9,Avoid,avoid,2026-06-29 17:02:39
140353,Edelweiss Flexi Cap Fund - Direct Plan - Growth Option,INF843K01KK1,Edelweiss Mutual Fund,Multi Cap,Equity Scheme - Flexi Cap Fund,44.96,25-06-2026,2362,2.08,10.88,-2.31,0.69,3.18,16.17,18.91,15.11,4.5,0.63,36.1,100.0,47.1,Avoid,avoid,2026-06-29 17:02:38
140444,Mahindra Manulife Equity Savings Fund - Direct Plan -Growth,INF174V01184,Mahindra Manulife Mutual Fund,Hybrid,Hybrid Scheme - Equity Savings,25.3764,25-06-2026,2310,2.48,5.45,2.09,5.91,6.53,10.68,11.37,9.83,1.74,0.68,20.46,100.0,37.5,Avoid,avoid,2026-06-29 17:02:43
140487,SBI Long Term Advantage Fund - Series IV - Direct Plan - Growth,INF200KA1LS9,SBI Mutual Fund,ELSS,ELSS,49.771,25-06-2026,1972,2.91,11.94,-2.47,1.6,1.59,11.32,14.4,13.93,5.06,0.33,34.4,100.0,36.0,Avoid,avoid,2026-06-29 17:02:45
140603,BANDHAN Credit Risk Fund-Direct Plan-Growth,INF194KA1X61,Bandhan Mutual Fund,Debt,Debt Scheme - Credit Risk Fund,18.8765,25-06-2026,2260,1.54,2.36,3.16,5.87,7.35,7.38,7.29,6.49,0.44,0.47,2.59,100.0,31.3,Avoid,avoid,2026-06-29 17:02:46
140613,Mahindra Manulife Low Duration Fund - Direct Plan -Growth,INF174V01267,Mahindra Manulife Mutual Fund,Debt,Debt Scheme - Low Duration Fund,1868.986,25-06-2026,2262,1.0,1.93,3.16,6.52,7.48,7.54,7.36,6.59,0.2,1.2,0.99,100.0,38.0,Avoid,avoid,2026-06-29 17:02:47
140950,PGIM India Fixed Duration Fund - Series AE - Direct Plan - Growth Option,,PGIM India Mutual Fund,Other,IDF,1248.1933,15-04-2020,739,0.0,0.0,0.0,0.0,0.0,0.0,0.0,0.0,0.0,,0.73,0.0,12.4,Avoid,avoid,2026-06-29 17:02:46
140964,UTI FTIF Series XXVI-VI (1146 Days)- Direct Plan - Growth Option,,UTI Mutual Fund,Other,IDF,12.4583,05-05-2020,751,0.0,0.0,0.0,0.0,0.0,0.0,0.0,0.0,0.0,,0.88,0.0,12.4,Avoid,avoid,2026-06-29 17:02:46
140970,UTI FTIF Series XXVI-VI (1146 Days)- Direct Plan - Quarterly Div Option,,UTI Mutual Fund,Other,IDF,10.0,05-05-2020,751,0.0,0.0,0.0,0.0,0.0,0.0,0.0,0.0,0.0,,2.98,0.0,12.2,Avoid,avoid,2026-06-29 17:02:46
140917,Nippon India Fixed Horizon Fund XXXIII- Series 4- Direct Plan-Growth Option,,Nippon India Mutual Fund,Other,IDF,12.6602,08-07-2020,795,0.0,0.0,0.0,0.0,0.0,0.0,0.0,0.0,0.0,,0.88,0.0,12.4,Avoid,avoid,2026-06-29 17:02:46
141012,UTI FTIF Series XXVI-VII (1140 Days)- Direct Plan - Annual Div Option,,UTI Mutual Fund,Other,IDF,10.0,12-05-2020,749,0.0,0.0,0.0,0.0,0.0,0.0,0.0,0.0,0.0,,8.0,0.0,11.7,Avoid,avoid,2026-06-29 17:02:46
140971,UTI FTIF Series XXVI-VI (1146 Days)- Direct Plan - Maturity Div Option,,UTI Mutual Fund,Other,IDF,10.0,05-05-2020,751,0.0,0.0,0.0,0.0,0.0,0.0,0.0,0.0,0.0,,19.73,0.0,10.4,Avoid,avoid,2026-06-29 17:02:46
140925,Nippon India Fixed Horizon Fund XXXIII- Series 5-Direct Plan- Growth Option,,Nippon India Mutual Fund,Other,IDF,12.1798,16-10-2020,859,0.0,0.0,0.0,0.0,0.0,0.0,0.0,0.0,0.0,,5.06,0.0,12.0,Avoid,avoid,2026-06-29 17:02:46
140865,Nippon India Fixed Horizon Fund XXXIII- Series 3-Direct Plan- Growth Option,,Nippon India Mutual Fund,Other,IDF,12.6483,13-07-2020,801,0.0,0.0,0.0,0.0,0.0,0.0,0.0,0.0,0.0,,0.91,0.0,12.4,Avoid,avoid,2026-06-29 17:02:46
140994,PGIM India Fixed Duration Fund - Series AG- Direct Plan - Growth Option,,PGIM India Mutual Fund,Other,IDF,1242.9309,16-04-2020,737,0.0,0.0,0.0,0.0,0.0,0.0,0.0,0.0,0.0,,0.7,0.0,12.4,Avoid,avoid,2026-06-29 17:02:46
141008,UTI FTIF Series XXVI-VII (1140 Days)- Direct Plan - Quarterly Div Option,,UTI Mutual Fund,Other,IDF,10.0,12-05-2020,749,0.0,0.0,0.0,0.0,0.0,0.0,0.0,0.0,0.0,,2.8,0.0,12.2,Avoid,avoid,2026-06-29 17:02:46
141005,BNP PARIBAS SUBSTANTIAL EQUITY HYBRID FUND -DIRECT PLAN- Income Distribution cum Capital Withdrawal OPTION,,BNP Paribas Mutual Fund,Hybrid,Hybrid Scheme - Aggressive Hybrid Fund,15.9228,13-03-2022,1217,0.0,0.0,0.0,0.0,0.0,0.0,0.0,-0.13,0.0,,26.42,0.0,9.7,Avoid,avoid,2026-06-29 17:02:46
141006,BNP PARIBAS SUBSTANTIAL EQUITY HYBRID FUND- DIRECT PLAN - GROWTH OPTION,,BNP Paribas Mutual Fund,Hybrid,Hybrid Scheme - Aggressive Hybrid Fund,19.0606,13-03-2022,1217,0.0,0.0,0.0,0.0,0.0,0.0,0.0,0.55,0.0,,26.44,20.0,12.2,Avoid,avoid,2026-06-29 17:02:46
140969,UTI FTIF Series XXVI-VI (1146 Days)- Direct Plan - Annual Div Option,,UTI Mutual Fund,Other,IDF,10.0,05-05-2020,751,0.0,0.0,0.0,0.0,0.0,0.0,0.0,0.0,0.0,,7.22,0.0,11.7,Avoid,avoid,2026-06-29 17:02:46
140936,PGIM India Fixed Duration Fund - Series AF - Direct Plan - Growth Option,,PGIM India Mutual Fund,Other,IDF,1193.5917,21-04-2020,737,0.0,0.0,0.0,0.0,0.0,0.0,0.0,0.0,0.0,,14.32,0.0,11.0,Avoid,avoid,2026-06-29 17:02:46
140976,Nippon India Fixed Horizon Fund XXXIII- Series 6-Direct Plan- Growth Option,,Nippon India Mutual Fund,Other,IDF,12.5991,08-07-2020,791,0.0,0.0,0.0,0.0,0.0,0.0,0.0,0.0,0.0,,0.81,0.0,12.4,Avoid,avoid,2026-06-29 17:02:46
141013,UTI FTIF Series XXVI-VII (1140 Days)- Direct Plan - Growth Option,,UTI Mutual Fund,Other,IDF,12.724,12-05-2020,749,0.0,0.0,0.0,0.0,0.0,0.0,0.0,0.0,0.0,,0.75,0.0,12.4,Avoid,avoid,2026-06-29 17:02:46
141112,UTI FTIF Series XXVI-VIII (1154 Days)- Direct Plan - Quarterly Div Option,,UTI Mutual Fund,Other,IDF,10.0,26-05-2020,758,0.0,0.0,0.0,0.0,0.0,0.0,0.0,0.0,0.0,,2.63,0.0,12.2,Avoid,avoid,2026-06-29 17:02:48
141014,UTI FTIF Series XXVI-VII (1140 Days)- Direct Plan - Maturity Div Option,,UTI Mutual Fund,Other,IDF,10.0,12-05-2020,749,0.0,0.0,0.0,0.0,0.0,0.0,0.0,0.0,0.0,,21.4,0.0,10.3,Avoid,avoid,2026-06-29 17:02:48
141036,Nippon India Fixed Horizon Fund XXXIII- Series 7- Direct Plan-Growth Option,,Nippon India Mutual Fund,Other,IDF,12.5697,09-07-2020,790,0.0,0.0,0.0,0.0,0.0,0.0,0.0,0.0,0.0,,0.77,0.0,12.4,Avoid,avoid,2026-06-29 17:02:48
141111,UTI FTIF Series XXVI-VIII (1154 Days)- Direct Plan - Growth Option,,UTI Mutual Fund,Other,IDF,12.4509,26-05-2020,758,0.0,0.0,0.0,0.0,0.0,0.0,0.0,0.0,0.0,,0.9,0.0,12.4,Avoid,avoid,2026-06-29 17:02:48
141119,UTI FTIF Series XXVI-VIII (1154 Days)- Direct Plan - Annual Div Option,,UTI Mutual Fund,Other,IDF,10.0,26-05-2020,758,0.0,0.0,0.0,0.0,0.0,0.0,0.0,0.0,0.0,,7.34,0.0,11.7,Avoid,avoid,2026-06-29 17:02:48
141145,Sundaram Select Micro Cap Series XIV Direct Plan - Growth,,Sundaram Mutual Fund,Other,Growth,16.9089,28-04-2022,1231,0.0,0.0,0.0,0.0,0.0,0.0,0.0,3.66,0.0,,60.06,20.0,8.8,Avoid,avoid,2026-06-29 17:02:48
141167,UTI FTIF Series XXVI-IX (1113 Days)- Direct Plan - Quarterly Div Option,,UTI Mutual Fund,Other,IDF,10.0,28-04-2020,731,0.0,0.0,0.0,0.0,0.0,0.0,0.0,0.0,0.0,,2.75,0.0,12.2,Avoid,avoid,2026-06-29 17:02:48
141113,UTI FTIF Series XXVI-VIII (1154 Days)- Direct Plan - Maturity Div Option,,UTI Mutual Fund,Other,IDF,10.0,26-05-2020,758,0.0,0.0,0.0,0.0,0.0,0.0,0.0,0.0,0.0,,19.66,0.0,10.5,Avoid,avoid,2026-06-29 17:02:48
141114,UTI FTIF Series XXVI-VIII (1154 Days)- Direct Plan - Flexi Div Option,,UTI Mutual Fund,Other,IDF,10.0,26-05-2020,758,0.0,0.0,0.0,0.0,0.0,0.0,0.0,0.0,0.0,,19.66,0.0,10.5,Avoid,avoid,2026-06-29 17:02:48
141154,Nippon India Fixed Horizon Fund XXXIII- Series 8-Direct Plan- Growth Option,,Nippon India Mutual Fund,Other,IDF,12.5558,08-07-2020,781,0.0,0.0,0.0,0.0,0.0,0.0,0.0,0.0,0.0,,0.9,0.0,12.4,Avoid,avoid,2026-06-29 17:02:48
141168,UTI FTIF Series XXVI-IX (1113 Days)- Direct Plan - Maturity Div Option,,UTI Mutual Fund,Other,IDF,10.0,28-04-2020,731,0.0,0.0,0.0,0.0,0.0,0.0,0.0,0.0,0.0,,19.23,0.0,10.5,Avoid,avoid,2026-06-29 17:02:48
141175,UTI FTIF Series XXVI-IX (1113 Days)- Direct Plan - Annual Div Option,,UTI Mutual Fund,Other,IDF,10.0,28-04-2020,731,0.0,0.0,0.0,0.0,0.0,0.0,0.0,0.0,0.0,,7.31,0.0,11.7,Avoid,avoid,2026-06-29 17:02:48
141176,UTI FTIF Series XXVI-IX (1113 Days)- Direct Plan - Growth Option,,UTI Mutual Fund,Other,IDF,12.3808,28-04-2020,731,0.0,0.0,0.0,0.0,0.0,0.0,0.0,0.0,0.0,,0.82,0.0,12.4,Avoid,avoid,2026-06-29 17:02:48
141141,Sundaram Long Term Micro Cap Tax Advantage Fund Series V Direct Plan - Growth,INF903JA1955,Sundaram Mutual Fund,ELSS,ELSS,31.2198,25-06-2026,2206,3.33,23.93,8.61,6.46,5.13,16.81,20.94,18.16,6.39,0.53,59.89,100.0,47.9,Avoid,avoid,2026-06-29 17:02:48
141179,Nippon India Fixed Horizon Fund XXXIII- Series 9- Direct Plan - Growth Option,,Nippon India Mutual Fund,Other,IDF,11.8237,20-10-2020,840,0.0,0.0,0.0,0.0,0.0,0.0,0.0,0.0,0.0,,5.64,0.0,11.9,Avoid,avoid,2026-06-29 17:02:48
141193,UTI FTIF Series XXVI-X (1107 Days)- Direct Plan - Growth Option,,UTI Mutual Fund,Other,IDF,12.3658,28-04-2020,729,0.0,0.0,0.0,0.0,0.0,0.0,0.0,0.0,0.0,,0.81,0.0,12.4,Avoid,avoid,2026-06-29 17:02:48
141187,Nippon India Fixed Horizon Fund XXXIII- Series 10- Direct Plan - Growth Option,,Nippon India Mutual Fund,Other,IDF,12.5115,15-07-2020,774,0.0,0.0,0.0,0.0,0.0,0.0,0.0,0.0,0.0,,0.93,0.0,12.4,Avoid,avoid,2026-06-29 17:02:48
141194,UTI FTIF Series XXVI-X (1107 Days)- Direct Plan - Maturity Div Option,,UTI Mutual Fund,Other,IDF,10.0,28-04-2020,729,0.0,0.0,0.0,0.0,0.0,0.0,0.0,0.0,0.0,,19.13,0.0,10.5,Avoid,avoid,2026-06-29 17:02:48
141199,UTI FTIF Series XXVI-X (1107 Days)- Direct Plan - Quarterly Div Option,,UTI Mutual Fund,Other,IDF,10.0,28-04-2020,729,0.0,0.0,0.0,0.0,0.0,0.0,0.0,0.0,0.0,,2.72,0.0,12.2,Avoid,avoid,2026-06-29 17:02:48
141292,UTI FTIF Series XXVI-XII (1096 Days)- Direct Plan  - Maturity Div Option,,UTI Mutual Fund,Other,IDF,10.0,28-04-2020,719,0.0,0.0,0.0,0.0,0.0,0.0,0.0,0.0,0.0,,19.04,0.0,10.5,Avoid,avoid,2026-06-29 17:02:49
141242,UTI FTIF Series XXVI-XI (1105 Days)- Direct Plan - Annual Div Option,,UTI Mutual Fund,Other,IDF,10.0,28-04-2020,726,0.0,0.0,0.0,0.0,0.0,0.0,0.0,0.0,0.0,,7.29,0.0,11.7,Avoid,avoid,2026-06-29 17:02:49
141209,BNP PARIBAS ARBITRAGE FUND DIRECT PLAN QUARTERLY Income Distribution cum Capital Withdrawal Option,,BNP Paribas Mutual Fund,Hybrid,Hybrid Scheme - Arbitrage Fund,10.4699,13-03-2022,1204,0.0,0.0,0.0,0.0,0.0,0.0,0.0,-0.31,0.0,,2.24,0.0,12.3,Avoid,avoid,2026-06-29 17:02:49
141233,UTI FTIF Series XXVI-XI (1105 Days)- Direct Plan - Flexi Div Option,,UTI Mutual Fund,Other,IDF,10.0,28-04-2020,726,0.0,0.0,0.0,0.0,0.0,0.0,0.0,0.0,0.0,,19.11,0.0,10.5,Avoid,avoid,2026-06-29 17:02:49
141200,UTI FTIF Series XXVI-X (1107 Days)- Direct Plan - Flexi Div Option,,UTI Mutual Fund,Other,IDF,10.0,28-04-2020,729,0.0,0.0,0.0,0.0,0.0,0.0,0.0,0.0,0.0,,19.14,0.0,10.5,Avoid,avoid,2026-06-29 17:02:48
141236,UTI FTIF Series XXVI-XI (1105 Days)- Direct Plan - Growth Option,,UTI Mutual Fund,Other,IDF,12.3598,28-04-2020,726,0.0,0.0,0.0,0.0,0.0,0.0,0.0,0.0,0.0,,0.8,0.0,12.4,Avoid,avoid,2026-06-29 17:02:49
141287,UTI FTIF Series XXVI-XII (1096 Days)- Direct Plan - Annual Div Option,,UTI Mutual Fund,Other,IDF,10.0,28-04-2020,719,0.0,0.0,0.0,0.0,0.0,0.0,0.0,0.0,0.0,,7.33,0.0,11.7,Avoid,avoid,2026-06-29 17:02:49
141253,SUNDARAM HYBRID SERIES U DIRECT PLAN GROWTH,,Sundaram Mutual Fund,Hybrid,IDF,12.3759,28-10-2020,847,0.0,0.0,0.0,0.0,0.0,0.0,0.0,0.0,0.0,,8.17,0.0,11.6,Avoid,avoid,2026-06-29 17:02:49
141288,UTI FTIF Series XXVI-XII (1096 Days)- Direct Plan - Quarterly Div Option,,UTI Mutual Fund,Other,IDF,10.0,28-04-2020,719,0.0,0.0,0.0,0.0,0.0,0.0,0.0,0.0,0.0,,2.64,0.0,12.2,Avoid,avoid,2026-06-29 17:02:49
141201,UTI FTIF Series XXVI-X (1107 Days)- Direct Plan - Annual Div Option,,UTI Mutual Fund,Other,IDF,10.0,28-04-2020,729,0.0,0.0,0.0,0.0,0.0,0.0,0.0,0.0,0.0,,7.27,0.0,11.7,Avoid,avoid,2026-06-29 17:02:49
141238,UTI FTIF Series XXVI-XI (1105 Days)- Direct Plan - Maturity Div Option,,UTI Mutual Fund,Other,IDF,10.0,28-04-2020,726,0.0,0.0,0.0,0.0,0.0,0.0,0.0,0.0,0.0,,19.09,0.0,10.5,Avoid,avoid,2026-06-29 17:02:49
141208,BNP PARIBAS ARBITRAGE FUND DIRECT PLAN MONTHLY Income Distribution cum Capital Withdrawal Option,,BNP Paribas Mutual Fund,Hybrid,Hybrid Scheme - Arbitrage Fund,10.3352,13-03-2022,1204,0.0,0.0,0.0,0.0,0.0,0.0,0.0,-0.32,0.0,,1.63,0.0,12.3,Avoid,avoid,2026-06-29 17:02:49
141248,Union Largecap Fund - Direct Plan - Growth Option,INF582M01CU7,Union Mutual Fund,Large Cap,Equity Scheme - Large Cap Fund,24.69,25-06-2026,2242,2.28,10.47,-2.64,-3.06,0.12,9.94,12.86,10.14,4.49,0.25,36.39,60.0,25.7,Avoid,avoid,2026-06-29 17:02:49
141226,Mahindra Manulife Multi Cap Fund - Direct Plan -Growth,INF174V01341,Mahindra Manulife Mutual Fund,Multi Cap,Equity Scheme - Multi Cap Fund,44.3214,25-06-2026,2244,2.86,17.32,6.21,6.56,6.37,19.68,22.03,17.8,4.83,0.77,34.44,100.0,56.9,Watch,watch,2026-06-29 17:02:49
141293,UTI FTIF Series XXVI-XII (1096 Days)- Direct Plan - Flexi Div Option,,UTI Mutual Fund,Other,IDF,10.0,28-04-2020,719,0.0,0.0,0.0,0.0,0.0,0.0,0.0,0.0,0.0,,19.03,0.0,10.5,Avoid,avoid,2026-06-29 17:02:49
141296,UTI FTIF Series XXVI-XII (1096 Days)- Direct Plan - Growth Option,,UTI Mutual Fund,Other,IDF,12.3522,28-04-2020,719,0.0,0.0,0.0,0.0,0.0,0.0,0.0,0.0,0.0,,0.79,0.0,12.4,Avoid,avoid,2026-06-29 17:02:49
141307,UTI FTIF Series XXVI-XIII (1124 Days)- Direct Plan - Growth Option,,UTI Mutual Fund,Other,IDF,12.626,02-06-2020,737,0.0,0.0,0.0,0.0,0.0,0.0,0.0,0.0,0.0,,0.74,0.0,12.4,Avoid,avoid,2026-06-29 17:02:49
141308,UTI FTIF Series XXVI-XIII (1124 Days)- Direct Plan - Annual Div Option,,UTI Mutual Fund,Other,IDF,10.0,02-06-2020,737,0.0,0.0,0.0,0.0,0.0,0.0,0.0,0.0,0.0,,8.05,0.0,11.7,Avoid,avoid,2026-06-29 17:02:49
141309,UTI FTIF Series XXVI-XIII (1124 Days)- Direct Plan - Maturity Div Option,,UTI Mutual Fund,Other,IDF,10.0,02-06-2020,737,0.0,0.0,0.0,0.0,0.0,0.0,0.0,0.0,0.0,,20.79,0.0,10.3,Avoid,avoid,2026-06-29 17:02:49
141342,Sundaram Value Fund Series VIII Direct Plan - Growth,,Sundaram Mutual Fund,Thematic,Growth,13.5912,19-05-2021,983,0.0,0.0,0.0,0.0,0.0,0.0,0.0,0.0,0.0,,38.64,0.0,8.5,Avoid,avoid,2026-06-29 17:02:49
141369,Axis Equity Advantage Fund - Series 1 - Direct Plan - Growth Option,,Axis Mutual Fund,Other,Growth,18.07,30-09-2021,1071,0.0,0.0,0.0,0.0,0.0,0.0,0.0,1.81,0.0,,18.89,20.0,13.0,Avoid,avoid,2026-06-29 17:02:49
141315,UTI FTIF Series XXVI-XIII (1124 Days)- Direct Plan - Quarterly Div Option,,UTI Mutual Fund,Other,IDF,10.0,02-06-2020,737,0.0,0.0,0.0,0.0,0.0,0.0,0.0,0.0,0.0,,2.7,0.0,12.2,Avoid,avoid,2026-06-29 17:02:49
141388,Nippon India Fixed Horizon Fund XXXIV- Series 1 - Direct Plan- Growth Option,,Nippon India Mutual Fund,Other,IDF,11.8793,21-10-2020,821,0.0,0.0,0.0,0.0,0.0,0.0,0.0,0.0,0.0,,5.35,0.0,11.9,Avoid,avoid,2026-06-29 17:02:49
141392,Nippon India Fixed Horizon Fund XXXIV- Series 2 - Direct Plan- Growth Option,,Nippon India Mutual Fund,Other,IDF,12.4953,08-07-2020,757,0.0,0.0,0.0,0.0,0.0,0.0,0.0,0.0,0.0,,0.91,0.0,12.4,Avoid,avoid,2026-06-29 17:02:50
141394,UTI FTIF Series XXVI-XIV (1105 Days) - Direct Plan - Annual Div Option,,UTI Mutual Fund,Other,IDF,10.0,02-06-2020,726,0.0,0.0,0.0,0.0,0.0,0.0,0.0,0.0,0.0,,7.42,0.0,11.7,Avoid,avoid,2026-06-29 17:02:50
141395,UTI FTIF Series XXVI-XIV (1105 Days) - Direct Plan - Flexi Div Option,,UTI Mutual Fund,Other,IDF,10.0,02-06-2020,726,0.0,0.0,0.0,0.0,0.0,0.0,0.0,0.0,0.0,,19.01,0.0,10.5,Avoid,avoid,2026-06-29 17:02:50
141396,UTI FTIF Series XXVI-XIV (1105 Days) - Direct Plan - Maturity Div Div Option,,UTI Mutual Fund,Other,IDF,10.0,02-06-2020,726,0.0,0.0,0.0,0.0,0.0,0.0,0.0,0.0,0.0,,19.01,0.0,10.5,Avoid,avoid,2026-06-29 17:02:50
141237,UTI FTIF Series XXVI-XI (1105 Days)- Direct Plan - Quarterly Div  Option,,UTI Mutual Fund,Other,IDF,10.0,28-04-2020,726,0.0,0.0,0.0,0.0,0.0,0.0,0.0,0.0,0.0,,2.72,0.0,12.2,Avoid,avoid,2026-06-29 17:02:49
141397,UTI FTIF Series XXVI-XIV (1105 Days) - Direct Plan - Quarterly Div Option,,UTI Mutual Fund,Other,IDF,10.0,02-06-2020,726,0.0,0.0,0.0,0.0,0.0,0.0,0.0,0.0,0.0,,2.41,0.0,12.2,Avoid,avoid,2026-06-30 16:10:00
141402,UTI FTIF Series XXVI-XIV (1105 Days) - Direct Plan - Growth Option,,UTI Mutual Fund,Other,IDF,12.3488,02-06-2020,726,0.0,0.0,0.0,0.0,0.0,0.0,0.0,0.0,0.0,,0.81,0.0,12.4,Avoid,avoid,2026-06-30 16:10:01
141430,HDFC Equity Opp Fund - II - 1126D May 2017 (1) - Growth Option - Direct Plan,,HDFC Mutual Fund,Other,Growth,14.837,14-01-2022,1131,0.0,0.0,0.0,0.0,0.0,0.0,0.0,3.0,0.0,,30.08,20.0,11.9,Avoid,avoid,2026-06-29 17:03:13
141404,Sundaram Select Micro Cap Series XV Direct Plan - Growth,,Sundaram Mutual Fund,Other,Growth,16.5286,31-05-2022,1229,0.0,0.0,0.0,0.0,0.0,0.0,0.0,3.89,0.0,,59.88,20.0,8.8,Avoid,avoid,2026-06-30 16:10:01
141453,UTI FTIF Series XXVI-XV (1097 Days) - Direct Plan - Annual Div Option,,UTI Mutual Fund,Other,IDF,10.0,02-06-2020,719,0.0,0.0,0.0,0.0,0.0,0.0,0.0,0.0,0.0,,7.42,0.0,11.7,Avoid,avoid,2026-06-29 17:03:13
141432,Nippon India Fixed Horizon Fund XXXIV- Series 3-Direct Plan- Growth Option,,Nippon India Mutual Fund,Other,IDF,12.4918,08-07-2020,751,0.0,0.0,0.0,0.0,0.0,0.0,0.0,0.0,0.0,,0.87,0.0,12.4,Avoid,avoid,2026-06-29 17:03:13
141452,UTI FTIF Series XXVI-XV (1097 Days) - Direct Plan - Growth Option,,UTI Mutual Fund,Other,IDF,12.3262,02-06-2020,719,0.0,0.0,0.0,0.0,0.0,0.0,0.0,0.0,0.0,,0.8,0.0,12.4,Avoid,avoid,2026-06-29 17:03:13
141455,UTI FTIF Series XXVI-XV (1097 Days) - Direct Plan - Maturity Div Option,,UTI Mutual Fund,Other,IDF,10.0004,02-06-2020,719,0.0,0.0,0.0,0.0,0.0,0.0,0.0,0.0,0.0,,18.84,0.0,10.5,Avoid,avoid,2026-06-29 17:03:13
141461,Nippon India Fixed Horizon Fund XXXIV- Series 4-Direct Plan- Growth Option,,Nippon India Mutual Fund,Other,IDF,12.4283,13-07-2020,746,0.0,0.0,0.0,0.0,0.0,0.0,0.0,0.0,0.0,,0.89,0.0,12.4,Avoid,avoid,2026-06-29 17:03:13
141454,UTI FTIF Series XXVI-XV (1097 Days) - Direct Plan - Quarterly Div Option,,UTI Mutual Fund,Other,IDF,10.0,02-06-2020,719,0.0,0.0,0.0,0.0,0.0,0.0,0.0,0.0,0.0,,2.45,0.0,12.2,Avoid,avoid,2026-06-29 17:03:13
141478,UTI FTIF Series XXVII-I (1113 Days) - Direct Plan - Annual Div Option,,UTI Mutual Fund,Other,IDF,10.0,07-07-2020,732,0.0,0.0,0.0,0.0,0.0,0.0,0.0,0.0,0.0,,7.76,0.0,11.7,Avoid,avoid,2026-06-29 17:03:13
141479,UTI FTIF Series XXVII-I (1113 Days) - Direct Plan - Maturity Div Option,,UTI Mutual Fund,Other,IDF,10.0,07-07-2020,732,0.0,0.0,0.0,0.0,0.0,0.0,0.0,0.0,0.0,,19.08,0.0,10.5,Avoid,avoid,2026-06-29 17:03:13
141475,IDBI Small Cap Fund - Growth Direct,,IDBI Mutual Fund,Small Cap,Equity Scheme - Small Cap Fund,22.78,27-07-2023,1500,0.0,0.0,0.0,0.0,0.0,0.67,7.36,7.94,0.0,-25.31,46.02,60.0,12.2,Avoid,avoid,2026-06-29 17:03:13
141480,UTI FTIF Series XXVII-I (1113 Days) - Direct Plan - Flexi Div Option,,UTI Mutual Fund,Other,IDF,10.0,07-07-2020,732,0.0,0.0,0.0,0.0,0.0,0.0,0.0,0.0,0.0,,19.08,0.0,10.5,Avoid,avoid,2026-06-29 17:03:13
141485,UTI FTIF Series XXVII-I (1113 Days) - Direct Plan - Growth Option,,UTI Mutual Fund,Other,IDF,12.3583,07-07-2020,732,0.0,0.0,0.0,0.0,0.0,0.0,0.0,0.0,0.0,,0.92,0.0,12.4,Avoid,avoid,2026-06-29 17:03:13
141486,UTI FTIF Series XXVII-I (1113 Days) - Direct Plan - Quarterly Div Option,,UTI Mutual Fund,Other,IDF,10.0,07-07-2020,732,0.0,0.0,0.0,0.0,0.0,0.0,0.0,0.0,0.0,,2.56,0.0,12.2,Avoid,avoid,2026-06-29 17:03:13
141521,Nippon India Fixed Horizon Fund XXXIV- Series 6- Direct Plan-Growth Option,,Nippon India Mutual Fund,Other,IDF,11.7586,20-10-2020,801,0.0,0.0,0.0,0.0,0.0,0.0,0.0,0.0,0.0,,5.24,0.0,12.0,Avoid,avoid,2026-06-29 17:03:13
141524,SBI DEBT FUND SERIES C - 1 (1100 DAYS) - DIRECT PLAN - GROWTH,,SBI Mutual Fund,Debt,IDF,11.3144,26-06-2020,626,0.0,0.0,0.0,0.0,0.0,0.0,0.0,0.0,0.0,,4.52,0.0,12.0,Avoid,avoid,2026-06-29 17:03:13
141499,Sundaram Select Small Cap Series V Direct Plan - Growth,,Sundaram Mutual Fund,Small Cap,Growth,14.1554,23-06-2021,981,0.0,0.0,0.0,0.0,0.0,0.0,0.0,0.0,0.0,,40.39,0.0,8.3,Avoid,avoid,2026-06-29 17:03:13
141531,UTI FTIF Series XXVII-II (1161 Days) - Direct Plan - Annual Div Option,,UTI Mutual Fund,Other,IDF,10.0,02-09-2020,767,0.0,0.0,0.0,0.0,0.0,0.0,0.0,0.0,0.0,,9.45,0.0,11.5,Avoid,avoid,2026-06-29 17:03:14
141532,UTI FTIF Series XXVII-II (1161 Days) - Direct Plan - Quarterly Div Option,,UTI Mutual Fund,Other,IDF,10.0,02-09-2020,767,0.0,0.0,0.0,0.0,0.0,0.0,0.0,0.0,0.0,,6.58,0.0,11.8,Avoid,avoid,2026-06-29 17:03:14
141534,UTI FTIF Series XXVII-II (1161 Days) - Direct Plan - Growth Option,,UTI Mutual Fund,Other,IDF,11.7477,02-09-2020,767,0.0,0.0,0.0,0.0,0.0,0.0,0.0,0.0,0.0,,6.14,0.0,11.9,Avoid,avoid,2026-06-29 17:03:14
141553,Nippon India Fixed Horizon Fund XXXIV- Series 7- Direct Plan-Growth Option,,Nippon India Mutual Fund,Other,IDF,12.3038,08-07-2020,728,0.0,0.0,0.0,0.0,0.0,0.0,0.0,0.0,0.0,,0.86,0.0,12.4,Avoid,avoid,2026-06-29 17:03:14
141561,Sundaram Select Small Cap Series VI Direct Plan - Growth,,Sundaram Mutual Fund,Small Cap,Growth,14.4952,19-07-2021,985,0.0,0.0,0.0,0.0,0.0,0.0,0.0,0.1,0.0,,40.48,20.0,10.8,Avoid,avoid,2026-06-29 17:03:14
141571,UTI FTIF Series XXVII-III (1096 Days) - Direct Plan - Maturity Div Option,,UTI Mutual Fund,Other,IDF,10.0,07-07-2020,719,0.0,0.0,0.0,0.0,0.0,0.0,0.0,0.0,0.0,,18.74,0.0,10.5,Avoid,avoid,2026-06-29 17:03:14
141614,Nippon India Fixed Horizon Fund XXXIV- Series 8- Direct Plan-Growth Option,,Nippon India Mutual Fund,Other,IDF,11.5168,20-10-2020,788,0.0,0.0,0.0,0.0,0.0,0.0,0.0,0.0,0.0,,5.64,0.0,11.9,Avoid,avoid,2026-06-29 17:03:14
141570,UTI FTIF Series XXVII-III (1096 Days) - Direct Plan - Annual Div Option,,UTI Mutual Fund,Other,IDF,10.0,07-07-2020,719,0.0,0.0,0.0,0.0,0.0,0.0,0.0,0.0,0.0,,7.71,0.0,11.7,Avoid,avoid,2026-06-29 17:03:14
141572,UTI FTIF Series XXVII-III (1096 Days) - Direct Plan - Growth Option,,UTI Mutual Fund,Other,IDF,12.3068,07-07-2020,719,0.0,0.0,0.0,0.0,0.0,0.0,0.0,0.0,0.0,,0.91,0.0,12.4,Avoid,avoid,2026-06-29 17:03:14
141616,Nippon India Fixed Horizon Fund XXXIV - Series 9 - Direct Plan - Growth Option,,Nippon India Mutual Fund,Other,IDF,12.3264,20-08-2020,746,0.0,0.0,0.0,0.0,0.0,0.0,0.0,0.0,0.0,,0.91,0.0,12.4,Avoid,avoid,2026-06-29 17:03:14
141559,ICICI Prudential Value Fund - Series 14 - Direct Plan - Cumulative Option,,ICICI Prudential Mutual Fund,Thematic,Growth,12.99,02-02-2021,636,0.0,0.0,0.0,0.0,0.0,0.0,0.0,0.0,0.0,,35.79,0.0,8.8,Avoid,avoid,2026-06-29 17:03:14
141620,UTI FTIF Series XXVII-IV (1113 Days) - Direct Plan - Growth Option,,UTI Mutual Fund,Other,IDF,12.2803,11-08-2020,733,0.0,0.0,0.0,0.0,0.0,0.0,0.0,0.0,0.0,,0.79,0.0,12.4,Avoid,avoid,2026-06-29 17:03:14
141569,UTI FTIF Series XXVII-III (1096 Days) - Direct Plan - Quarterly Div Option,,UTI Mutual Fund,Other,IDF,10.0,07-07-2020,719,0.0,0.0,0.0,0.0,0.0,0.0,0.0,0.0,0.0,,2.57,0.0,12.2,Avoid,avoid,2026-06-29 17:03:14
141580,HDFC Equity Opp Fund - II - 1100D June 2017 (1) - Growth Option - Direct Plan,,HDFC Mutual Fund,Other,Growth,13.895,20-01-2022,1114,0.0,0.0,0.0,0.0,0.0,0.0,0.0,2.53,0.0,,33.48,20.0,11.5,Avoid,avoid,2026-06-29 17:03:14
141608,Aditya Birla Sun Life Resurgent India Fund - Series 4 - Direct Plan-Growth,,Aditya Birla Sun Life Mutual Fund,Other,Growth,11.65,06-01-2021,856,0.0,0.0,0.0,0.0,0.0,0.0,0.0,0.0,0.0,,27.39,0.0,9.6,Avoid,avoid,2026-06-29 17:03:14
141604,ICICI Prudential Value Fund - Series 15 - Direct Plan - Cumulative Option,,ICICI Prudential Mutual Fund,Thematic,Growth,13.18,04-02-2021,638,0.0,0.0,0.0,0.0,0.0,0.0,0.0,0.0,0.0,,39.27,0.0,8.4,Avoid,avoid,2026-06-29 17:03:14
141622,UTI FTIF Series XXVII-IV (1113 Days) - Direct Plan - Flexi Div Option,,UTI Mutual Fund,Other,IDF,10.0,11-08-2020,733,0.0,0.0,0.0,0.0,0.0,0.0,0.0,0.0,0.0,,18.55,0.0,10.6,Avoid,avoid,2026-06-29 17:03:14
141621,UTI FTIF Series XXVII-IV (1113 Days) - Direct Plan - Annual Div Option,,UTI Mutual Fund,Other,IDF,10.0,11-08-2020,733,0.0,0.0,0.0,0.0,0.0,0.0,0.0,0.0,0.0,,7.74,0.0,11.7,Avoid,avoid,2026-06-29 17:03:14
141626,UTI FTIF Series XXVII-IV (1113 Days) - Direct Plan - Maturity Div Option,,UTI Mutual Fund,Other,IDF,10.0,11-08-2020,733,0.0,0.0,0.0,0.0,0.0,0.0,0.0,0.0,0.0,,18.56,0.0,10.6,Avoid,avoid,2026-06-29 17:03:14
141627,UTI FTIF Series XXVII-IV (1113 Days) - Direct Plan - Quarterly Div Option,,UTI Mutual Fund,Other,IDF,10.0,11-08-2020,733,0.0,0.0,0.0,0.0,0.0,0.0,0.0,0.0,0.0,,2.51,0.0,12.2,Avoid,avoid,2026-06-29 17:03:14
141666,Axis Equity Advantage Fund - Series 2 - Direct Plan - Growth Option,,Axis Mutual Fund,Other,Growth,15.4544,02-02-2021,859,0.0,0.0,0.0,0.0,0.0,0.0,0.0,0.0,0.0,,16.9,0.0,10.7,Avoid,avoid,2026-06-29 17:03:15
141638,PGIM India Fixed Duration Fund- Series AH-Direct Plan Growth Option,,PGIM India Mutual Fund,Other,IDF,1229.0981,28-07-2020,731,0.0,0.0,0.0,0.0,0.0,0.0,0.0,0.0,0.0,,0.86,0.0,12.4,Avoid,avoid,2026-06-29 17:03:14
141658,Nippon India Fixed Horizon Fund XXXIV- Series 10- Direct Plan-Growth Option,,Nippon India Mutual Fund,Other,IDF,11.5433,20-10-2020,776,0.0,0.0,0.0,0.0,0.0,0.0,0.0,0.0,0.0,,5.58,0.0,11.9,Avoid,avoid,2026-06-29 17:03:15
141716,UTI FTIF Series XXVII-V (1097 Days) - Direct Plan - Growth Option,,UTI Mutual Fund,Other,IDF,12.2454,11-08-2020,721,0.0,0.0,0.0,0.0,0.0,0.0,0.0,0.0,0.0,,0.79,0.0,12.4,Avoid,avoid,2026-06-29 17:03:15
141678,ICICI Prudential Value Fund - Series 16 - Direct Plan - Cumulative Option,,ICICI Prudential Mutual Fund,Thematic,Growth,12.93,02-03-2021,656,0.0,0.0,0.0,0.0,0.0,0.0,0.0,0.0,0.0,,16.68,0.0,10.8,Avoid,avoid,2026-06-29 17:03:15
141710,UTI FTIF Series XXVII-V (1097 Days) - Direct Plan - Annual Div Option,,UTI Mutual Fund,Other,IDF,10.0,11-08-2020,721,0.0,0.0,0.0,0.0,0.0,0.0,0.0,0.0,0.0,,7.79,0.0,11.7,Avoid,avoid,2026-06-29 17:03:15
141711,UTI FTIF Series XXVII-V (1097 Days) - Direct Plan - Maturity Div Option,,UTI Mutual Fund,Other,IDF,10.0,11-08-2020,721,0.0,0.0,0.0,0.0,0.0,0.0,0.0,0.0,0.0,,18.33,0.0,10.6,Avoid,avoid,2026-06-29 17:03:15
141717,UTI FTIF Series XXVII-V (1097 Days) - Direct Plan - Flexi Div Option,,UTI Mutual Fund,Other,IDF,10.0,11-08-2020,721,0.0,0.0,0.0,0.0,0.0,0.0,0.0,0.0,0.0,,18.41,0.0,10.6,Avoid,avoid,2026-06-29 17:03:15
141588,Axis Corporate Bond Fund - Direct Plan Growth,INF846K01ZM8,Axis Mutual Fund,Debt,Debt Scheme - Corporate Bond Fund,19.2212,25-06-2026,2170,1.66,2.49,3.0,5.96,8.06,7.91,7.8,6.91,0.51,0.72,3.81,100.0,34.0,Avoid,avoid,2026-06-29 17:03:18
141564,Sundaram Long Term Micro Cap Tax Advantage Fund Series VI Direct Plan - Growth,INF903JA1AZ0,Sundaram Mutual Fund,ELSS,ELSS,30.0047,25-06-2026,2148,3.1,23.16,7.99,5.12,4.52,16.33,20.94,18.54,6.35,0.51,60.38,100.0,46.7,Avoid,avoid,2026-06-29 17:03:18
141642,Axis Balanced Advantage Fund - Direct Plan - Growth,INF846K01A29,Axis Mutual Fund,Hybrid,Hybrid Scheme - Dynamic Asset Allocation or Balanced Advantage,24.07,25-06-2026,2195,2.51,6.98,-0.33,2.29,5.96,13.19,13.78,11.34,2.7,0.69,17.16,100.0,42.0,Avoid,avoid,2026-06-29 17:03:18
141748,UTI FTIF Series XXVII-VI (1113 Days) - Direct Plan - Annual Div Option,,UTI Mutual Fund,Other,IDF,10.0,15-09-2020,735,0.0,0.0,0.0,0.0,0.0,0.0,0.0,0.0,0.0,,11.77,0.0,11.3,Avoid,avoid,2026-06-29 17:03:19
141745,SBI DEBT FUND SERIES C - 2 (1100 DAYS) - DIRECT PLAN - GROWTH,,SBI Mutual Fund,Debt,IDF,12.138,24-08-2020,675,0.0,0.0,0.0,0.0,0.0,0.0,0.0,0.0,0.0,,0.42,0.0,12.5,Avoid,avoid,2026-06-29 17:03:19
141718,UTI FTIF Series XXVII- V (1097 Days) - Direct Plan - Quarterly Div Option,,UTI Mutual Fund,Other,IDF,10.0,11-08-2020,721,0.0,0.0,0.0,0.0,0.0,0.0,0.0,0.0,0.0,,2.53,0.0,12.2,Avoid,avoid,2026-06-29 17:03:15
141749,UTI FTIF Series XXVII-VI (1113 Days) - Direct Plan - Quarterly Div Option,,UTI Mutual Fund,Other,IDF,9.8832,15-09-2020,735,0.0,0.0,0.0,0.0,0.0,0.0,0.0,0.0,0.0,,7.36,0.0,11.7,Avoid,avoid,2026-06-29 17:03:19
141740,Sundaram Select Micro Cap Series XVI Direct Plan - Growth,,Sundaram Mutual Fund,Other,Growth,15.4943,30-08-2022,1231,0.0,0.0,0.0,0.0,0.0,0.0,0.55,3.43,0.0,,60.33,40.0,11.2,Avoid,avoid,2026-06-29 17:03:19
141757,UTI FTIF Series XXVII-VI (1113 Days) - Direct Plan - Growth Option,,UTI Mutual Fund,Other,IDF,11.3005,15-09-2020,735,0.0,0.0,0.0,0.0,0.0,0.0,0.0,0.0,0.0,,6.1,0.0,11.9,Avoid,avoid,2026-06-29 17:03:19
141769,UTI FTIF Series XXVII-VII (1104 Days) - Direct Plan - Annual Div Option,,UTI Mutual Fund,Other,IDF,10.0,15-09-2020,729,0.0,0.0,0.0,0.0,0.0,0.0,0.0,0.0,0.0,,7.86,0.0,11.7,Avoid,avoid,2026-06-29 17:03:19
141778,UTI FTIF Series XXVII-VII (1104 Days) - Direct Plan - Growth Option,,UTI Mutual Fund,Other,IDF,12.2535,15-09-2020,729,0.0,0.0,0.0,0.0,0.0,0.0,0.0,0.0,0.0,,0.82,0.0,12.4,Avoid,avoid,2026-06-29 17:03:19
141770,UTI FTIF Series XXVII-VII (1104 Days) - Direct Plan - Quarterly Div Option,,UTI Mutual Fund,Other,IDF,10.0,15-09-2020,729,0.0,0.0,0.0,0.0,0.0,0.0,0.0,0.0,0.0,,2.58,0.0,12.2,Avoid,avoid,2026-06-29 17:03:19
141788,ICICI Prudential Value Fund - Series 17 - Direct Plan - Cumulative Option,,ICICI Prudential Mutual Fund,Thematic,Growth,13.36,09-04-2021,681,0.0,0.0,0.0,0.0,0.0,0.0,0.0,0.0,0.0,,37.37,0.0,8.6,Avoid,avoid,2026-06-29 17:03:19
141756,UTI FTIF Series XXVII-VI (1113 Days) - Direct Plan - Maturity Div Option,,UTI Mutual Fund,Other,IDF,10.0,15-09-2020,735,0.0,0.0,0.0,0.0,0.0,0.0,0.0,0.0,0.0,,13.67,0.0,11.1,Avoid,avoid,2026-06-29 17:03:19
141750,UTI FTIF Series XXVII-VI (1113 Days) - Direct Plan - Flexi Div Option,,UTI Mutual Fund,Other,IDF,10.0,15-09-2020,735,0.0,0.0,0.0,0.0,0.0,0.0,0.0,0.0,0.0,,13.66,0.0,11.1,Avoid,avoid,2026-06-29 17:03:19
141793,Nippon India Fixed Horizon Fund XXXV- Series 5- Direct Plan-Growth Option,,Nippon India Mutual Fund,Other,IDF,11.6748,02-11-2020,749,0.0,0.0,0.0,0.0,0.0,0.0,0.0,0.0,0.0,,6.42,0.0,11.8,Avoid,avoid,2026-06-29 17:03:19
141771,UTI FTIF Series XXVII-VII (1104 Days) - Direct Plan - Maturity Div Option,,UTI Mutual Fund,Other,IDF,10.0,15-09-2020,729,0.0,0.0,0.0,0.0,0.0,0.0,0.0,0.0,0.0,,18.38,0.0,10.6,Avoid,avoid,2026-06-29 17:03:19
141808,Groww ELSS Tax Saver Fund (formerly known as Indiabulls Tax Savings Fund)- Direct Plan- Growth Option,INF666M01DK7,Groww Mutual Fund,ELSS,Equity Scheme - ELSS,21.69,25-06-2026,2089,2.46,10.49,-4.58,-5.41,-1.27,11.14,13.72,10.76,4.42,0.32,34.63,60.0,28.9,Avoid,avoid,2026-06-29 17:03:19
141816,UTI FTIF Series XXVII-VIII (1117 Days) - Direct Plan - Maturity Div Option,,UTI Mutual Fund,Other,IDF,10.0,13-10-2020,737,0.0,0.0,0.0,0.0,0.0,0.0,0.0,0.0,0.0,,18.61,0.0,10.6,Avoid,avoid,2026-06-29 17:03:19
141813,BNP Paribas Focused 25 Equity Fund - Direct Plan - Growth Option,,BNP Paribas Mutual Fund,Thematic,Equity Scheme - Focused Fund,14.794,13-03-2022,1092,0.0,0.0,0.0,0.0,0.0,0.0,0.0,1.35,0.0,,33.02,20.0,11.6,Avoid,avoid,2026-06-29 17:03:19
141814,BNP Paribas Focused 25 Equity Fund - Direct Plan - Income Distribution cum Capital Withdrawal Option,,BNP Paribas Mutual Fund,Thematic,Equity Scheme - Focused Fund,14.7506,13-03-2022,1092,0.0,0.0,0.0,0.0,0.0,0.0,0.0,1.34,0.0,,33.01,20.0,11.6,Avoid,avoid,2026-06-29 17:03:19
141815,UTI FTIF Series XXVII-VIII (1117 Days) - Direct Plan - Quarterly Div Option,,UTI Mutual Fund,Other,IDF,10.0,13-10-2020,737,0.0,0.0,0.0,0.0,0.0,0.0,0.0,0.0,0.0,,2.55,0.0,12.2,Avoid,avoid,2026-06-29 17:03:19
141821,UTI FTIF Series XXVII-VIII (1117 Days) - Direct Plan - Growth Option,,UTI Mutual Fund,Other,IDF,12.2882,13-10-2020,737,0.0,0.0,0.0,0.0,0.0,0.0,0.0,0.0,0.0,,0.77,0.0,12.4,Avoid,avoid,2026-06-29 17:03:19
141827,UTI Focussed Equity Fund - Series IV (1104 Days) - Direct Plan - Growth Option,,UTI Mutual Fund,Other,Growth,10.6409,06-10-2020,742,0.0,0.0,0.0,0.0,0.0,0.0,0.0,0.0,0.0,,36.58,0.0,8.7,Avoid,avoid,2026-06-29 17:03:20
141822,UTI FTIF Series XXVII-VIII (1117 Days) - Direct Plan - Annual Div Option,,UTI Mutual Fund,Other,IDF,10.0,13-10-2020,737,0.0,0.0,0.0,0.0,0.0,0.0,0.0,0.0,0.0,,7.76,0.0,11.7,Avoid,avoid,2026-06-29 17:03:19
141843,UTI FTIF Series XXVII-IX (1160 Days) - Direct Plan - Growth Option,,UTI Mutual Fund,Other,IDF,11.3089,24-11-2020,763,0.0,0.0,0.0,0.0,0.0,0.0,0.0,0.0,0.0,,5.85,0.0,11.9,Avoid,avoid,2026-06-29 17:03:19
141904,UTI FTIF Series XXVII-X (1118 Days) - Direct Plan - Quarterly Div Option,,UTI Mutual Fund,Other,IDF,10.0,24-11-2020,739,0.0,0.0,0.0,0.0,0.0,0.0,0.0,0.0,0.0,,3.14,0.0,12.2,Avoid,avoid,2026-06-30 16:10:01
141882,ICICI Prudential Value Fund - Series 18 - Direct Plan - Cumulative Option,,ICICI Prudential Mutual Fund,Thematic,Growth,15.23,17-05-2021,704,0.0,0.0,0.0,0.0,0.0,0.0,0.0,0.0,0.0,,34.94,0.0,8.9,Avoid,avoid,2026-06-30 16:10:01
141892,UTI Long Term Advantage Fund Series VI - Direct Plan - Growth Option,,UTI Mutual Fund,ELSS,ELSS,12.7086,24-09-2021,904,0.0,0.0,0.0,0.0,0.0,0.0,0.0,1.59,0.0,,46.37,20.0,10.2,Avoid,avoid,2026-06-30 16:10:01
141845,UTI FTIF Series XXVII-IX (1160 Days) - Direct Plan - Quarterly Div Option,,UTI Mutual Fund,Other,IDF,9.8003,24-11-2020,763,0.0,0.0,0.0,0.0,0.0,0.0,0.0,0.0,0.0,,7.41,0.0,11.7,Avoid,avoid,2026-06-29 17:03:19
141899,UTI FTIF Series XXVII-X (1118 Days) - Direct Plan - Growth Option,,UTI Mutual Fund,Other,IDF,12.1383,24-11-2020,739,0.0,0.0,0.0,0.0,0.0,0.0,0.0,0.0,0.0,,1.01,0.0,12.4,Avoid,avoid,2026-06-30 16:10:01
141868,Nippon India Capital Builder Fund IV- Series A- Direct Plan-Growth Option,,Nippon India Mutual Fund,Other,Growth,10.327,22-10-2020,737,0.0,0.0,0.0,0.0,0.0,0.0,0.0,0.0,0.0,,35.74,0.0,8.8,Avoid,avoid,2026-06-29 17:03:19
141900,UTI FTIF Series XXVII-X (1118 Days) - Direct Plan - Maturity Div Option,,UTI Mutual Fund,Other,IDF,10.0,24-11-2020,739,0.0,0.0,0.0,0.0,0.0,0.0,0.0,0.0,0.0,,17.61,0.0,10.7,Avoid,avoid,2026-06-30 16:10:01
141865,Aditya Birla Sun Life Resurgent India Fund - Series 5 - Direct Plan-Growth Option,,Aditya Birla Sun Life Mutual Fund,Other,Growth,12.62,05-04-2021,855,0.0,0.0,0.0,0.0,0.0,0.0,0.0,0.0,0.0,,29.05,0.0,9.5,Avoid,avoid,2026-06-29 17:03:19
141906,UTI FTIF Series XXVII-X (1118 Days) - Direct Plan - Annual Div Option,,UTI Mutual Fund,Other,IDF,10.0,24-11-2020,739,0.0,0.0,0.0,0.0,0.0,0.0,0.0,0.0,0.0,,7.27,0.0,11.7,Avoid,avoid,2026-06-30 16:10:01
141873,Sundaram Select Micro Cap Series XVII Direct Plan - Growth,,Sundaram Mutual Fund,Other,Growth,15.0445,13-10-2022,1229,0.0,0.0,0.0,0.0,0.0,0.0,1.83,3.57,0.0,,60.2,40.0,11.2,Avoid,avoid,2026-06-29 17:03:19
141829,Principal Tax Savings Fund Direct Plan - Half Yearly Income Distribution CUM Capital Withdrawal Option,,Principal Mutual Fund,ELSS,Equity Scheme - ELSS,338.54,30-12-2021,1058,0.0,0.0,0.0,0.0,0.0,0.0,0.0,2.17,0.0,,40.49,20.0,10.8,Avoid,avoid,2026-06-29 17:03:19
141897,Nippon India Capital Builder Fund IV - Series B - Direct Plan - Growth Option,,Nippon India Mutual Fund,Other,Growth,13.8922,06-01-2023,1268,0.0,0.0,0.0,0.0,0.0,0.0,3.37,5.39,0.0,,52.28,40.0,12.1,Avoid,avoid,2026-06-30 16:10:01
141910,Nippon India Fixed Horizon Fund XXXV- Series 6- Direct Plan-Growth Option,,Nippon India Mutual Fund,Other,IDF,12.7068,20-04-2021,834,0.0,0.0,0.0,0.0,0.0,0.0,0.0,0.0,0.0,,1.29,0.0,12.4,Avoid,avoid,2026-06-30 16:10:01
141915,Sundaram Value Fund Series IX Direct Plan - Growth,,Sundaram Mutual Fund,Thematic,Growth,17.353,10-11-2021,982,0.0,0.0,0.0,0.0,0.0,0.0,0.0,2.47,0.0,,25.74,20.0,12.3,Avoid,avoid,2026-06-30 16:10:02
141956,Nippon India Fixed Horizon Fund XXXV- Series 7- Direct Plan-Growth Option,,Nippon India Mutual Fund,Other,IDF,12.7272,12-05-2021,838,0.0,0.0,0.0,0.0,0.0,0.0,0.0,0.0,0.0,,1.34,0.0,12.4,Avoid,avoid,2026-06-29 17:03:36
141939,UTI FTIF Series XXVIII-I (1230 Days) - Direct Plan - Growth Option,,UTI Mutual Fund,Other,IDF,11.5113,06-04-2021,811,0.0,0.0,0.0,0.0,0.0,0.0,0.0,0.0,0.0,,5.42,0.0,11.9,Avoid,avoid,2026-06-29 17:03:35
141971,DSP A.C.E. Fund (Analyst's Conviction Equalized) - Series 1 - Direct Plan - Growth,,DSP Mutual Fund,Other,Income,13.06,04-01-2021,756,0.0,0.0,0.0,0.0,0.0,0.0,0.0,0.0,0.0,,24.03,0.0,10.0,Avoid,avoid,2026-06-29 17:03:36
141987,UTI Focussed Equity Fund - Series V (1102 Days) - Direct Plan - Growth Option,,UTI Mutual Fund,Other,Growth,11.8178,14-12-2020,739,0.0,0.0,0.0,0.0,0.0,0.0,0.0,0.0,0.0,,36.58,0.0,8.7,Avoid,avoid,2026-06-29 17:03:36
141991,Nippon India Fixed Horizon Fund XXXV- Series 9- Direct Plan-Growth Option,,Nippon India Mutual Fund,Other,IDF,11.9679,20-08-2021,887,0.0,0.0,0.0,0.0,0.0,0.0,0.0,-0.36,0.0,,5.63,0.0,11.9,Avoid,avoid,2026-06-29 17:03:36
142005,Nippon India Capital Builder Fund IV- Series C- Direct Plan-Growth Option,,Nippon India Mutual Fund,Other,Growth,11.4785,22-03-2021,798,0.0,0.0,0.0,0.0,0.0,0.0,0.0,0.0,0.0,,61.04,0.0,6.2,Avoid,avoid,2026-06-29 17:03:36
141932,Sundaram Value Fund Series X Direct Plan - Growth,,Sundaram Mutual Fund,Thematic,Growth,17.1871,23-11-2021,982,0.0,0.0,0.0,0.0,0.0,0.0,0.0,2.45,0.0,,26.04,20.0,12.3,Avoid,avoid,2026-07-01 16:07:16
141920,IDBI FOCUSED 30 EQUITY FUND - Growth Direct,,IDBI Mutual Fund,Thematic,Formerly Known as IIFL Mutual Fund,18.15,27-07-2023,1399,0.0,0.0,0.0,0.0,0.0,0.76,5.7,5.11,0.0,-40.75,35.37,60.0,13.1,Avoid,avoid,2026-06-30 16:10:02
142022,Nippon India Fixed Horizon Fund XXXV- Series 11- Direct Plan-Growth Option,,Nippon India Mutual Fund,Other,IDF,12.7358,10-05-2021,818,0.0,0.0,0.0,0.0,0.0,0.0,0.0,0.0,0.0,,1.38,0.0,12.4,Avoid,avoid,2026-06-29 17:03:37
142025,UTI FTIF Series XXVIII-II (1210 Days) - Direct Plan - Growth Option,,UTI Mutual Fund,Other,IDF,11.507,06-04-2021,798,0.0,0.0,0.0,0.0,0.0,0.0,0.0,0.0,0.0,,5.11,0.0,12.0,Avoid,avoid,2026-06-29 17:03:37
142042,IDFC Equity Opportunity - Series 4 (1102 Days) - Direct Plan - Growth,,IDFC Mutual Fund,Other,Growth,7.64549,04-01-2021,741,0.0,0.0,0.0,0.0,0.0,0.0,0.0,0.0,0.0,,54.38,0.0,6.8,Avoid,avoid,2026-06-29 17:03:37
142072,ICICI Prudential Value Fund - Series 19 - Direct Plan - Cumulative Option,,ICICI Prudential Mutual Fund,Thematic,Growth,14.94,24-06-2021,732,0.0,0.0,0.0,0.0,0.0,0.0,0.0,0.0,0.0,,38.49,0.0,8.5,Avoid,avoid,2026-06-29 17:03:37
142093,UTI FTIF Series XXVIII-III (1203 Days) - Direct Plan - Growth Option,,UTI Mutual Fund,Other,IDF,11.902,15-04-2021,792,0.0,0.0,0.0,0.0,0.0,0.0,0.0,0.0,0.0,,3.17,0.0,12.2,Avoid,avoid,2026-06-29 17:03:37
142117,Nippon India Fixed Horizon Fund XXXV- Series 12- Direct Plan-Growth Option,,Nippon India Mutual Fund,Other,IDF,12.7465,10-05-2021,810,0.0,0.0,0.0,0.0,0.0,0.0,0.0,0.0,0.0,,1.38,0.0,12.4,Avoid,avoid,2026-06-29 17:03:37
142123,Nippon India Fixed Horizon Fund XXXV- Series 13- Direct Plan-Growth Option,,Nippon India Mutual Fund,Other,IDF,12.7233,10-05-2021,805,0.0,0.0,0.0,0.0,0.0,0.0,0.0,0.0,0.0,,1.37,0.0,12.4,Avoid,avoid,2026-06-29 17:03:37
141877,DSP Nifty 50 Equal Weight Index Fund - Direct Plan - Growth,INF740KA1CR7,DSP Mutual Fund,Index / ETF,Other Scheme - Index Funds,27.2065,25-06-2026,2137,0.76,10.51,-1.05,2.04,4.39,13.91,17.23,13.87,4.45,0.53,40.95,100.0,41.3,Avoid,avoid,2026-06-29 17:03:21
142149,Nippon India Capital Builder Fund IV- Series D- Direct Plan- Growth Option,,Nippon India Mutual Fund,Other,Growth,10.6411,18-01-2021,735,0.0,0.0,0.0,0.0,0.0,0.0,0.0,0.0,0.0,,56.98,0.0,6.6,Avoid,avoid,2026-06-29 17:03:37
142192,Nippon India Fixed Horizon Fund XXXV- Series 15- Direct Plan-Growth Option,,Nippon India Mutual Fund,Other,IDF,12.731,10-05-2021,794,0.0,0.0,0.0,0.0,0.0,0.0,0.0,0.0,0.0,,1.43,0.0,12.4,Avoid,avoid,2026-06-29 17:03:37
142177,SBI DEBT FUND SERIES C - 7 (1190 DAYS) - DIRECT PLAN - GROWTH,,SBI Mutual Fund,Debt,IDF,12.6118,06-04-2021,867,0.0,0.0,0.0,0.0,0.0,0.0,0.0,0.0,0.0,,1.34,0.0,12.4,Avoid,avoid,2026-06-29 17:03:37
142183,Nippon India Fixed Horizon Fund XXXV- Series 14- Direct Plan-Growth Option,,Nippon India Mutual Fund,Other,IDF,12.7242,10-05-2021,799,0.0,0.0,0.0,0.0,0.0,0.0,0.0,0.0,0.0,,1.41,0.0,12.4,Avoid,avoid,2026-06-29 17:03:37
142172,UTI Long Term Advantage Fund Series VII - Direct Plan - Growth Option,,UTI Mutual Fund,Other,Growth,13.1836,24-09-2021,861,0.0,0.0,0.0,0.0,0.0,0.0,0.0,1.54,0.0,,42.62,20.0,10.6,Avoid,avoid,2026-06-29 17:03:37
142198,Nippon India Fixed Horizon Fund XXXV- Series 16- Direct Plan-Growth Option,,Nippon India Mutual Fund,Other,IDF,12.1795,15-09-2021,876,0.0,0.0,0.0,0.0,0.0,0.0,0.0,-0.22,0.0,,5.67,0.0,11.9,Avoid,avoid,2026-06-29 17:03:37
142201,UTI FTIF Series XXVIII-IV (1204 Days) Direct Plan - Growth Option,,UTI Mutual Fund,Other,IDF,12.6427,15-04-2021,792,0.0,0.0,0.0,0.0,0.0,0.0,0.0,0.0,0.0,,1.47,0.0,12.3,Avoid,avoid,2026-06-29 17:03:37
142225,UTI FTIF Series XXVIII-V (1190 Days) Direct Plan - Growth Option,,UTI Mutual Fund,Other,IDF,11.5872,15-04-2021,783,0.0,0.0,0.0,0.0,0.0,0.0,0.0,0.0,0.0,,5.12,0.0,12.0,Avoid,avoid,2026-06-29 17:03:37
142268,UTI FTIF Series XXVIII-VI (1190 Days) - Direct Plan - Growth Option,,UTI Mutual Fund,Other,IDF,12.6276,15-04-2021,783,0.0,0.0,0.0,0.0,0.0,0.0,0.0,0.0,0.0,,1.41,0.0,12.4,Avoid,avoid,2026-06-29 17:03:38
141841,ICICI Prudential BSE Sensex Index Fund - Direct Plan - Cumulative Option,INF109KB10X0,ICICI Prudential Mutual Fund,Index / ETF,Other Scheme - Index Funds,25.698,25-06-2026,1963,3.4,7.63,-8.55,-7.52,-0.36,7.01,10.85,9.0,4.47,0.03,37.26,80.0,20.4,Avoid,avoid,2026-06-29 17:03:21
141950,BANK OF INDIA Mid Cap Tax Fund Series 1 Direct Plan Growth,INF761K01DS3,Bank of India Mutual Fund,ELSS,ELSS,30.15,25-06-2026,2050,2.27,20.07,7.99,5.79,2.42,16.15,18.85,13.87,5.85,0.54,35.94,60.0,40.7,Avoid,avoid,2026-06-29 17:03:36
141925,Axis Flexi Cap Fund - Direct Plan - Growth,INF846K01B28,Axis Mutual Fund,Multi Cap,Equity Scheme - Flexi Cap Fund,30.37,29-06-2026,2122,4.94,16.49,3.69,1.33,5.03,13.87,15.37,11.15,3.88,0.51,29.87,80.0,37.6,Avoid,avoid,2026-06-30 16:10:08
141924,HDFC Housing Opportunities Fund  - Growth Option - Direct Plan,INF179KC1AU3,HDFC Mutual Fund,Thematic,Equity Scheme - Sectoral/ Thematic,23.657,29-06-2026,2105,1.16,12.21,-1.53,-3.99,-4.06,14.41,18.96,14.29,4.38,0.49,42.18,40.0,36.1,Avoid,avoid,2026-06-30 16:10:08
142038,Union Balanced Advantage Fund - Direct Plan - Growth Option,INF582M01DE9,Union Mutual Fund,Hybrid,Hybrid Scheme - Dynamic Asset Allocation or Balanced Advantage,22.16,25-06-2026,2082,2.69,7.57,-0.54,1.28,3.64,9.24,10.43,8.54,3.04,0.28,23.78,100.0,29.3,Avoid,avoid,2026-06-29 17:03:43
142110,Mahindra Manulife Mid Cap Fund - Direct Plan -Growth,INF174V01507,Mahindra Manulife Mutual Fund,Mid Cap,Equity Scheme - Mid Cap Fund,41.5993,25-06-2026,2064,2.2,18.2,9.39,9.45,7.16,23.47,25.91,20.09,5.06,0.98,33.1,80.0,65.9,Watch,watch,2026-06-29 17:03:43
142134,ICICI Prudential Long Term Wealth Enhancement Fund - Direct Plan Cumulative Option,INF109KC1093,ICICI Prudential Mutual Fund,ELSS,ELSS,30.05,25-06-2026,1963,4.85,11.34,-4.51,-0.07,3.41,15.13,17.08,15.37,4.27,0.61,39.54,80.0,43.5,Avoid,avoid,2026-06-29 17:03:41
142153,Sundaram Long Term Tax Advantage Fund Series III Direct Plan - Growth,INF903JA1BT1,Sundaram Mutual Fund,ELSS,ELSS,32.1546,25-06-2026,2027,3.48,22.8,9.2,8.79,5.91,17.21,21.77,19.46,6.03,0.56,49.86,100.0,52.2,Avoid,avoid,2026-06-29 17:03:43
142138,SBI Long Term Advantage Fund - Series V - Direct Plan - Growth,INF200KA1RW8,SBI Mutual Fund,ELSS,ELSS,32.8155,25-06-2026,1972,5.03,17.56,1.66,1.14,13.2,20.58,20.65,17.18,5.11,0.85,35.76,100.0,57.2,Watch,watch,2026-06-29 17:03:43
142283,DSP Arbitrage Fund - Direct - Growth,INF740KA1DN4,DSP Mutual Fund,Hybrid,Hybrid Scheme - Arbitrage Fund,16.638,25-06-2026,2069,0.97,1.49,3.21,6.42,6.96,7.38,7.16,6.52,0.2,0.97,0.6,100.0,35.9,Avoid,avoid,2026-06-29 17:03:44
142284,UTI Focussed Equity Fund - Series VI (1150 Days) - Direct Plan - Growth Option,,UTI Mutual Fund,Other,Growth,13.7253,07-04-2021,773,0.0,0.0,0.0,0.0,0.0,0.0,0.0,0.0,0.0,,36.01,0.0,8.7,Avoid,avoid,2026-06-29 17:03:38
142326,UTI FTIF Series XXVIII-VII (1169 Days) - Direct Plan - Growth Option,,UTI Mutual Fund,Other,IDF,11.5425,15-04-2021,769,0.0,0.0,0.0,0.0,0.0,0.0,0.0,0.0,0.0,,5.89,0.0,11.9,Avoid,avoid,2026-06-29 17:03:38
142332,SBI DEBT FUND SERIES C -8 (1175 DAYS) - DIRECT PLAN - GROWTH,,SBI Mutual Fund,Debt,IDF,12.6067,12-04-2021,873,0.0,0.0,0.0,0.0,0.0,0.0,0.0,0.0,0.0,,1.37,0.0,12.4,Avoid,avoid,2026-06-29 17:03:38
142289,ICICI Prudential Value Fund - Series 20 - Direct Plan - Cumulative Option,,ICICI Prudential Mutual Fund,Thematic,Growth,13.78,22-07-2021,751,0.0,0.0,0.0,0.0,0.0,0.0,0.0,0.04,0.0,,35.23,20.0,11.3,Avoid,avoid,2026-06-29 17:03:38
142495,IDFC Equity Opportunity Fund - Series 5 (36 Months) Direct Growth,,IDFC Mutual Fund,Other,Growth,13.02786,15-03-2021,737,0.0,0.0,0.0,0.0,0.0,0.0,0.0,0.0,0.0,,38.71,0.0,8.5,Avoid,avoid,2026-06-29 17:03:39
142461,Nippon India Fixed Horizon Fund XXXVI- Series 3- Direct Plan-Growth Option,,Nippon India Mutual Fund,Other,IDF,12.6597,10-05-2021,773,0.0,0.0,0.0,0.0,0.0,0.0,0.0,0.0,0.0,,1.46,0.0,12.3,Avoid,avoid,2026-06-29 17:03:38
142485,SBI DEBT FUND SERIES C - 9 (1150 DAYS) - DIRECT PLAN - GROWTH,,SBI Mutual Fund,Debt,IDF,12.5942,09-04-2021,870,0.0,0.0,0.0,0.0,0.0,0.0,0.0,0.0,0.0,,1.35,0.0,12.4,Avoid,avoid,2026-06-29 17:03:39
142361,UTI FTIF Series XXVIII-VIII (1171 Days) - Direct Plan - Growth Option,,UTI Mutual Fund,Other,IDF,12.6438,15-04-2021,771,0.0,0.0,0.0,0.0,0.0,0.0,0.0,0.0,0.0,,1.42,0.0,12.4,Avoid,avoid,2026-06-29 17:03:38
142382,ICICI Prudential Multiple Yield Fund - Series 14 - Plan A 1228 Days Direct Plan Cumulative Option,,ICICI Prudential Mutual Fund,Other,Income,12.9582,02-07-2021,725,0.0,0.0,0.0,0.0,0.0,0.0,0.0,0.0,0.0,,4.5,20.0,14.5,Avoid,avoid,2026-06-29 17:03:38
142418,Kotak India Growth Fund Series 4-Direct Plan - Growth Option,,Kotak Mahindra Mutual Fund,Other,Growth,31.06263,22-02-2024,1475,0.0,0.0,0.0,0.0,0.0,9.57,13.64,12.46,0.0,0.3,29.07,60.0,31.3,Avoid,avoid,2026-06-29 17:03:39
142451,Nippon India Fixed Horizon Fund XXXVI- Series 1- Direct Plan-Growth Option,,Nippon India Mutual Fund,Other,Growth,12.6864,10-05-2021,777,0.0,0.0,0.0,0.0,0.0,0.0,0.0,0.0,0.0,,1.46,0.0,12.3,Avoid,avoid,2026-06-29 17:03:38
142457,Nippon India Fixed Horizon Fund XXXVI- Series 2- Direct Plan-Growth Option,,Nippon India Mutual Fund,Other,IDF,12.8202,15-12-2021,914,0.0,0.0,0.0,0.0,0.0,0.0,0.0,1.06,0.0,,5.6,20.0,14.4,Avoid,avoid,2026-06-29 17:03:38
142490,Axis Capital Builder Fund - Series 1 (1540 Days) - Direct Plan - Growth option,,Axis Mutual Fund,Other,Growth,14.7796,25-05-2022,1034,0.0,0.0,0.0,0.0,0.0,0.0,0.0,-1.29,0.0,,30.46,0.0,9.3,Avoid,avoid,2026-06-29 17:03:39
142415,Kotak India Growth Fund Series 4-Direct Plan-ayout of Income Distribution cum capital withdrawal option,,Kotak Mahindra Mutual Fund,Other,Growth,30.84951,22-02-2024,1475,0.0,0.0,0.0,0.0,0.0,9.57,13.64,12.46,0.0,0.3,29.07,60.0,31.3,Avoid,avoid,2026-06-29 17:03:39
142388,Edelweiss Recently Listed IPO Fund Direct Plan Growth,INF754K01ML4,Edelweiss Mutual Fund,Thematic,Equity Scheme - Sectoral/ Thematic,33.2869,25-06-2026,2050,5.65,29.73,15.14,17.57,10.44,19.73,19.76,14.29,6.66,0.62,32.34,80.0,54.8,Avoid,avoid,2026-06-29 17:03:44
142499,DSP A.C.E. Fund (Analyst's Conviction Equalized) - Series 2 - Direct Plan - Growth,,DSP Mutual Fund,Other,Income,15.528,28-06-2021,813,0.0,0.0,0.0,0.0,0.0,0.0,0.0,0.0,0.0,,14.13,0.0,11.0,Avoid,avoid,2026-06-29 17:03:39
142514,Reliance Fixed Horizon Fund XXXVI- Series 4- Direct Plan-Growth Option,,Reliance Mutual Fund,Other,1099 Days,10.3947,03-09-2018,123,0.0,0.0,0.0,0.0,0.0,0.0,0.0,0.0,0.0,,0,0.0,12.5,Avoid,avoid,2026-06-29 17:03:39
142550,SBI DEBT FUND SERIES C - 10 (1150 DAYS) - DIRECT PLAN - GROWTH,,SBI Mutual Fund,Debt,IDF,12.6098,15-04-2021,876,0.0,0.0,0.0,0.0,0.0,0.0,0.0,0.0,0.0,,1.34,0.0,12.4,Avoid,avoid,2026-06-29 17:03:40
142562,PGIM India Fixed Duration Fund - Series AP - Direct Plan - Growth Option,,PGIM India Mutual Fund,Other,IDF,1262.071,19-04-2021,756,0.0,0.0,0.0,0.0,0.0,0.0,0.0,0.0,0.0,,1.5,0.0,12.3,Avoid,avoid,2026-06-29 17:03:40
142525,UTI FTIF Series XXVIII-IX (1168 Days) - Direct Plan - Growth Option,,UTI Mutual Fund,Other,IDF,12.6702,04-05-2021,768,0.0,0.0,0.0,0.0,0.0,0.0,0.0,0.0,0.0,,1.51,0.0,12.3,Avoid,avoid,2026-06-29 17:03:39
142533,Sundaram Emerging Small Cap Series I Direct Plan - Growth,,Sundaram Mutual Fund,Small Cap,Growth,17.548,09-03-2023,1233,0.0,0.0,0.0,0.0,0.0,0.0,4.22,5.98,0.0,,49.08,40.0,12.4,Avoid,avoid,2026-06-29 17:03:40
142555,Aditya Birla Sun Life Resurgent India Fund - Series 6 - Direct Plan-Growth,,Aditya Birla Sun Life Mutual Fund,Other,Growth,10.6,06-09-2021,855,0.0,0.0,0.0,0.0,0.0,0.0,0.0,0.36,0.0,,51.93,20.0,9.6,Avoid,avoid,2026-06-29 17:03:40
142578,UTI FTIF Series XXVIII-X (1153 Days) - Direct Plan - Growth Option,,UTI Mutual Fund,Other,IDF,10.9728,04-05-2021,758,0.0,0.0,0.0,0.0,0.0,0.0,0.0,0.0,0.0,,5.51,0.0,11.9,Avoid,avoid,2026-06-29 17:03:40
142570,Nippon India Fixed Horizon Fund XXXVI- Series 6- Direct Plan-Growth Option,,Nippon India Mutual Fund,Other,IDF,12.6645,10-05-2021,765,0.0,0.0,0.0,0.0,0.0,0.0,0.0,0.0,0.0,,1.54,0.0,12.3,Avoid,avoid,2026-06-29 17:03:40
142644,Nippon India Fixed Horizon Fund XXXVI- Series 7- Direct Plan-Growth Option,,Nippon India Mutual Fund,Other,IDF,12.6268,10-05-2021,758,0.0,0.0,0.0,0.0,0.0,0.0,0.0,0.0,0.0,,1.52,0.0,12.3,Avoid,avoid,2026-06-30 16:10:24
142565,Nippon India Fixed Horizon Fund XXXVI- Series 5- Direct Plan-Growth Option,,Nippon India Mutual Fund,Other,IDF,13.2754,30-09-2021,854,0.0,0.0,0.0,0.0,0.0,0.0,0.0,0.21,0.0,,1.36,20.0,14.9,Avoid,avoid,2026-06-29 17:03:40
142613,PGIM India Fixed Duration Fund - Series AR - Direct Plan - Growth Option,,PGIM India Mutual Fund,Other,IDF,1235.9441,26-04-2021,751,0.0,0.0,0.0,0.0,0.0,0.0,0.0,0.0,0.0,,5.17,0.0,12.0,Avoid,avoid,2026-06-29 17:03:41
142607,PGIM India Fixed Duration Fund - Series AQ - Direct Plan - Growth Option,,PGIM India Mutual Fund,Other,IDF,1259.0576,19-04-2021,751,0.0,0.0,0.0,0.0,0.0,0.0,0.0,0.0,0.0,,1.49,0.0,12.3,Avoid,avoid,2026-06-29 17:03:40
142641,Mirae Asset Short Duration Fund - Direct Plan - Growth,INF769K01DX6,Mirae Asset Mutual Fund,Debt,Debt Scheme - Short Duration Fund,17.7046,29-06-2026,2002,1.8,2.37,2.86,5.73,7.75,7.62,7.46,6.59,0.54,0.56,2.2,100.0,32.3,Avoid,avoid,2026-06-30 16:10:24
142689,PGIM India Fixed Duration Fund - Series AT - Direct Plan - Growth Option,,PGIM India Mutual Fund,Other,IDF,1221.3929,26-04-2021,747,0.0,0.0,0.0,0.0,0.0,0.0,0.0,0.0,0.0,,7.19,0.0,11.8,Avoid,avoid,2026-06-30 16:10:25
142789,UTI FTIF Series XXVIII-XI (1161 Days) - Direct Plan - Growth Option,,UTI Mutual Fund,Other,IDF,12.6449,10-05-2021,765,0.0,0.0,0.0,0.0,0.0,0.0,0.0,0.0,0.0,,1.49,0.0,12.3,Avoid,avoid,2026-06-30 16:10:25
142800,PGIM India Fixed Duration Fund - Series AU - Direct Plan - Growth Option,,PGIM India Mutual Fund,Other,IDF,1156.1002,19-04-2021,741,0.0,0.0,0.0,0.0,0.0,0.0,0.0,0.0,0.0,,5.95,0.0,11.9,Avoid,avoid,2026-06-30 16:10:25
142813,UTI FTIF Series XXVIII-XII (1154 Days) - Direct Plan - Growth Option,,UTI Mutual Fund,Other,IDF,12.6216,10-05-2021,759,0.0,0.0,0.0,0.0,0.0,0.0,0.0,0.0,0.0,,1.51,0.0,12.3,Avoid,avoid,2026-06-30 16:10:25
142815,UTI FTIF Series XXVIII-XIII (1134 Days) - Direct Plan - Growth Option,,UTI Mutual Fund,Other,IDF,12.2163,04-05-2021,748,0.0,0.0,0.0,0.0,0.0,0.0,0.0,0.0,0.0,,1.84,0.0,12.3,Avoid,avoid,2026-06-30 16:10:25
142819,Nippon India Fixed Horizon Fund XXXVI- Series 8- Direct Plan-Growth Option,,Nippon India Mutual Fund,Other,IDF,13.4617,01-11-2021,867,0.0,0.0,0.0,0.0,0.0,0.0,0.0,0.29,0.0,,1.34,20.0,14.9,Avoid,avoid,2026-06-30 16:10:25
142915,Nippon India Fixed Horizon Fund XXXVI- Series 9- Direct Plan-Growth Option,,Nippon India Mutual Fund,Other,IDF,12.5597,10-05-2021,751,0.0,0.0,0.0,0.0,0.0,0.0,0.0,0.0,0.0,,1.54,0.0,12.3,Avoid,avoid,2026-06-30 16:10:25
142871,SBI DEBT FUND SERIES C - 12 (1122 DAYS) - DIRECT PLAN - GROWTH,,SBI Mutual Fund,Debt,IDF,12.2994,08-04-2021,869,0.0,0.0,0.0,0.0,0.0,0.0,0.0,0.0,0.0,,1.26,0.0,12.4,Avoid,avoid,2026-06-30 16:10:25
142951,ICICI Prudential Bharat Consumption Fund - Series 1 - Direct Plan - Cumulative Option,,ICICI Prudential Mutual Fund,Sectoral,Growth,16.04,01-11-2021,820,0.0,0.0,0.0,0.0,0.0,0.0,0.0,1.09,0.0,,31.17,20.0,11.8,Avoid,avoid,2026-06-30 16:10:25
142959,SBI DEBT FUND SERIES C - 14 (1122 DAYS) - DIRECT PLAN - GROWTH,,SBI Mutual Fund,Debt,IDF,12.2649,15-04-2021,876,0.0,0.0,0.0,0.0,0.0,0.0,0.0,0.0,0.0,,1.19,0.0,12.4,Avoid,avoid,2026-06-30 16:10:25
143000,Aditya Birla Sun Life Resurgent India Fund - Series 7 - Direct Plan-Growth,,Aditya Birla Sun Life Mutual Fund,Other,Growth,12.3,04-10-2021,857,0.0,0.0,0.0,0.0,0.0,0.0,0.0,1.66,0.0,,48.36,20.0,10.0,Avoid,avoid,2026-06-29 17:04:01
143010,Sundaram Emerging Small Cap Series II Direct Plan - Growth,,Sundaram Mutual Fund,Small Cap,Growth,18.0288,10-04-2023,1231,0.0,0.0,0.0,0.0,0.0,0.0,4.23,5.78,0.0,,46.9,40.0,12.6,Avoid,avoid,2026-06-29 17:04:01
143039,UTI FTIF Series XXVIII-XIV (1147 Days) - Direct Plan - Growth OptionI,,UTI Mutual Fund,Other,IDF,12.5555,10-05-2021,755,0.0,0.0,0.0,0.0,0.0,0.0,0.0,0.0,0.0,,1.49,0.0,12.3,Avoid,avoid,2026-06-29 17:04:01
143082,Nippon India Fixed Horizon Fund XXXVII- Series 1- Direct Plan- Growth Option,,Nippon India Mutual Fund,Other,IDF,12.5822,21-05-2021,741,0.0,0.0,0.0,0.0,0.0,0.0,0.0,0.0,0.0,,1.36,0.0,12.4,Avoid,avoid,2026-06-29 17:04:01
143153,ICICI Prudential Bharat Consumption Fund - Series 2 - Direct Plan - Cumulative Option,,ICICI Prudential Mutual Fund,Sectoral,Growth,16.14,23-11-2021,833,0.0,0.0,0.0,0.0,0.0,0.0,0.0,2.45,0.0,,25.45,20.0,12.3,Avoid,avoid,2026-06-29 17:04:01
143171,Nippon India Fixed Horizon Fund XXXVII- Series 3- Direct Plan- Growth Option,,Nippon India Mutual Fund,Other,IDF,13.1816,08-11-2021,847,0.0,0.0,0.0,0.0,0.0,0.0,0.0,0.27,0.0,,1.31,20.0,14.9,Avoid,avoid,2026-06-29 17:04:01
143079,Sundaram Long Term Tax Advantage Fund Series IV Direct Plan - Growth,INF903JA1CZ6,Sundaram Mutual Fund,ELSS,ELSS,37.0122,25-06-2026,1961,3.44,22.92,8.8,9.12,6.24,17.39,22.02,19.55,5.99,0.58,42.3,100.0,53.6,Avoid,avoid,2026-06-29 17:04:07
143163,Navi Aggressive Hybrid Fund - Direct Plan - Growth,INF959L01CX3,Navi Mutual Fund,Hybrid,Hybrid Scheme - Aggressive Hybrid Fund,25.0834,25-06-2026,2008,4.0,16.04,4.32,6.63,7.45,13.34,15.49,12.84,4.31,0.53,30.65,100.0,41.2,Avoid,avoid,2026-06-29 17:04:07
143226,Sundaram Emerging Small Cap Series III Direct Plan - Growth,,Sundaram Mutual Fund,Small Cap,Growth,19.8973,10-05-2023,1227,0.0,0.0,0.0,0.0,0.0,0.0,4.1,5.72,0.0,,42.82,40.0,13.0,Avoid,avoid,2026-06-29 17:04:01
143256,Nippon India Fixed Horizon Fund XXXVII- Series 5- Direct Plan- Growth Option,,Nippon India Mutual Fund,Other,IDF,12.5809,21-05-2021,730,0.0,0.0,0.0,0.0,0.0,0.0,0.0,0.0,0.0,,1.33,0.0,12.4,Avoid,avoid,2026-06-29 17:04:01
143212,IIFL CAPITAL ENHANCER FUND SERIES 1-DIRECT PLAN-GROWTH,,IIFL Mutual Fund,Other,Growth,10.4201,11-10-2019,346,0.0,0.0,0.0,0.0,0.0,0.0,0.0,0.0,0.0,,9.7,0.0,11.5,Avoid,avoid,2026-06-29 17:04:01
143348,Reliance Fixed Horizon Fund XXXVII- Series 8- Direct Plan- Growth Option,,Reliance Mutual Fund,Other,1099 Days,10.4153,03-12-2018,123,0.0,0.0,0.0,0.0,0.0,0.0,0.0,0.0,0.0,,0.05,0.0,12.5,Avoid,avoid,2026-06-29 17:04:02
143174,Nippon India Fixed Horizon Fund XXXVII- Series 4- Direct Plan- Growth Option,,Nippon India Mutual Fund,Other,IDF,13.557,05-04-2022,951,0.0,0.0,0.0,0.0,0.0,0.0,0.0,0.62,0.0,,0.93,20.0,14.9,Avoid,avoid,2026-06-29 17:04:01
143355,DHFL Pramerica Fixed Duration Fund - Series AW - Direct Plan - Growth Option,,DHFL Pramerica Mutual Fund,Other,Direct,1040.4845,27-11-2018,123,0.0,0.0,0.0,0.0,0.0,0.0,0.0,0.0,0.0,,0.03,0.0,12.5,Avoid,avoid,2026-06-29 17:04:01
143272,Nippon India Fixed Horizon Fund XXXVII- Series 6- Direct Plan- Growth Option,,Nippon India Mutual Fund,Other,IDF,13.6889,05-04-2022,936,0.0,0.0,0.0,0.0,0.0,0.0,0.0,0.61,0.0,,1.54,20.0,14.8,Avoid,avoid,2026-06-29 17:04:02
143244,Kotak India Growth Fund Series 5-Direct Plan-Growth Option,,Kotak Mahindra Mutual Fund,Other,Growth,14.74283,18-05-2021,735,0.0,0.0,0.0,0.0,0.0,0.0,0.0,0.0,0.0,,39.19,0.0,8.4,Avoid,avoid,2026-06-29 17:04:01
143291,Reliance Fixed Horizon Fund XXXVII- Series 7- Direct Plan- Growth Option,,Reliance Mutual Fund,Other,1099 Days,10.4298,03-12-2018,123,0.0,0.0,0.0,0.0,0.0,0.0,0.0,0.0,0.0,,0.05,0.0,12.5,Avoid,avoid,2026-06-29 17:04:01
143245,Kotak India Growth Fund Series 5-Direct PLan-ayout of Income Distribution cum capital withdrawal option ,,Kotak Mahindra Mutual Fund,Other,Growth,14.74285,18-05-2021,735,0.0,0.0,0.0,0.0,0.0,0.0,0.0,0.0,0.0,,39.19,0.0,8.4,Avoid,avoid,2026-06-29 17:04:01
143353,IDBI Banking & Financial Services Fund - Direct Plan (Growth),,IDBI Mutual Fund,Sectoral,Formerly Known as IIFL Mutual Fund,16.34,27-07-2023,1266,0.0,0.0,0.0,0.0,0.0,0.43,7.64,4.34,0.0,-16.26,43.31,40.0,10.4,Avoid,avoid,2026-06-29 17:04:02
143457,Nippon India Fixed Horizon Fund XXXVII- Series 10- Direct Plan- Growth Option,,Nippon India Mutual Fund,Other,IDF,12.8216,07-07-2021,747,0.0,0.0,0.0,0.0,0.0,0.0,0.0,0.01,0.0,,1.22,20.0,14.9,Avoid,avoid,2026-06-29 17:04:02
143466,DHFL Pramerica Fixed Duration Fund - Series AX - Direct Plan - Growth Option,,DHFL Pramerica Mutual Fund,Other,19 months Plan,1021.6607,10-09-2018,70,0.0,0.0,0.0,0.0,0.0,0.0,0.0,0.0,0.0,,0,0.0,12.5,Avoid,avoid,2026-06-29 17:04:02
143486,SBI DEBT FUND SERIES C -15 (91 DAYS) - DIRECT PLAN - GROWTH,,SBI Mutual Fund,Debt,IDF,10.8107,28-05-2019,292,0.0,0.0,0.0,0.0,0.0,0.0,0.0,0.0,0.0,,0.0,0.0,12.5,Avoid,avoid,2026-06-29 17:04:02
143489,SBI DEBT FUND SERIES C -16 (1100 DAYS) - DIRECT PLAN - GROWTH,,SBI Mutual Fund,Debt,IDF,12.6404,01-06-2021,916,0.0,0.0,0.0,0.0,0.0,0.0,0.0,0.0,0.0,,1.29,0.0,12.4,Avoid,avoid,2026-06-29 17:04:02
143453,Nippon India Fixed Horizon Fund XXXVII- Series 9- Direct Plan- Growth Option,,Nippon India Mutual Fund,Other,IDF,13.5859,26-05-2022,951,0.0,0.0,0.0,0.0,0.0,0.0,0.0,2.88,0.0,,11.88,20.0,13.8,Avoid,avoid,2026-06-29 17:04:02
143471,PGIM India Fixed Duration Fund - Series AY - Direct Plan - Growth Option,,PGIM India Mutual Fund,Other,IDF,1361.3318,19-04-2022,939,0.0,0.0,0.0,0.0,0.0,0.0,0.0,0.66,0.0,,1.56,20.0,14.8,Avoid,avoid,2026-06-29 17:04:02
143529,Reliance Fixed Horizon Fund XXXVII- Series 11- Direct Plan- Growth Option,,Reliance Mutual Fund,Other,IDF,10.6506,28-03-2019,192,0.0,0.0,0.0,0.0,0.0,0.0,0.0,0.0,0.0,,0.15,0.0,12.5,Avoid,avoid,2026-06-29 17:04:03
143506,Sundaram Emerging Small Cap Series IV Direct Plan - Growth,,Sundaram Mutual Fund,Small Cap,Growth,20.0629,12-06-2023,1230,0.0,0.0,0.0,0.0,0.0,0.0,3.69,5.25,0.0,,41.48,40.0,13.2,Avoid,avoid,2026-06-29 17:04:03
143597,JM Money Market Fund (Direct) - Growth,,JM Financial Mutual Fund,Debt,Debt Scheme - Money Market Fund,28.7506,25-09-2020,569,0.0,0.0,0.0,0.0,0.0,0.0,0.0,0.0,0.0,,0.04,0.0,12.5,Avoid,avoid,2026-06-29 17:04:18
143643,Nippon India Fixed Horizon Fund XXXVII- Series 12- Direct Plan- Growth Option,,Nippon India Mutual Fund,Other,IDF,12.757,08-07-2021,739,0.0,0.0,0.0,0.0,0.0,0.0,0.0,0.01,0.0,,1.45,20.0,14.8,Avoid,avoid,2026-06-29 17:04:18
143648,Reliance Fixed Horizon Fund XXXVII- Series 13- Direct Plan- Growth Option,,Reliance Mutual Fund,Other,IDF,10.398,18-12-2018,120,0.0,0.0,0.0,0.0,0.0,0.0,0.0,0.0,0.0,,0.06,0.0,12.5,Avoid,avoid,2026-06-29 17:04:18
143677,PGIM India Fixed Duration Fund - Series AZ - Direct Plan - Growth Option,,PGIM India Mutual Fund,Other,IDF,1077.9406,23-06-2021,729,0.0,0.0,0.0,0.0,0.0,0.0,0.0,0.0,0.0,,12.82,0.0,11.2,Avoid,avoid,2026-06-29 17:04:18
143683,PGIM India Fixed Duration Fund - Series BA - Direct Plan - Growth Option,,PGIM India Mutual Fund,Other,IDF,1347.8144,30-05-2022,953,0.0,0.0,0.0,0.0,0.0,0.0,0.0,0.72,0.0,,1.43,20.0,14.9,Avoid,avoid,2026-06-29 17:04:18
143241,Union Corporate Bond Fund - Direct Plan - Growth Option,INF582M01DU5,Union Mutual Fund,Debt,Debt Scheme - Corporate Bond Fund,16.454,25-06-2026,1950,1.76,2.38,2.37,4.9,7.34,7.26,6.98,6.05,0.6,0.27,5.71,100.0,28.7,Avoid,avoid,2026-06-29 17:04:02
143341,UTI Nifty Next 50 Index Fund - Direct Plan - Growth Option,INF789FC12T1,UTI Mutual Fund,Index / ETF,Other Scheme - Index Funds,26.7636,25-06-2026,1965,1.6,19.69,5.49,5.75,1.02,18.71,19.08,13.95,6.13,0.67,39.86,60.0,45.1,Avoid,avoid,2026-06-29 17:04:08
143178,SBI Long Term Advantage Fund - Series VI - Direct Plan - Growth,INF200KA1TO1,SBI Mutual Fund,ELSS,ELSS,31.8279,25-06-2026,1957,4.45,17.63,-0.88,-0.78,0.51,14.53,18.25,14.06,5.67,0.45,36.09,60.0,37.4,Avoid,avoid,2026-06-29 17:04:08
143494,Nippon India Ultra Short Duration Fund- Direct Plan- Growth Option,INF204K01YH3,Nippon India Mutual Fund,Debt,Debt Scheme - Ultra Short Duration Fund,4747.3138,25-06-2026,1960,0.85,1.86,3.43,6.85,7.5,7.57,7.44,7.39,0.13,1.81,5.24,100.0,42.7,Avoid,avoid,2026-06-29 17:04:08
143508,Baroda BNP Paribas Ultra Short Duration Fund- Direct Plan- Growth,INF955L01HA8,Baroda BNP Paribas Mutual Fund,Debt,Debt Scheme - Ultra Short Duration Fund,1662.5744,25-06-2026,1950,0.8,1.83,3.21,6.37,7.11,7.23,7.17,6.5,0.14,0.97,1.0,100.0,35.6,Avoid,avoid,2026-06-29 17:04:08
143612,JM Low Duration Fund (Direct) - Growth,INF192K01DW3,JM Financial Mutual Fund,Debt,Debt Scheme - Low Duration Fund,40.4884,25-06-2026,1957,0.96,1.82,2.97,6.23,7.28,7.28,7.06,6.37,0.2,0.78,15.0,100.0,32.9,Avoid,avoid,2026-06-29 17:04:29
143614,BANK OF INDIA Arbitrage Fund Direct Plan Growth,INF761K01ED3,Bank of India Mutual Fund,Hybrid,Hybrid Scheme - Arbitrage Fund,15.2541,25-06-2026,1972,0.84,1.27,2.96,6.04,6.57,6.91,6.46,5.7,0.19,0.18,0.59,100.0,28.7,Avoid,avoid,2026-06-29 17:04:27
143537,Invesco India Aggressive Hybrid Fund - Direct Plan - Growth,INF205K014Q7,Invesco Mutual Fund,Hybrid,Hybrid Scheme - Aggressive Hybrid Fund,24.1749,25-06-2026,1962,3.43,9.71,-4.84,-5.68,1.68,12.91,14.86,11.37,3.68,0.5,28.42,60.0,34.6,Avoid,avoid,2026-06-29 17:04:30
143269,Parag Parikh Liquid Fund- Direct Plan- Growth,INF879O01068,PPFAS Mutual Fund,Debt,Debt Scheme - Liquid Fund,1550.0003,28-06-2026,2280,0.58,1.76,3.29,6.25,6.57,6.71,6.55,5.93,0.07,-0.38,0.04,100.0,24.1,Avoid,avoid,2026-06-29 17:04:08
143704,Nippon India Nivesh Lakshya Long Duration Fund- Direct Plan- Growth Option,INF204KB1YQ1,Nippon India Mutual Fund,Debt,Debt Scheme - Long Duration Fund,18.6672,25-06-2026,1925,2.79,4.71,1.71,2.39,5.31,6.63,7.86,6.31,1.53,-0.05,5.84,100.0,24.6,Avoid,avoid,2026-06-29 17:04:29
143771,SBI DEBT FUND SERIES C - 17 (91 DAYS) - DIRECT PLAN - GROWTH,,SBI Mutual Fund,Debt,IDF,10.1873,10-09-2018,70,0.0,0.0,0.0,0.0,0.0,0.0,0.0,0.0,0.0,,0,0.0,12.5,Avoid,avoid,2026-06-29 17:04:18
143775,SBI DEBT FUND SERIES C - 18 (1100 DAYS) - DIRECT PLAN - GROWTH,,SBI Mutual Fund,Debt,IDF,12.6316,16-06-2021,929,0.0,0.0,0.0,0.0,0.0,0.0,0.0,0.0,0.0,,1.41,0.0,12.4,Avoid,avoid,2026-06-29 17:04:18
143755,Nippon India Fixed Horizon Fund XXXVII- Series 15- Direct Plan- Growth Option,,Nippon India Mutual Fund,Other,IDF,12.6957,08-07-2021,736,0.0,0.0,0.0,0.0,0.0,0.0,0.0,0.01,0.0,,1.34,20.0,14.9,Avoid,avoid,2026-06-29 17:04:18
144017,Reliance Fixed Horizon Fund XXXVIII- Series 4- Direct Plan- Growth Option,,Reliance Mutual Fund,Other,1099 Days,10.3471,14-12-2018,106,0.0,0.0,0.0,0.0,0.0,0.0,0.0,0.0,0.0,,0.06,0.0,12.5,Avoid,avoid,2026-06-29 17:04:19
143901,Nippon India Fixed Horizon Fund XXXVIII- Series 1- Direct Plan- Growth Option,,Nippon India Mutual Fund,Other,IDF,12.6826,08-07-2021,730,0.0,0.0,0.0,0.0,0.0,0.0,0.0,0.01,0.0,,1.41,20.0,14.9,Avoid,avoid,2026-06-29 17:04:19
143835,Tata Value Fund Series 1 Direct Plan Growth,,Tata Mutual Fund,Thematic,Growth,14.1405,19-07-2021,740,0.0,0.0,0.0,0.0,0.0,0.0,0.0,0.09,0.0,,35.04,20.0,11.3,Avoid,avoid,2026-06-29 17:04:19
143949,Nippon India Fixed Horizon Fund XXXVIII- Series 3- Direct Plan- Growth Option,,Nippon India Mutual Fund,Other,IDF,12.6619,14-07-2021,729,0.0,0.0,0.0,0.0,0.0,0.0,0.0,0.02,0.0,,1.29,20.0,14.9,Avoid,avoid,2026-06-29 17:04:19
144037,SBI Debt Fund Series C - 19 (1100 Days) - Direct Plan - Growth,,SBI Mutual Fund,Debt,IDF,12.6107,06-07-2021,939,0.0,0.0,0.0,0.0,0.0,0.0,0.0,0.01,0.0,,1.42,20.0,14.9,Avoid,avoid,2026-06-29 17:04:19
143961,ICICI Prudential Bharat Consumption Fund - Series 3 - Direct Plan - Cumulative Option,,ICICI Prudential Mutual Fund,Sectoral,Growth,17.01,07-02-2022,875,0.0,0.0,0.0,0.0,0.0,0.0,0.0,1.38,0.0,,31.09,20.0,11.8,Avoid,avoid,2026-06-29 17:04:19
143946,Nippon India Fixed Horizon Fund XXXVIII- Series 2- Direct Plan- Growth Option,,Nippon India Mutual Fund,Other,IDF,13.6408,26-05-2022,929,0.0,0.0,0.0,0.0,0.0,0.0,0.0,2.11,0.0,,7.53,20.0,14.2,Avoid,avoid,2026-06-29 17:04:19
143828,Sundaram Multi Cap Fund Series I Direct Plan - Growth,,Sundaram Mutual Fund,Multi Cap,Growth,17.872,28-06-2023,1228,0.0,0.0,0.0,0.0,0.0,0.0,3.01,2.8,0.0,,36.8,40.0,13.7,Avoid,avoid,2026-06-29 17:04:19
143783,Mirae Asset Healthcare Fund Direct Growth,INF769K01ED6,Mirae Asset Mutual Fund,Sectoral,Equity Scheme - Sectoral/ Thematic,48.534,25-06-2026,1963,2.86,13.95,13.79,15.07,16.54,24.42,22.76,15.59,3.58,1.17,19.98,80.0,69.2,Watch,watch,2026-06-29 17:04:29
143874,ICICI Prudential Pharma Healthcare and Diagnostics (P.H.D) Fund - Direct Plan - Cumulative Option,INF109KC1GH2,ICICI Prudential Mutual Fund,Sectoral,Equity Scheme - Sectoral/ Thematic,46.28,25-06-2026,1953,3.0,16.63,8.13,9.82,16.01,26.1,25.19,16.84,3.84,1.24,20.58,80.0,69.1,Watch,watch,2026-06-29 17:04:31
143793,Navi Flexi Cap Fund - Direct Plan - Growth,INF959L01DT9,Navi Mutual Fund,Multi Cap,Equity Scheme - Flexi Cap Fund,28.7855,25-06-2026,1959,4.46,19.2,6.27,9.66,6.28,13.8,17.02,13.78,5.27,0.47,37.89,100.0,42.6,Avoid,avoid,2026-06-29 17:04:30
143903,ICICI Prudential BHARAT 22 FOF - Direct Plan Cumulative Option,INF109KC1FX1,ICICI Prudential Mutual Fund,Fund of Funds,Other Scheme - FoF Domestic,34.757,25-06-2026,1936,-1.28,4.33,2.17,7.03,3.26,21.04,26.52,24.29,4.87,0.88,44.04,80.0,62.4,Watch,watch,2026-06-29 17:04:30
144248,Nippon India Fixed Horizon Fund XXXVIII- Series 7- Direct Plan- Growth Option,,Nippon India Mutual Fund,Other,IDF,12.7462,23-08-2021,734,0.0,0.0,0.0,0.0,0.0,0.0,0.0,0.1,0.0,,1.36,20.0,14.9,Avoid,avoid,2026-06-29 17:04:21
144349,SBI Debt Fund Series C - 20 - (1100 Days) - Direct Plan - Growth,,SBI Mutual Fund,Debt,IDF,12.6038,22-07-2021,937,0.0,0.0,0.0,0.0,0.0,0.0,0.0,0.04,0.0,,1.44,20.0,14.8,Avoid,avoid,2026-06-29 17:04:21
144159,Nippon India Fixed Horizon Fund XXXVIII- Series 6- Direct Plan -Growth Option,,Nippon India Mutual Fund,Other,IDF,12.7055,17-08-2021,738,0.0,0.0,0.0,0.0,0.0,0.0,0.0,0.09,0.0,,1.39,20.0,14.9,Avoid,avoid,2026-06-29 17:04:20
144200,Sundaram Multi Cap Fund Series II Direct Plan - Growth,,Sundaram Mutual Fund,Multi Cap,Growth,18.309,25-07-2023,1227,0.0,0.0,0.0,0.0,0.0,0.13,3.64,3.32,0.0,-68.07,36.8,60.0,12.9,Avoid,avoid,2026-06-29 17:04:21
144252,Reliance Fixed Horizon Fund XXXVIII- Series 8- Direct Plan- Growth Option,,Reliance Mutual Fund,Other,IDF,10.5051,14-03-2019,150,0.0,0.0,0.0,0.0,0.0,0.0,0.0,0.0,0.0,,0.13,0.0,12.5,Avoid,avoid,2026-06-29 17:04:21
144213,Tata Value Fund Series 2 -Direct Plan-Growth,,Tata Mutual Fund,Thematic,Growth,13.5796,09-08-2021,739,0.0,0.0,0.0,0.0,0.0,0.0,0.0,0.25,0.0,,33.95,20.0,11.5,Avoid,avoid,2026-06-29 17:04:20
144125,PGIM India Fixed Duration Fund - Series BB - Direct Plan - Growth Option,,PGIM India Mutual Fund,Other,IDF,1254.4097,20-07-2021,727,0.0,0.0,0.0,0.0,0.0,0.0,0.0,0.04,0.0,,1.02,20.0,14.9,Avoid,avoid,2026-06-29 17:04:20
144084,Nippon India Fixed Horizon Fund XXXVIII- Series 5- Direct Plan - Growth Option,,Nippon India Mutual Fund,Other,IDF,12.7477,10-08-2021,742,0.0,0.0,0.0,0.0,0.0,0.0,0.0,0.07,0.0,,1.27,20.0,14.9,Avoid,avoid,2026-06-29 17:04:20
144150,IDFC Equity Opportunity - Series 6 (1194 DAYS)-Direct Plan Growth,,IDFC Mutual Fund,Other,Growth,18.59621,02-11-2021,802,0.0,0.0,0.0,0.0,0.0,0.0,0.0,2.03,0.0,,32.35,20.0,11.6,Avoid,avoid,2026-06-29 17:04:20
144352,Nippon India Fixed Horizon Fund XXXVIII- Series 10- Direct Plan- Growth Option,,Nippon India Mutual Fund,Other,IDF,13.764,26-05-2022,911,0.0,0.0,0.0,0.0,0.0,0.0,0.0,2.34,0.0,,4.45,20.0,14.5,Avoid,avoid,2026-06-29 17:04:22
144366,SBI Debt Fund Series C - 21 (1100 Days) - Direct Plan - Growth,,SBI Mutual Fund,Debt,IDF,12.4215,03-08-2021,935,0.0,0.0,0.0,0.0,0.0,0.0,0.0,0.06,0.0,,1.42,20.0,14.9,Avoid,avoid,2026-06-29 17:04:22
144369,PGIM India Fixed Duration Fund - Series BC - Direct Plan - Growth Option,,PGIM India Mutual Fund,Other,IDF,1255.8932,11-08-2021,726,0.0,0.0,0.0,0.0,0.0,0.0,0.0,0.11,0.0,,6.8,20.0,14.3,Avoid,avoid,2026-06-29 17:04:22
144482,Nippon India Fixed Horizon Fund XXXVIII- Series 11- Direct Plan- Growth Option,,Nippon India Mutual Fund,Other,IDF,12.9696,22-10-2021,761,0.0,0.0,0.0,0.0,0.0,0.0,0.0,0.24,0.0,,1.42,20.0,14.9,Avoid,avoid,2026-06-30 16:10:27
144448,ICICI Prudential Bharat Consumption Fund - Series 4 - Direct Plan - Cumulative Option,,ICICI Prudential Mutual Fund,Sectoral,Growth,15.13,11-03-2022,874,0.0,0.0,0.0,0.0,0.0,0.0,0.0,2.34,0.0,,31.94,20.0,11.7,Avoid,avoid,2026-06-30 16:10:27
144437,Sundaram Emerging Small Cap Series V Direct Plan - Growth,,Sundaram Mutual Fund,Small Cap,Growth,21.3655,14-08-2023,1229,0.0,0.0,0.0,0.0,0.0,0.24,5.16,6.29,0.0,-22.25,41.76,60.0,12.5,Avoid,avoid,2026-06-30 16:10:27
144455,IDBI Long Term Value Fund-Direct Plan- Growth,,IDBI Mutual Fund,Thematic,Equity Scheme - Value Fund,18.64,27-07-2023,1211,0.0,0.0,0.0,0.0,0.0,0.95,5.88,4.68,0.0,-13.49,35.37,40.0,11.1,Avoid,avoid,2026-06-30 16:10:27
144494,SBI Debt Fund Series C - 22 (1100 Days) - Direct Plan - Growth,,SBI Mutual Fund,Debt,IDF,12.6762,23-08-2021,931,0.0,0.0,0.0,0.0,0.0,0.0,0.0,0.1,0.0,,1.61,20.0,14.8,Avoid,avoid,2026-06-30 16:10:27
144528,Nippon India Fixed Horizon Fund XXXVIII- Series 12- Direct Plan- Growth Option,,Nippon India Mutual Fund,Other,IDF,12.8127,18-10-2021,764,0.0,0.0,0.0,0.0,0.0,0.0,0.0,0.21,0.0,,1.51,20.0,14.8,Avoid,avoid,2026-06-29 17:04:48
144594,Reliance Fixed Horizon Fund XXXVIII- Series 13- Direct Plan- Growth Option,,Reliance Mutual Fund,Other,IDF,10.4354,14-03-2019,131,0.0,0.0,0.0,0.0,0.0,0.0,0.0,0.0,0.0,,0.14,0.0,12.5,Avoid,avoid,2026-06-29 17:04:48
144626,Nippon India Fixed Horizon Fund XXXVIII- Series 14- Direct Plan- Growth Option,,Nippon India Mutual Fund,Other,IDF,12.8854,20-10-2021,759,0.0,0.0,0.0,0.0,0.0,0.0,0.0,0.24,0.0,,1.49,20.0,14.8,Avoid,avoid,2026-06-29 17:04:48
144641,PGIM India Fixed Duration Fund - Series BE - Direct Plan - Growth Option,,PGIM India Mutual Fund,Other,IDF,1125.4397,02-09-2021,727,0.0,0.0,0.0,0.0,0.0,0.0,0.0,0.15,0.0,,13.14,20.0,13.6,Avoid,avoid,2026-06-29 17:04:48
144637,BNP Paribas India Consumption Fund - Direct Plan - Income Distribution cum Capital Withdrawal Option,,BNP Paribas Mutual Fund,Sectoral,Equity Scheme - Sectoral/ Thematic,18.5024,13-03-2022,864,0.0,0.0,0.0,0.0,0.0,0.0,0.0,0.86,0.0,,28.95,20.0,12.0,Avoid,avoid,2026-06-29 17:04:48
144634,BNP Paribas India Consumption Fund - Direct Plan - Growth Option,,BNP Paribas Mutual Fund,Sectoral,Equity Scheme - Sectoral/ Thematic,19.1106,13-03-2022,864,0.0,0.0,0.0,0.0,0.0,0.0,0.0,0.86,0.0,,30.82,20.0,11.8,Avoid,avoid,2026-06-29 17:04:48
144339,UTI Corporate Bond Fund - Direct Plan - Growth Option,INF789F1A538,UTI Mutual Fund,Debt,Debt Scheme - Corporate Bond Fund,17.7392,25-06-2026,1902,1.53,2.39,2.76,5.54,7.57,7.48,7.33,6.47,0.49,0.46,2.97,100.0,31.1,Avoid,avoid,2026-06-29 17:04:32
144335,Kotak Balanced Advantage Fund  - Direct Plan -Growth Option,INF174KA1210,Kotak Mahindra Mutual Fund,Hybrid,Hybrid Scheme - Dynamic Asset Allocation or Balanced Advantage,22.931,25-06-2026,1934,2.28,8.4,0.27,1.9,5.66,10.65,12.2,10.06,2.92,0.44,26.32,100.0,34.0,Avoid,avoid,2026-06-29 17:04:31
144312,Union Equity Savings Fund - Direct Plan - Growth Option,INF582M01EC1,Union Mutual Fund,Hybrid,Hybrid Scheme - Equity Savings,18.05,25-06-2026,1929,2.04,5.06,1.29,3.08,4.37,7.57,8.36,6.87,1.66,0.14,14.37,100.0,26.7,Avoid,avoid,2026-06-29 17:04:32
144173,BANDHAN ULTRA SHORT DURATION FUND - DIRECT PLAN GROWTH,INF194KA16R3,Bandhan Mutual Fund,Debt,Debt Scheme - Ultra Short Duration Fund,16.3871,25-06-2026,1926,0.85,1.78,3.17,6.34,7.04,7.14,7.01,6.3,0.15,0.76,0.89,100.0,33.8,Avoid,avoid,2026-06-29 17:04:31
144315,BANK OF INDIA Midcap Tax Fund Series 2 Direct Plan Growth,INF761K01EL6,Bank of India Mutual Fund,ELSS,ELSS,34.67,25-06-2026,1886,2.12,17.29,2.82,0.81,0.52,14.91,17.69,12.46,5.51,0.5,34.24,80.0,39.0,Avoid,avoid,2026-06-29 17:04:32
144403,Mahindra Manulife Dynamic Bond Fund - Direct Plan - Growth,INF174V01580,Mahindra Manulife Mutual Fund,Debt,Debt Scheme - Dynamic Bond,16.3222,25-06-2026,1895,2.18,3.33,3.43,5.74,7.48,7.76,7.72,6.19,0.71,0.41,2.34,100.0,31.2,Avoid,avoid,2026-06-29 17:04:32
144394,Axis Aggressive Hybrid Fund - Direct Plan - Growth Option,INF846K01E25,Axis Mutual Fund,Hybrid,Hybrid Scheme - Aggressive Hybrid Fund,22.7,25-06-2026,1940,2.9,8.46,-1.13,0.0,4.44,10.2,11.74,9.14,3.36,0.32,28.01,60.0,27.1,Avoid,avoid,2026-06-29 17:04:32
144466,Franklin India Equity Savings Fund- Growth Direct,INF090I01PD7,Franklin Templeton Mutual Fund,Hybrid,Hybrid Scheme - Equity Savings,18.5719,29-06-2026,1923,1.22,2.47,1.0,3.82,5.75,7.86,9.07,7.82,0.71,0.38,16.7,100.0,29.5,Avoid,avoid,2026-06-30 16:10:36
144490,UTI Equity Savings Fund - Direct Plan - Growth Option,INF789F1A777,UTI Mutual Fund,Hybrid,Hybrid Scheme - Equity Savings,20.182,29-06-2026,1923,1.18,3.6,-0.36,3.47,5.71,9.43,10.9,9.59,1.4,0.55,13.76,100.0,34.6,Avoid,avoid,2026-06-30 16:10:37
144546,Tata Flexi Cap Fund-Direct Plan-Growth,INF277K015K0,Tata Mutual Fund,Multi Cap,Equity Scheme - Flexi Cap Fund,26.433,25-06-2026,1916,0.89,9.51,-4.51,-4.35,3.54,12.99,14.9,11.71,4.44,0.47,33.49,60.0,33.9,Avoid,avoid,2026-06-29 17:04:55
144646,DSP Corporate Bond Fund - Direct - Growth,INF740KA1KE8,DSP Mutual Fund,Debt,Debt Scheme - Corporate Bond Fund,17.2315,25-06-2026,1889,0.93,1.73,2.8,5.85,7.46,7.29,7.31,5.92,0.22,0.55,3.18,100.0,31.9,Avoid,avoid,2026-06-29 17:04:48
144658,Navi Arbitrage Fund - Direct Plan - Growth,,Navi Mutual Fund,Hybrid,Hybrid Scheme - Arbitrage Fund,10.9088,22-07-2021,711,0.0,0.0,0.0,0.0,0.0,0.0,0.0,0.02,0.0,,1.33,20.0,14.9,Avoid,avoid,2026-06-29 17:04:48
144673,Kotak India Growth Fund Series 7 - Direct Plan - Growth Option,,Kotak Mahindra Mutual Fund,Other,Growth,15.09748,31-08-2021,731,0.0,0.0,0.0,0.0,0.0,0.0,0.0,1.11,0.0,,29.96,20.0,11.9,Avoid,avoid,2026-06-29 17:04:48
144675,Kotak India Growth Fund Series 7 -Direct Plan  -ayout of Income Distribution cum capital withdrawal option ,,Kotak Mahindra Mutual Fund,Other,Growth,15.09752,31-08-2021,731,0.0,0.0,0.0,0.0,0.0,0.0,0.0,1.11,0.0,,29.96,20.0,11.9,Avoid,avoid,2026-06-29 17:04:48
144681,Motilal Oswal Equity Hybrid Fund (MOFEH) - Direct Plan Growth Option,,Motilal Oswal Mutual Fund,Hybrid,Hybrid Scheme - Aggressive Hybrid Fund,19.8323,19-01-2024,1315,0.0,0.0,0.0,0.0,0.0,3.31,7.54,5.7,0.0,-1.06,27.19,40.0,11.7,Avoid,avoid,2026-06-29 17:04:48
144690,Reliance Fixed Horizon Fund XXXVIII- Series 15- Direct Plan- Growth Option,,Reliance Mutual Fund,Other,1099 Days,10.1998,03-12-2018,59,0.0,0.0,0.0,0.0,0.0,0.0,0.0,0.0,0.0,,0.05,0.0,12.5,Avoid,avoid,2026-06-29 17:04:48
144899,Nippon India Fixed Horizon Fund XXXIX- Series 4- Direct Plan- Growth Option,,Nippon India Mutual Fund,Other,IDF,13.5281,29-04-2022,872,0.0,0.0,0.0,0.0,0.0,0.0,0.0,0.69,0.0,,1.89,20.0,14.8,Avoid,avoid,2026-06-29 17:04:49
144842,SBI Debt Fund Series C - 23 - (1100 Days) - Direct Plan - Growth,,SBI Mutual Fund,Debt,IDF,12.6537,03-09-2021,931,0.0,0.0,0.0,0.0,0.0,0.0,0.0,0.12,0.0,,1.79,20.0,14.8,Avoid,avoid,2026-06-29 17:04:49
144692,Nippon India Fixed Horizon Fund XXXIX- Series 1- Direct Plan- Growth Option,,Nippon India Mutual Fund,Other,IDF,12.8562,20-10-2021,757,0.0,0.0,0.0,0.0,0.0,0.0,0.0,0.23,0.0,,1.5,20.0,14.8,Avoid,avoid,2026-06-29 17:04:48
144889,Nippon India India Opportunities Fund - Series A - Direct Plan - Growth Option,,Nippon India Mutual Fund,Thematic,Growth,16.597,31-01-2022,820,0.0,0.0,0.0,0.0,0.0,0.0,0.0,2.58,0.0,,43.12,20.0,10.5,Avoid,avoid,2026-06-29 17:04:49
144775,Reliance Fixed Horizon Fund XXXIX- Series 3- Direct Plan- Growth Option,,Reliance Mutual Fund,Other,IDF,10.4112,14-03-2019,123,0.0,0.0,0.0,0.0,0.0,0.0,0.0,0.0,0.0,,0.14,0.0,12.5,Avoid,avoid,2026-06-29 17:04:49
144770,Nippon India Fixed Horizon Fund XXXIX- Series 2- Direct Plan- Growth Option,,Nippon India Mutual Fund,Other,IDF,13.4753,28-04-2022,876,0.0,0.0,0.0,0.0,0.0,0.0,0.0,0.64,0.0,,2.01,20.0,14.8,Avoid,avoid,2026-06-29 17:04:49
144728,Sundaram Emerging Small Cap Series VI Direct Plan - Growth,,Sundaram Mutual Fund,Small Cap,Growth,25.1352,07-09-2023,1229,0.0,0.0,0.0,0.0,0.0,0.36,6.3,7.39,0.0,-18.38,41.04,60.0,12.6,Avoid,avoid,2026-06-29 17:04:49
144754,Axis Ultra Short Duration Fund - Direct Plan Growth,INF846K01F40,Axis Mutual Fund,Debt,Debt Scheme - Ultra Short Duration Fund,16.6562,25-06-2026,1889,0.84,1.76,3.22,6.57,7.31,7.4,7.28,6.62,0.14,1.31,0.81,100.0,38.7,Avoid,avoid,2026-06-29 17:04:59
144910,Nippon India Fixed Horizon Fund XXXIX- Series 5- Direct Plan- Growth Option,,Nippon India Mutual Fund,Other,IDF,13.3206,31-05-2022,884,0.0,0.0,0.0,0.0,0.0,0.0,0.0,2.46,0.0,,10.76,20.0,13.9,Avoid,avoid,2026-06-29 17:04:49
144835,Sundaram Services Fund Direct Plan - Growth,INF903JA1FA2,Sundaram Mutual Fund,Sectoral,Equity Scheme - Sectoral/ Thematic,38.3608,25-06-2026,1905,3.61,16.16,-1.77,-1.33,7.78,15.5,18.37,16.12,5.0,0.58,39.62,80.0,44.1,Avoid,avoid,2026-06-29 17:04:59
144905,Shriram Flexi Cap Fund - Direct Growth,INF680P01109,Shriram Mutual Fund,Multi Cap,Equity Scheme - Flexi Cap Fund,22.677,25-06-2026,1899,2.96,12.12,-2.23,-2.22,-4.62,10.12,12.74,10.22,4.42,0.23,32.1,60.0,26.3,Avoid,avoid,2026-06-29 17:05:00
144934,Nippon India Fixed Horizon Fund XXXIX- Series 6- Direct Plan- Growth Option,,Nippon India Mutual Fund,Other,IDF,13.4608,29-04-2022,869,0.0,0.0,0.0,0.0,0.0,0.0,0.0,0.67,0.0,,1.86,20.0,14.8,Avoid,avoid,2026-06-29 17:04:49
145031,Nippon India Fixed Horizon Fund XXXIX- Series 8- Direct Plan- Growth Option,,Nippon India Mutual Fund,Other,IDF,13.3926,05-05-2022,862,0.0,0.0,0.0,0.0,0.0,0.0,0.0,0.68,0.0,,1.84,20.0,14.8,Avoid,avoid,2026-06-29 17:04:50
144938,Reliance Fixed Horizon Fund XXXIX- Series 7- Direct Plan- Growth Option,,Reliance Mutual Fund,Other,IDF,10.3934,14-03-2019,115,0.0,0.0,0.0,0.0,0.0,0.0,0.0,0.0,0.0,,0.11,0.0,12.5,Avoid,avoid,2026-06-29 17:04:50
145156,Reliance Fixed Horizon Fund XXXIX Series 10- Direct Plan- Growth Option,,Reliance Mutual Fund,Other,IDF,10.3624,27-03-2019,109,0.0,0.0,0.0,0.0,0.0,0.0,0.0,0.0,0.0,,0,0.0,12.5,Avoid,avoid,2026-06-29 17:04:51
144994,Indiabulls Savings Fund - Direct Plan - Growth Option,,Indiabulls Mutual Fund,Debt,Debt Scheme - Money Market Fund,1176.2913,04-03-2021,596,0.0,0.0,0.0,0.0,0.0,0.0,0.0,0.0,0.0,,0.35,0.0,12.5,Avoid,avoid,2026-06-29 17:04:50
144918,SBI Debt Fund Series C - 24 - (1100 Days) - Direct Plan - Growth,,SBI Mutual Fund,Debt,IDF,12.7124,14-09-2021,929,0.0,0.0,0.0,0.0,0.0,0.0,0.0,0.13,0.0,,1.77,20.0,14.8,Avoid,avoid,2026-06-29 17:04:49
144992,SBI Debt Fund Series C - 25 - (1100 Days) - Direct Plan - Growth,,SBI Mutual Fund,Debt,IDF,12.8216,27-09-2021,932,0.0,0.0,0.0,0.0,0.0,0.0,0.0,0.16,0.0,,1.7,20.0,14.8,Avoid,avoid,2026-06-29 17:04:50
145141,Nippon India Fixed Horizon Fund XXXIX- Series 9- Direct Plan- Growth Option,,Nippon India Mutual Fund,Other,IDF,13.3334,10-05-2022,856,0.0,0.0,0.0,0.0,0.0,0.0,0.0,0.67,0.0,,1.94,20.0,14.8,Avoid,avoid,2026-06-29 17:04:51
144988,Sundaram Emerging Small Cap VII Direct Plan - Growth,,Sundaram Mutual Fund,Small Cap,Growth,25.4074,29-09-2023,1231,0.0,0.0,0.0,0.0,0.0,0.52,6.52,7.46,0.0,-15.26,36.11,60.0,13.0,Avoid,avoid,2026-06-29 17:04:50
145177,Nippon India Fixed Horizon Fund XXXIX- Series 11- Direct Plan- Growth Option,,Nippon India Mutual Fund,Other,IDF,13.1885,30-05-2022,866,0.0,0.0,0.0,0.0,0.0,0.0,0.0,2.17,0.0,,9.13,20.0,14.0,Avoid,avoid,2026-06-29 17:04:51
145229,SBI Debt Fund Series C - 26 - (1125 Days) - Direct Plan - Growth,,SBI Mutual Fund,Debt,IDF,12.8578,02-11-2021,954,0.0,0.0,0.0,0.0,0.0,0.0,0.0,0.24,0.0,,1.97,20.0,14.8,Avoid,avoid,2026-06-29 17:04:51
145304,Tata Fixed Matuirty Plan Series 56 Scheme D-Direct Plan-Growth,,Tata Mutual Fund,Other,IDF,12.8246,29-11-2021,748,0.0,0.0,0.0,0.0,0.0,0.0,0.0,0.29,0.0,,2.03,20.0,14.8,Avoid,avoid,2026-06-29 17:04:52
145228,HSBC Equity Hybrid Fund - Growth Direct,,HSBC Mutual Fund,Hybrid,Hybrid Scheme - Aggressive Hybrid Fund,16.7649,25-11-2022,1006,0.0,0.0,0.0,0.0,0.0,0.0,2.85,1.93,0.0,,27.9,20.0,12.1,Avoid,avoid,2026-06-29 17:04:52
145376,L&T Focused Equity Fund - Direct Plan - Growth Option,,L&T Mutual Fund,Thematic,Equity Scheme - Focused Fund,16.6088,24-11-2022,996,0.0,0.0,0.0,0.0,0.0,0.0,2.58,1.14,0.0,,33.14,20.0,11.5,Avoid,avoid,2026-06-29 17:04:55
145372,SBI Debt Fund Series C - 27 - (391 Days) - Direct Plan - Growth,,SBI Mutual Fund,Debt,IDF,13.9362,02-05-2023,1407,0.0,0.0,0.0,0.0,0.0,0.0,1.31,1.71,0.0,,2.33,40.0,17.3,Avoid,avoid,2026-06-29 17:04:54
145407,Nippon India Fixed Horizon Fund XXXIX - Series 14 - Direct Plan - Growth Option,,Nippon India Mutual Fund,Other,IDF,13.1959,29-04-2022,840,0.0,0.0,0.0,0.0,0.0,0.0,0.0,0.65,0.0,,1.82,20.0,14.8,Avoid,avoid,2026-06-29 17:05:08
145443,ICICI Prudential Bharat Consumption Fund - Series 5 - Direct Plan - Cumulative Option,,ICICI Prudential Mutual Fund,Sectoral,Growth,18.51,01-12-2021,741,0.0,0.0,0.0,0.0,0.0,0.0,0.0,2.64,0.0,,30.85,20.0,11.8,Avoid,avoid,2026-06-29 17:05:08
145478,Sundaram Equity Savings Fund Direct Plan - Growth,,Sundaram Mutual Fund,Hybrid,Hybrid Scheme - Equity Savings,13.1827,31-12-2021,754,0.0,0.0,0.0,0.0,0.0,0.0,0.0,0.82,0.0,,16.14,20.0,13.3,Avoid,avoid,2026-06-29 17:05:08
145504,SBI Debt Fund Series C - 29 - (366 Days) - Direct Plan - Growth,,SBI Mutual Fund,Debt,IDF,10.8769,20-11-2019,306,0.0,0.0,0.0,0.0,0.0,0.0,0.0,0.0,0.0,,0.04,0.0,12.5,Avoid,avoid,2026-06-29 17:05:08
145528,Nippon India Fixed Horizon Fund XXXIX- Series15- Direct Plan - Growth option,,Nippon India Mutual Fund,Other,IDF,13.2076,29-04-2022,833,0.0,0.0,0.0,0.0,0.0,0.0,0.0,0.68,0.0,,2.22,20.0,14.8,Avoid,avoid,2026-06-29 17:05:08
145499,SBI Debt Fund Series C - 28 - (386 Days) - Direct Plan - Growth,,SBI Mutual Fund,Debt,IDF,13.7852,02-05-2023,1386,0.0,0.0,0.0,0.0,0.0,0.0,1.28,1.74,0.0,,2.41,40.0,17.2,Avoid,avoid,2026-06-29 17:05:09
145075,ICICI Prudential Manufacturing Fund - Direct Plan - Cumulative Option,INF109KC1LJ8,ICICI Prudential Mutual Fund,Sectoral,Equity Scheme - Sectoral/ Thematic,41.79,25-06-2026,1895,1.43,16.99,8.91,10.7,5.09,23.51,25.7,21.23,5.25,0.95,37.63,80.0,67.0,Watch,watch,2026-06-29 17:05:00
145034,HDFC Ultra Short Term Fund - Direct Plan-Growth Option,INF179KB15Q6,HDFC Mutual Fund,Debt,Debt Scheme - Ultra Short Duration Fund,16.451,25-06-2026,1875,0.86,1.62,3.0,6.25,7.08,7.21,7.09,6.41,0.16,0.82,1.01,100.0,34.3,Avoid,avoid,2026-06-29 17:05:00
145050,Sundaram Money Market Fund Direct Plan - Growth,INF903JA1FR6,Sundaram Mutual Fund,Debt,Debt Scheme - Money Market Fund,16.0642,25-06-2026,1871,0.96,1.78,3.07,6.25,7.19,7.22,7.05,6.35,0.18,0.75,0.69,100.0,33.8,Avoid,avoid,2026-06-29 17:05:01
145137,Invesco India Smallcap Fund - Direct Plan - Growth,INF205K013T3,Invesco Mutual Fund,Small Cap,Equity Scheme - Small Cap Fund,51.74,25-06-2026,1881,7.59,26.04,11.97,10.13,11.03,24.92,27.32,21.65,6.12,0.89,37.66,100.0,70.3,Watch,watch,2026-06-29 17:05:01
145110,Axis Large & Mid Cap Fund - Direct Plan - Growth,INF846K01J46,Axis Mutual Fund,Mid Cap,Equity Scheme - Large & Mid Cap Fund,37.96,25-06-2026,1892,2.98,16.05,3.46,4.66,6.26,16.27,19.05,14.31,4.7,0.68,31.87,80.0,45.1,Avoid,avoid,2026-06-29 17:05:01
145206,Tata Small Cap Fund-Direct Plan-Growth,INF277K011O1,Tata Mutual Fund,Small Cap,Equity Scheme - Small Cap Fund,42.7521,25-06-2026,1876,6.13,24.64,4.01,-5.68,-0.36,13.18,19.4,16.52,6.22,0.37,36.61,80.0,38.8,Avoid,avoid,2026-06-29 17:05:01
145295,UTI - Floater Fund - Direct Plan - Growth Option,INF789F1ACX5,UTI Mutual Fund,Debt,Debt Scheme - Floater Fund,1663.1981,25-06-2026,1850,0.97,1.79,3.03,6.13,7.13,7.16,7.08,6.32,0.25,0.47,1.46,100.0,31.3,Avoid,avoid,2026-06-29 17:05:01
145396,Baroda BNP Paribas Balanced Advantage Fund-Direct Plan-Growth Option,INF955L01HF7,Baroda BNP Paribas Mutual Fund,Hybrid,Hybrid Scheme - Dynamic Asset Allocation or Balanced Advantage,28.1986,25-06-2026,1872,0.88,11.48,2.1,4.32,7.12,13.23,15.81,12.66,3.84,0.59,20.72,100.0,41.6,Avoid,avoid,2026-06-29 17:05:20
145454,DSP Healthcare Fund - Direct Plan - Growth,INF740KA1LG1,DSP Mutual Fund,Sectoral,Equity Scheme - Sectoral/ Thematic,47.631,25-06-2026,1840,4.53,18.86,9.8,12.35,14.51,22.75,23.59,16.02,3.61,1.11,21.74,80.0,65.1,Watch,watch,2026-06-29 17:05:20
145356,Mahindra Manulife Consumption Fund - Direct Plan -Growth,INF174V01663,Mahindra Manulife Mutual Fund,Sectoral,Equity Scheme - Sectoral/ Thematic,24.3894,25-06-2026,1874,2.75,11.24,-5.25,-3.07,-0.5,11.16,15.36,12.31,4.83,0.32,33.98,80.0,32.3,Avoid,avoid,2026-06-29 17:05:01
145473,Union Value Fund - Direct Plan - Growth Option,INF582M01EK4,Union Mutual Fund,Thematic,Equity Scheme - Value Fund,30.94,25-06-2026,1855,3.83,12.63,0.59,2.69,3.96,16.08,18.62,15.32,4.61,0.63,37.68,100.0,47.0,Avoid,avoid,2026-06-29 17:05:15
145589,Groww Dynamic Term Fund (formerly known as Indiabulls Dynamic Bond Fund) - Direct Plan - Growth option,INF666M01EK5,Groww Mutual Fund,Debt,Debt Scheme - Dynamic Bond,1568.7498,25-06-2026,1828,1.25,1.9,1.74,2.98,5.42,5.87,5.97,5.33,0.72,-0.35,2.29,100.0,21.9,Avoid,avoid,2026-06-29 17:05:20
145552,Motilal Oswal Nasdaq 100 Fund of Fund- Direct Plan Growth,INF247L01718,Motilal Oswal Mutual Fund,Index / ETF,Other Scheme - FoF Domestic,68.768,25-06-2026,1863,-3.07,40.7,41.26,72.07,40.73,39.14,37.89,24.52,9.16,1.13,30.35,80.0,83.5,Strong Pick,strong,2026-06-29 17:05:21
145486,ADITYA BIRLA SUN LIFE OVERNIGHT FUND-DIRECT PLAN-GROWTH,INF209KB1ZH2,Aditya Birla Sun Life Mutual Fund,Debt,Debt Scheme - Overnight Fund,1474.9303,28-06-2026,2443,0.41,1.27,2.55,5.32,5.87,6.18,6.16,5.62,0.01,-3.15,0,100.0,21.9,Avoid,avoid,2026-06-29 17:05:23
145536,ICICI Prudential Overnight Fund - Direct Plan - Growth,INF109KC11G1,ICICI Prudential Mutual Fund,Debt,Debt Scheme - Overnight Fund,1469.5381,28-06-2026,2353,0.42,1.27,2.56,5.33,5.87,6.16,88.76,67.38,0.02,-3.23,0,100.0,36.9,Avoid,avoid,2026-06-29 17:05:22
145612,Nippon India Fixed Horizon Fund XXXX - Series 1 - Direct Plan - Growth Option,,Nippon India Mutual Fund,Other,IDF,13.1755,02-05-2022,828,0.0,0.0,0.0,0.0,0.0,0.0,0.0,0.68,0.0,,2.25,20.0,14.8,Avoid,avoid,2026-06-29 17:05:08
145647,SBI Debt Fund Series C - 30 - (385 Days) - Direct Plan - Growth,,SBI Mutual Fund,Debt,IDF,13.7539,02-05-2023,1373,0.0,0.0,0.0,0.0,0.0,0.0,1.3,1.71,0.0,,2.44,40.0,17.2,Avoid,avoid,2026-06-29 17:05:10
145619,Nippon India Fixed Horizon Fund XXXX - Series 3 - Direct Plan - Growth Option,,Nippon India Mutual Fund,Other,IDF,13.0293,31-05-2022,835,0.0,0.0,0.0,0.0,0.0,0.0,0.0,2.56,0.0,,11.26,20.0,13.8,Avoid,avoid,2026-06-29 17:05:09
145616,Nippon India Fixed Horizon Fund XXXX - Series 2 - Direct Plan - Growth Option,,Nippon India Mutual Fund,Other,IDF,13.1128,29-04-2022,825,0.0,0.0,0.0,0.0,0.0,0.0,0.0,0.66,0.0,,2.19,20.0,14.8,Avoid,avoid,2026-06-29 17:05:09
145665,Nippon India Fixed Horizon Fund XXXX - Series 4 - Direct Plan - Growth Option,,Nippon India Mutual Fund,Other,IDF,13.0689,29-04-2022,817,0.0,0.0,0.0,0.0,0.0,0.0,0.0,0.66,0.0,,2.43,20.0,14.7,Avoid,avoid,2026-06-29 17:05:09
145672,Axis Capital Builder Fund - Series 4 (1582 Days) - Direct Plan - Growth Option,,Axis Mutual Fund,Other,Growth,17.02331,20-04-2023,1063,0.0,0.0,0.0,0.0,0.0,0.0,2.45,1.4,0.0,,35.16,20.0,11.3,Avoid,avoid,2026-06-29 17:05:10
145740,SBI Debt Fund Series C - 31 - (365 Days) - Direct Plan - Growth,,SBI Mutual Fund,Debt,IDF,10.8485,10-12-2019,308,0.0,0.0,0.0,0.0,0.0,0.0,0.0,0.0,0.0,,0.05,0.0,12.5,Avoid,avoid,2026-06-29 17:05:10
145760,Nippon India Fixed Horizon Fund XXXX - Series 5 - Direct Plan - Growth Option,,Nippon India Mutual Fund,Other,IDF,13.0385,02-05-2022,812,0.0,0.0,0.0,0.0,0.0,0.0,0.0,0.68,0.0,,2.42,20.0,14.7,Avoid,avoid,2026-06-29 17:05:11
145746,SBI Debt Fund Series C - 32 - (380 Days) - Direct Plan - Growth,,SBI Mutual Fund,Debt,IDF,13.6942,02-05-2023,1366,0.0,0.0,0.0,0.0,0.0,0.0,1.31,1.75,0.0,,2.46,40.0,17.2,Avoid,avoid,2026-06-29 17:05:11
145678,BANK OF INDIA Small Cap Fund Direct Plan Growth,INF761K01EP7,Bank of India Mutual Fund,Small Cap,Equity Scheme - Small Cap Fund,60.62,25-06-2026,1846,4.81,33.23,21.41,16.04,9.39,23.07,25.35,20.74,6.97,0.77,32.37,100.0,68.5,Watch,watch,2026-06-29 17:05:22
145693,Mirae Asset Equity Savings Fund- Direct Plan- Growth,INF769K01EK1,Mirae Asset Mutual Fund,Hybrid,Hybrid Scheme - Equity Savings,22.753,25-06-2026,1852,1.58,5.56,1.47,4.41,7.26,10.82,11.7,9.88,1.94,0.64,18.2,100.0,37.0,Avoid,avoid,2026-06-29 17:05:22
145724,Tata Arbitrage Fund-Direct Plan-Growth,INF277K017Q3,Tata Mutual Fund,Hybrid,Hybrid Scheme - Arbitrage Fund,16.1152,25-06-2026,1851,0.96,1.53,3.3,6.72,7.22,7.63,7.38,6.73,0.19,1.37,0.57,100.0,39.6,Avoid,avoid,2026-06-29 17:05:22
145880,Nippon India Fixed Horizon Fund XXXX - Series 7 - Direct Plan - Growth Option,,Nippon India Mutual Fund,Other,IDF,12.9418,28-04-2022,805,0.0,0.0,0.0,0.0,0.0,0.0,0.0,0.66,0.0,,2.36,20.0,14.8,Avoid,avoid,2026-06-30 16:10:28
145947,SBI DEBT FUND SERIES C - 34 (1211 DAYS) - DIRECT PLAN - GROWTH,,SBI Mutual Fund,Debt,IDF,12.8817,25-04-2022,1029,0.0,0.0,0.0,0.0,0.0,0.0,0.0,0.68,0.0,,2.47,20.0,14.7,Avoid,avoid,2026-06-30 16:10:29
145855,SBI Debt Fund Series C - 33 (1216 Days) - Direct Plan - Growth,,SBI Mutual Fund,Debt,IDF,12.9318,19-04-2022,1031,0.0,0.0,0.0,0.0,0.0,0.0,0.0,0.67,0.0,,2.47,20.0,14.7,Avoid,avoid,2026-06-30 16:10:28
145994,SBI Debt Fund Series C - 36 (365 Days) - Direct Plan - Growth,,SBI Mutual Fund,Debt,IDF,10.8223,02-01-2020,306,0.0,0.0,0.0,0.0,0.0,0.0,0.0,0.0,0.0,,0.06,0.0,12.5,Avoid,avoid,2026-06-30 16:10:30
145790,Nippon India Fixed Horizon Fund XXXX - Series 6 - Direct Plan - Growth Option,,Nippon India Mutual Fund,Other,IDF,12.9432,29-04-2022,809,0.0,0.0,0.0,0.0,0.0,0.0,0.0,0.66,0.0,,2.33,20.0,14.8,Avoid,avoid,2026-06-29 17:05:12
145917,Nippon India Fixed Horizon Fund XXXX - Series 8 - Direct Plan - Growth Option,,Nippon India Mutual Fund,Other,IDF,13.1698,30-05-2022,814,0.0,0.0,0.0,0.0,0.0,0.0,0.0,2.63,0.0,,8.93,20.0,14.1,Avoid,avoid,2026-06-30 16:10:29
145987,SBI Debt Fund Series C - 35 (376 Days) - Direct Plan - Growth,,SBI Mutual Fund,Debt,IDF,13.7009,06-06-2023,1373,0.0,0.0,0.0,0.0,0.0,0.0,1.44,1.97,0.0,,2.55,40.0,17.2,Avoid,avoid,2026-06-30 16:10:31
146023,SBI Debt Fund Series C - 37 - (365 Days) - Direct Plan - Growth,,SBI Mutual Fund,Debt,IDF,10.812,14-01-2020,306,0.0,0.0,0.0,0.0,0.0,0.0,0.0,0.0,0.0,,0.06,0.0,12.5,Avoid,avoid,2026-06-30 16:10:31
146043,Nippon India Fixed Horizon Fund XXXX - Series 12 - Direct Plan - Growth Option,,Nippon India Mutual Fund,Other,IDF,13.2382,30-05-2022,800,0.0,0.0,0.0,0.0,0.0,0.0,0.0,2.22,0.0,,3.86,20.0,14.6,Avoid,avoid,2026-06-30 16:10:28
146030,Nippon India Fixed Horizon Fund XXXX - Series 11 - Direct Plan - Growth Plan,,Nippon India Mutual Fund,Other,IDF,12.8378,29-04-2022,790,0.0,0.0,0.0,0.0,0.0,0.0,0.0,0.67,0.0,,2.4,20.0,14.8,Avoid,avoid,2026-06-30 16:10:28
146172,Nippon India Fixed Horizon Fund XXXX - Series 14 - Direct Plan - Growth Option,,Nippon India Mutual Fund,Other,IDF,12.8605,02-05-2022,780,0.0,0.0,0.0,0.0,0.0,0.0,0.0,0.69,0.0,,2.41,20.0,14.7,Avoid,avoid,2026-06-29 17:05:43
146177,SBI Debt Fund Series C - 39 (88 Days) - Direct Plan - Growth,,SBI Mutual Fund,Debt,IDF,10.1803,15-04-2019,71,0.0,0.0,0.0,0.0,0.0,0.0,0.0,0.0,0.0,,0,0.0,12.5,Avoid,avoid,2026-06-29 17:05:43
146174,SBI Debt Fund Series C - 38 (389 Days) - Direct Plan - Growth,,SBI Mutual Fund,Debt,IDF,13.6145,23-06-2023,1376,0.0,0.0,0.0,0.0,0.0,0.0,1.51,2.03,0.0,,2.04,40.0,17.3,Avoid,avoid,2026-06-29 17:05:43
145895,LIC MF Arbitrage Fund-Direct Plan-Growth,INF767K01PP0,LIC Mutual Fund,Hybrid,Hybrid Scheme - Arbitrage Fund,15.3702,29-06-2026,1824,0.9,1.53,3.3,6.46,6.93,7.22,7.01,6.44,0.16,0.76,0.65,100.0,34.0,Avoid,avoid,2026-06-30 16:10:39
145819,Shriram ELSS Tax Saver Fund - Direct Growth,INF680P01158,Shriram Mutual Fund,ELSS,Equity Scheme - ELSS,23.6524,25-06-2026,1820,2.97,12.33,-2.01,-1.92,-3.95,9.79,12.38,10.1,4.45,0.22,29.78,60.0,25.8,Avoid,avoid,2026-06-29 17:05:23
145954,LIC MF Short Duration Fund-Direct Plan-Growth,INF767K01PW6,LIC Mutual Fund,Debt,Debt Scheme - Short Duration Fund,16.5501,29-06-2026,1788,1.83,2.71,3.2,5.95,7.86,7.72,7.44,6.42,0.6,0.58,2.28,100.0,32.6,Avoid,avoid,2026-06-30 16:10:39
146010,Tata Balanced Advantage Fund-Direct Plan-Growth,INF277K013S8,Tata Mutual Fund,Hybrid,Hybrid Scheme - Dynamic Asset Allocation or Balanced Advantage,23.4849,29-06-2026,1823,2.01,8.5,0.63,2.92,4.29,10.24,11.95,10.46,2.42,0.46,20.02,100.0,34.8,Avoid,avoid,2026-06-30 16:10:39
145897,ICICI Prudential India Opportunities Fund - Direct Plan - Cumulative Option,INF109KC1RH9,ICICI Prudential Mutual Fund,Thematic,Equity Scheme - Sectoral/ Thematic,39.58,29-06-2026,1833,1.44,8.32,-3.25,0.69,6.6,18.59,22.11,20.38,3.12,0.94,40.13,100.0,59.0,Watch,watch,2026-06-30 16:10:39
146075,Tata Ultra Short Term Fund-Direct Plan-Growth,INF277K011T0,Tata Mutual Fund,Debt,Debt Scheme - Ultra Short Duration Fund,15.9056,25-06-2026,1796,0.85,1.88,3.41,6.78,7.41,7.46,7.29,6.61,0.14,1.59,0.71,100.0,41.2,Avoid,avoid,2026-06-29 17:05:42
145834,Motilal Oswal Liquid Fund - Direct Growth,INF247L01734,Motilal Oswal Mutual Fund,Debt,Debt Scheme - Liquid Fund,14.7673,28-06-2026,2124,0.62,1.61,3.08,5.98,6.4,6.6,6.45,5.84,0.06,-0.91,0.05,100.0,22.8,Avoid,avoid,2026-06-29 17:05:23
146130,CANARA ROBECO SMALL CAP FUND - DIRECT PLAN - GROWTH OPTION,INF760K01JC6,Canara Robeco Mutual Fund,Small Cap,Equity Scheme - Small Cap Fund,44.28,25-06-2026,1808,3.75,18.49,4.56,1.56,1.85,14.87,17.81,17.64,5.27,0.48,36.18,100.0,46.0,Avoid,avoid,2026-06-29 17:05:42
145971,WhiteOak Capital Liquid Fund- Direct plan-Growth Option,INF03VN01043,WhiteOak Capital Mutual Fund,Debt,Debt Scheme - Liquid Fund,1500.3686,29-06-2026,2096,0.57,1.72,3.25,6.19,6.67,6.88,6.72,6.01,0.06,0.27,0.05,100.0,29.5,Avoid,avoid,2026-06-30 16:10:39
146196,Edelweiss Small Cap Fund - Direct Plan - Growth,INF754K01JN6,Edelweiss Mutual Fund,Small Cap,Equity Scheme - Small Cap Fund,51.507,25-06-2026,1813,3.88,20.15,6.26,4.78,5.37,18.7,22.43,18.83,5.2,0.66,37.09,100.0,54.3,Avoid,avoid,2026-06-29 17:05:55
146215,SBI Corporate Bond Fund - Direct Plan - Growth,INF200KA1YR4,SBI Mutual Fund,Debt,Debt Scheme - Corporate Bond Fund,16.8752,25-06-2026,1792,1.55,2.26,2.47,5.23,7.53,7.44,7.29,6.41,0.54,0.41,2.9,100.0,30.5,Avoid,avoid,2026-06-29 17:05:51
145810,Nippon India Overnight Fund - Direct Plan - Growth Option,INF204KB1R31,Nippon India Mutual Fund,Debt,Debt Scheme - Overnight Fund,146.5017,28-06-2026,2302,0.41,1.27,2.56,5.34,5.9,6.19,6.18,5.64,0.01,-3.02,0,100.0,21.9,Avoid,avoid,2026-06-29 17:05:23
146141,Kotak Overnight Fund -Direct Plan-Growth Option,INF174KA1BF9,Kotak Mahindra Mutual Fund,Debt,Debt Scheme - Overnight Fund,1455.0579,28-06-2026,2286,0.43,1.27,2.57,5.34,5.89,6.19,6.17,5.63,0.01,-3.11,0,100.0,21.9,Avoid,avoid,2026-06-29 17:05:56
146062,DSP Overnight Fund - Direct Plan - Growth,INF740KA1MC8,DSP Mutual Fund,Debt,Debt Scheme - Overnight Fund,1460.8007,28-06-2026,2297,0.41,1.27,2.56,5.33,5.88,6.18,6.17,5.63,0.02,-3.1,0,100.0,21.9,Avoid,avoid,2026-06-29 17:05:42
146191,BANDHAN Overnight Fund - Direct Plan - Growth,INF194KB1447,Bandhan Mutual Fund,Debt,Debt Scheme - Overnight Fund,1454.4226,28-06-2026,2302,0.42,1.27,2.55,5.33,5.87,6.18,6.16,5.62,0.01,-3.09,0,100.0,21.9,Avoid,avoid,2026-06-29 17:05:56
146289,SBI Debt Fund Series C - 40- (1177 Days) - Direct Plan - Growth,,SBI Mutual Fund,Debt,IDF,12.7484,20-04-2022,1000,0.0,0.0,0.0,0.0,0.0,0.0,0.0,0.63,0.0,,2.26,20.0,14.8,Avoid,avoid,2026-06-29 17:05:43
146299,Nippon India Fixed Horizon Fund XXXX - Series 15 - Direct Plan - Growth Option,,Nippon India Mutual Fund,Other,IDF,12.7814,04-05-2022,776,0.0,0.0,0.0,0.0,0.0,0.0,0.0,0.68,0.0,,2.43,20.0,14.7,Avoid,avoid,2026-06-29 17:05:43
146404,BNP Paribas Dynamic Equity Fund - Direct Plan-Quarterly Income Distribution cum Capital Withdrawal Option,,BNP Paribas Mutual Fund,Hybrid,Hybrid Scheme - Dynamic Asset Allocation or Balanced Advantage,13.3022,13-03-2022,743,0.0,0.0,0.0,0.0,0.0,0.0,0.0,0.67,0.0,,19.59,20.0,13.0,Avoid,avoid,2026-06-29 17:05:44
146312,SBI Debt Fund Series C - 41 (1178 Days) - Direct Plan - Growth,,SBI Mutual Fund,Debt,IDF,12.7704,27-04-2022,1000,0.0,0.0,0.0,0.0,0.0,0.0,0.0,0.65,0.0,,2.32,20.0,14.8,Avoid,avoid,2026-06-29 17:05:43
146365,SBI Debt Fund Series C - 42 (365 Days) - Direct Plan - Growth,,SBI Mutual Fund,Debt,IDF,10.8114,12-02-2020,305,0.0,0.0,0.0,0.0,0.0,0.0,0.0,0.0,0.0,,0.06,0.0,12.5,Avoid,avoid,2026-06-29 17:05:43
146401,BNP Paribas Dynamic Equity Fund - Direct Plan-Annual Income Distribution cum Capital Withdrawal Option,,BNP Paribas Mutual Fund,Hybrid,Hybrid Scheme - Dynamic Asset Allocation or Balanced Advantage,14.0015,13-03-2022,743,0.0,0.0,0.0,0.0,0.0,0.0,0.0,0.67,0.0,,19.39,20.0,13.0,Avoid,avoid,2026-06-29 17:05:44
146403,BNP Paribas Dynamic Equity Fund - Direct Plan-Monthly Income Distribution cum Capital Withdrawal Option,,BNP Paribas Mutual Fund,Hybrid,Hybrid Scheme - Dynamic Asset Allocation or Balanced Advantage,13.4228,13-03-2022,743,0.0,0.0,0.0,0.0,0.0,0.0,0.0,0.67,0.0,,20.0,20.0,12.9,Avoid,avoid,2026-06-29 17:05:44
146331,Nippon India Fixed Horizon Fund XXXX - Series 16 - Direct Plan - Growth Option,,Nippon India Mutual Fund,Other,IDF,13.3025,15-06-2022,797,0.0,0.0,0.0,0.0,0.0,0.0,0.0,2.3,0.0,,3.77,20.0,14.6,Avoid,avoid,2026-06-29 17:05:43
146402,BNP Paribas Dynamic Equity Fund - Direct Plan-Growth Option,,BNP Paribas Mutual Fund,Hybrid,Hybrid Scheme - Dynamic Asset Allocation or Balanced Advantage,14.0085,13-03-2022,743,0.0,0.0,0.0,0.0,0.0,0.0,0.0,0.68,0.0,,19.39,20.0,13.0,Avoid,avoid,2026-06-29 17:05:44
146367,SBI Debt Fund Series C - 43 (384 Days) - Direct Plan - Growth,,SBI Mutual Fund,Debt,IDF,13.5656,23-05-2023,1327,0.0,0.0,0.0,0.0,0.0,0.0,1.4,1.92,0.0,,2.39,40.0,17.3,Avoid,avoid,2026-06-29 17:05:45
146558,SBI Debt Fund Series C - 45 (92 Days) - Direct Plan - Growth,,SBI Mutual Fund,Debt,IDF,10.1871,29-05-2019,73,0.0,0.0,0.0,0.0,0.0,0.0,0.0,0.0,0.0,,0,0.0,12.5,Avoid,avoid,2026-06-29 17:05:47
146473,Nippon India Fixed Horizon Fund XXXX - Series 17 - Direct Plan - Growth Option,,Nippon India Mutual Fund,Other,IDF,12.7093,02-05-2022,770,0.0,0.0,0.0,0.0,0.0,0.0,0.0,0.67,0.0,,2.34,20.0,14.8,Avoid,avoid,2026-06-29 17:05:45
146517,IDBI Healthcare Fund - Direct Plan - Growth,,IDBI Mutual Fund,Sectoral,Formerly Known as IIFL Mutual Fund,20.15,27-07-2023,1082,0.0,0.0,0.0,0.0,0.0,2.07,4.45,0.36,0.0,-2.04,22.23,40.0,12.1,Avoid,avoid,2026-06-29 17:05:47
146495,SBI Debt Fund Series C - 44 (378 Days) - Direct Plan - Growth,,SBI Mutual Fund,Debt,IDF,13.5685,23-05-2023,1322,0.0,0.0,0.0,0.0,0.0,0.0,1.39,1.94,0.0,,2.6,40.0,17.2,Avoid,avoid,2026-06-29 17:05:46
146297,Union Arbitrage Fund - Direct Plan - Growth Option,INF582M01ES7,Union Mutual Fund,Hybrid,Hybrid Scheme - Arbitrage Fund,15.4282,25-06-2026,1800,0.92,1.43,3.16,6.28,6.8,7.3,7.03,6.39,0.19,0.8,0.59,100.0,34.3,Avoid,avoid,2026-06-29 17:05:54
146381,DSP Nifty Next 50 Index Fund - Direct Plan - Growth,INF740KA1MG9,DSP Mutual Fund,Index / ETF,Other Scheme - Index Funds,28.5442,25-06-2026,1805,1.52,19.57,5.35,5.67,0.92,18.63,19.06,13.97,6.13,0.66,36.02,60.0,45.2,Avoid,avoid,2026-06-29 17:05:55
146376,DSP Nifty 50 Index Fund - Direct Plan - Growth,INF740KA1MM7,DSP Mutual Fund,Index / ETF,Other Scheme - Index Funds,23.698,25-06-2026,1805,2.45,8.19,-6.78,-5.25,1.06,8.88,12.14,9.91,4.37,0.17,37.78,80.0,25.2,Avoid,avoid,2026-06-29 17:05:56
146407,ADITYA BIRLA SUN LIFE BAL BHAVISHYA YOJNA DIRECT GROWTH,INF209KB1E84,Aditya Birla Sun Life Mutual Fund,Other,Solution Oriented Scheme - Children’s Fund,23.02,25-06-2026,1812,2.04,15.68,0.17,2.72,4.23,13.03,15.56,10.89,4.92,0.43,33.92,80.0,34.5,Avoid,avoid,2026-06-29 17:05:55
146349,ICICI Prudential Retirement Fund - Pure Equity - Direct Plan - Growth Option,INF109KC1TS2,ICICI Prudential Mutual Fund,Other,Solution Oriented Scheme - Retirement Fund,38.89,25-06-2026,1801,1.86,14.25,3.54,6.81,9.78,23.71,23.55,22.71,4.83,0.96,37.17,100.0,69.2,Watch,watch,2026-06-29 17:05:54
146457,Invesco India Equity Savings Fund - Direct Plan - Growth,INF205KA1049,Invesco Mutual Fund,Hybrid,Hybrid Scheme - Equity Savings,18.7462,25-06-2026,1796,2.25,5.29,-0.31,-1.36,3.55,9.32,10.49,8.28,1.65,0.42,13.6,60.0,28.0,Avoid,avoid,2026-06-29 17:05:56
146513,Nippon India Nifty Next 50 Junior BeES FoF - Direct Plan - Growth Plan - Growth Option,INF204KB1X25,Nippon India Mutual Fund,Index / ETF,Other Scheme - FoF Domestic,27.2308,25-06-2026,1795,1.52,19.54,5.5,6.1,1.08,18.71,19.1,13.96,6.11,0.67,34.31,60.0,45.8,Avoid,avoid,2026-06-29 17:05:56
146549,Mahindra Manulife Large Cap Fund - Direct Plan -Growth,INF174V01721,Mahindra Manulife Mutual Fund,Large Cap,Equity Scheme - Large Cap Fund,25.1147,25-06-2026,1790,3.02,7.65,-6.41,-5.53,0.93,11.25,13.68,11.05,4.22,0.34,35.27,80.0,31.6,Avoid,avoid,2026-06-29 17:05:56
146596,Nippon India Fixed Horizon Fund XXXX - Series 19 - Direct Plan - Growth Option,,Nippon India Mutual Fund,Other,IDF,13.1486,15-06-2022,781,0.0,0.0,0.0,0.0,0.0,0.0,0.0,2.41,0.0,,4.01,20.0,14.6,Avoid,avoid,2026-06-29 17:06:00
146656,SBI Debt Fund Series C - 48 (385 Days) - Direct Plan - Growth,,SBI Mutual Fund,Debt,IDF,13.5228,22-06-2023,1330,0.0,0.0,0.0,0.0,0.0,0.0,1.53,2.06,0.0,,2.49,40.0,17.2,Avoid,avoid,2026-06-29 17:06:00
146738,Reliance Fixed Horizon Fund XLI - Series 2 - Direct Plan - Growth Option,,Reliance Mutual Fund,Other,IDF,10.1951,18-06-2019,59,0.0,0.0,0.0,0.0,0.0,0.0,0.0,0.0,0.0,,0,0.0,12.5,Avoid,avoid,2026-06-29 17:06:00
146651,SBI Debt Fund Series C - 47 (360 Days) - Direct Plan - Growth,,SBI Mutual Fund,Debt,IDF,10.7909,05-03-2020,302,0.0,0.0,0.0,0.0,0.0,0.0,0.0,0.0,0.0,,0.07,0.0,12.5,Avoid,avoid,2026-06-29 17:06:00
146672,Nippon India Fixed Horizon Fund XLI - Series 1 - Direct Plan - Growth Option,,Nippon India Mutual Fund,Other,IDF,12.5867,29-04-2022,752,0.0,0.0,0.0,0.0,0.0,0.0,0.0,0.67,0.0,,2.4,20.0,14.8,Avoid,avoid,2026-06-29 17:06:00
146592,SBI Debt Fund Series C - 46 (376 Days) - Direct Plan- Growth,,SBI Mutual Fund,Debt,IDF,13.4568,06-06-2023,1323,0.0,0.0,0.0,0.0,0.0,0.0,1.46,1.98,0.0,,2.09,40.0,17.3,Avoid,avoid,2026-06-29 17:06:00
146847,Nippon India Fixed Horizon Fund XLI - Series 4 - Direct Plan - Growth Option,,Nippon India Mutual Fund,Other,IDF,13.1026,15-06-2022,775,0.0,0.0,0.0,0.0,0.0,0.0,0.0,2.32,0.0,,3.55,20.0,14.6,Avoid,avoid,2026-06-29 17:06:01
146765,SBI Debt Fund Series C - 49 (390 Days) - Direct Plan - Growth,,SBI Mutual Fund,Debt,IDF,13.4892,04-07-2023,1335,0.0,0.0,0.0,0.0,0.0,0.02,1.55,2.12,0.0,,2.25,60.0,19.8,Avoid,avoid,2026-06-29 17:06:01
146878,SBI Debt Fund Series C - 50 (383 Days) - Direct Plan - Growth,,SBI Mutual Fund,Debt,IDF,13.4227,04-07-2023,1328,0.0,0.0,0.0,0.0,0.0,0.02,1.56,2.1,0.0,,1.99,60.0,19.8,Avoid,avoid,2026-06-29 17:06:01
147125,BNP Paribas Overnight Fund - Direct Plan-Growth Option,,BNP Paribas Mutual Fund,Debt,Debt Scheme - Overnight Fund,1116.7619,13-03-2022,838,0.0,0.0,0.0,0.0,0.0,0.0,0.0,0.45,0.0,,0,20.0,15.0,Avoid,avoid,2026-06-29 17:06:06
147126,BNP Paribas Overnight Fund - Direct Plan-Weekly Income Distribution cum Capital Withdrawal Option,,BNP Paribas Mutual Fund,Debt,Debt Scheme - Overnight Fund,1000.0,13-03-2022,838,0.0,0.0,0.0,0.0,0.0,0.0,0.0,-0.01,0.0,,0.08,0.0,12.5,Avoid,avoid,2026-06-29 17:06:07
147127,BNP Paribas Overnight Fund - Direct Plan-Daily Income Distribution cum Capital Withdrawal Option,,BNP Paribas Mutual Fund,Debt,Debt Scheme - Overnight Fund,1000.1985,13-03-2022,838,0.0,0.0,0.0,0.0,0.0,0.0,0.0,0.0,0.0,,0.0,20.0,15.0,Avoid,avoid,2026-06-29 17:06:06
147131,Principal Small Cap Fund - Direct Plan - Growth Option,,Principal Mutual Fund,Small Cap,Equity Scheme - Small Cap Fund,25.73,30-12-2021,650,0.0,0.0,0.0,0.0,0.0,0.0,0.0,4.7,0.0,,36.43,20.0,11.2,Avoid,avoid,2026-06-29 17:06:06
146716,ICICI Prudential Retirement Fund - Hybrid Conservative - Direct Plan - Growth Option,INF109KC1UA8,ICICI Prudential Mutual Fund,Index / ETF,Solution Oriented Scheme - Retirement Fund,20.0673,25-06-2026,1770,1.81,4.58,2.49,6.26,7.74,11.28,11.4,9.34,1.32,0.96,10.16,100.0,41.4,Avoid,avoid,2026-06-29 17:06:05
147132,Principal Small Cap Fund - Direct Plan- Income Distribution CUM Capital Withdrawal Option,,Principal Mutual Fund,Small Cap,Equity Scheme - Small Cap Fund,25.73,30-12-2021,650,0.0,0.0,0.0,0.0,0.0,0.0,0.0,4.7,0.0,,36.43,20.0,11.2,Avoid,avoid,2026-06-29 17:06:06
146721,ICICI Prudential Retirement Fund - Hybrid Aggressive - Direct Plan - Growth Option,INF109KC1TW4,ICICI Prudential Mutual Fund,Hybrid,Solution Oriented Scheme - Retirement Fund,31.33,25-06-2026,1801,2.25,13.6,3.91,8.3,8.9,21.13,21.01,17.51,3.99,0.96,28.71,100.0,62.1,Watch,watch,2026-06-29 17:06:05
146575,Aditya Birla Sun Life Retirement Fund-The 30s Plan-Direct Growth,INF209KB1I23,Aditya Birla Sun Life Mutual Fund,Other,Solution Oriented Scheme - Retirement Fund,24.593,25-06-2026,1793,3.9,20.9,7.73,11.03,10.07,17.5,18.31,13.19,5.11,0.71,34.23,80.0,48.6,Avoid,avoid,2026-06-29 17:06:03
146727,ICICI Prudential Retirement Fund - Pure Debt - Direct Plan - Growth Option,INF109KC1UE0,ICICI Prudential Mutual Fund,Debt,Solution Oriented Scheme - Retirement Fund,17.1295,25-06-2026,1770,1.58,2.67,2.59,4.82,6.82,7.07,7.08,6.2,0.59,0.16,2.67,100.0,27.8,Avoid,avoid,2026-06-29 17:06:05
146643,SBI Equity Minimum Variance Fund - Direct Plan - Growth,INF200KA1A71,SBI Mutual Fund,Thematic,Equity Scheme - Sectoral/ Thematic,24.436,25-06-2026,1793,0.78,9.76,-3.09,-1.22,0.8,9.49,13.34,10.67,4.18,0.24,32.95,80.0,28.0,Avoid,avoid,2026-06-29 17:06:06
146943,Aditya Birla Sun Life Retirement Fund-The 50s Plus-Debt Plan-Direct Plan-Growth,INF209KB1K03,Aditya Birla Sun Life Mutual Fund,Debt,Solution Oriented Scheme - Retirement Fund,14.9015,25-06-2026,1763,1.22,2.13,2.28,4.3,5.99,6.17,6.28,5.36,0.46,-0.47,2.26,100.0,21.5,Avoid,avoid,2026-06-29 17:06:14
146930,Aditya Birla Sun Life Retirement Fund-The 40s Plan-Direct Plan-Growth,INF209KB1I80,Aditya Birla Sun Life Mutual Fund,Other,Solution Oriented Scheme - Retirement Fund,21.202,25-06-2026,1792,1.87,9.2,0.22,1.57,5.97,12.86,14.0,10.19,3.52,0.54,27.28,80.0,35.8,Avoid,avoid,2026-06-29 17:06:19
146772,HSBC Large & Mid Cap Fund - Direct Growth,INF336L01NV5,HSBC Mutual Fund,Mid Cap,Equity Scheme - Large & Mid Cap Fund,32.253,25-06-2026,1778,1.44,19.58,8.24,9.96,6.84,19.76,21.79,16.84,5.17,0.73,36.1,80.0,55.1,Watch,watch,2026-06-29 17:06:06
146951,ICICI Prudential Bharat Consumption Fund - Direct Plan - Growth Option,INF109KC1YD4,ICICI Prudential Mutual Fund,Sectoral,Equity Scheme - Sectoral/ Thematic,26.59,25-06-2026,1771,3.95,13.68,-2.96,-1.99,1.74,12.59,14.85,14.98,4.98,0.41,31.34,80.0,37.9,Avoid,avoid,2026-06-29 17:06:19
146940,Aditya Birla Sun Life Retirement Fund-The 50s Plan-Direct Plan-Growth,INF209KB1J48,Aditya Birla Sun Life Mutual Fund,Other,Solution Oriented Scheme - Retirement Fund,16.6794,25-06-2026,1763,1.46,5.01,2.77,5.28,6.9,9.03,9.44,7.33,1.43,0.53,4.99,80.0,31.1,Avoid,avoid,2026-06-29 17:06:18
146675,Axis Overnight Fund - Direct Plan - Growth Option,INF846K01N65,Axis Mutual Fund,Debt,Debt Scheme - Overnight Fund,1443.6469,28-06-2026,2225,0.43,1.28,2.58,5.36,5.91,6.21,6.19,5.65,0.01,-2.94,0.1,100.0,22.0,Avoid,avoid,2026-06-29 17:06:06
147003,Union Overnight Fund - Direct Plan - Growth Option,INF582M01FA2,Union Mutual Fund,Debt,Debt Scheme - Overnight Fund,1435.5616,28-06-2026,2030,0.41,1.28,2.56,5.32,5.88,6.18,6.15,5.62,0.02,-2.96,0,100.0,21.9,Avoid,avoid,2026-06-29 17:06:21
146963,Sundaram Overnight Fund Direct Plan - Growth,INF903JA1HG5,Sundaram Mutual Fund,Debt,Debt Scheme - Overnight Fund,1448.3201,28-06-2026,2310,0.41,1.26,2.53,5.28,5.85,6.16,6.14,5.6,0.02,-3.13,0,100.0,21.9,Avoid,avoid,2026-06-29 17:06:21
146980,Tata Overnight Fund-Direct Plan-Growth,INF277K018T5,Tata Mutual Fund,Debt,Debt Scheme - Overnight Fund,1439.75,28-06-2026,2240,0.43,1.28,2.58,5.36,5.91,6.21,6.18,5.64,0.01,-2.99,0,100.0,22.0,Avoid,avoid,2026-06-29 17:06:21
147183,ITI Multi Cap Fund - Direct Plan - Growth Option,INF00XX01168,ITI Mutual Fund,Multi Cap,Equity Scheme - Multi Cap Fund,29.1882,25-06-2026,1751,3.15,19.81,7.15,7.95,4.88,19.76,22.43,14.62,5.26,0.73,38.66,80.0,51.6,Avoid,avoid,2026-06-29 17:06:18
147157,ITI Liquid Fund - Direct Plan - Growth Option,INF00XX01283,ITI Mutual Fund,Debt,Debt Scheme - Liquid Fund,1455.5199,28-06-2026,2170,0.51,1.65,3.11,6.15,6.61,6.74,6.61,5.99,0.06,-0.22,0.01,100.0,25.4,Avoid,avoid,2026-06-29 17:06:20
147217,Indiabulls Banking & PSU Debt Fund-Direct Plan- Growth,,Indiabulls Mutual Fund,Debt,Debt Scheme - Banking and PSU Fund,1129.7294,04-03-2021,443,0.0,0.0,0.0,0.0,0.0,0.0,0.0,0.0,0.0,,1.04,0.0,12.4,Avoid,avoid,2026-06-29 17:06:07
147353,Nippon India Fixed Horizon Fund XLI - Series 10 - Direct Plan - Growth Option,,Nippon India Mutual Fund,Other,IDF,12.9724,30-06-2022,735,0.0,0.0,0.0,0.0,0.0,0.0,0.0,1.04,0.0,,2.22,20.0,14.8,Avoid,avoid,2026-06-29 17:06:23
147355,Nippon India Fixed Horizon Fund XLI - Series 11 - Direct Plan - Growth Option,,Nippon India Mutual Fund,Other,IDF,12.4664,02-08-2022,758,0.0,0.0,0.0,0.0,0.0,0.0,0.11,0.92,0.0,,2.55,40.0,17.2,Avoid,avoid,2026-06-29 17:06:23
147440,Sundaram Ultra Short Term Fund Direct Plan - Growth,,Sundaram Mutual Fund,Debt,Debt Scheme - Ultra Short Duration Fund,11.3788,31-12-2021,609,0.0,0.0,0.0,0.0,0.0,0.0,0.0,0.36,0.0,,0.77,20.0,14.9,Avoid,avoid,2026-06-29 17:06:23
147372,QUANTUM ESG BEST IN CLASS STRATEGY FUND - DIRECT PLAN - GROWTH OPTION,INF082J01382,Quantum Mutual Fund,Thematic,Equity Scheme - Sectoral/ Thematic,24.38,25-06-2026,1712,2.39,12.4,-4.32,-5.43,1.04,9.62,12.63,9.03,5.0,0.22,33.15,60.0,23.8,Avoid,avoid,2026-06-29 17:06:36
147269,KOTAK FLOATING RATE FUND-DIRECT PLAN-GROWTH OPTION,INF174KA1EC0,Kotak Mahindra Mutual Fund,Debt,Debt Scheme - Floater Fund,1649.9173,25-06-2026,1722,1.45,1.91,2.88,6.34,8.04,8.0,7.82,6.9,0.38,1.11,2.03,100.0,37.6,Avoid,avoid,2026-06-29 17:06:19
147311,WhiteOak Capital Ultra Short Duration Fund- Direct plan-Growth Option,INF03VN01209,WhiteOak Capital Mutual Fund,Debt,Debt Scheme - Ultra Short Duration Fund,1496.6742,25-06-2026,1708,0.79,1.8,3.1,6.15,6.87,6.98,6.85,6.28,0.14,0.44,0.16,100.0,31.0,Avoid,avoid,2026-06-29 17:06:35
147206,Mirae Asset Focused Fund Direct Plan Growth,INF769K01EU0,Mirae Asset Mutual Fund,Thematic,Equity Scheme - Focused Fund,26.409,25-06-2026,1753,3.12,15.43,-6.9,-6.27,2.0,7.84,9.95,8.06,5.33,0.11,38.22,80.0,20.7,Avoid,avoid,2026-06-29 17:06:20
147346,ICICI Prudential MNC Fund - Direct Plan - Growth Option,INF109KC1D93,ICICI Prudential Mutual Fund,Thematic,Equity Scheme - Sectoral/ Thematic,32.77,25-06-2026,1729,1.49,14.26,2.99,8.44,4.67,13.78,15.82,13.72,4.39,0.52,30.73,100.0,43.5,Avoid,avoid,2026-06-29 17:06:31
147377,Baroda BNP Paribas Money Market Fund- Direct Plan - Growth,INF955L01ID0,Baroda BNP Paribas Mutual Fund,Debt,Debt Scheme - Money Market Fund,1489.4977,25-06-2026,1699,0.92,1.79,3.09,6.33,7.2,7.19,6.99,6.27,0.18,0.74,0.21,100.0,33.7,Avoid,avoid,2026-06-29 17:06:35
147406,Shriram Balanced Advantage Fund - Direct Growth,INF680P01208,Shriram Mutual Fund,Hybrid,Hybrid Scheme - Dynamic Asset Allocation or Balanced Advantage,18.7941,25-06-2026,1712,2.06,6.52,-3.0,-1.73,-1.39,7.75,9.1,7.88,3.13,0.11,14.64,60.0,21.8,Avoid,avoid,2026-06-29 17:06:35
147409,Aditya Birla Sun Life Pharma and Healthcare Fund-Direct-Growth,INF209KB1O25,Aditya Birla Sun Life Mutual Fund,Sectoral,Equity Scheme - Sectoral/ Thematic,38.12,25-06-2026,1713,3.87,13.96,12.98,13.72,14.06,23.29,22.16,14.42,2.87,1.17,20.46,80.0,66.1,Watch,watch,2026-06-29 17:06:35
147306,DSP Quant Fund - Direct Plan - Growth,INF740KA1NQ6,DSP Mutual Fund,Thematic,Equity Scheme - Sectoral/ Thematic,22.021,25-06-2026,1735,-0.56,8.09,-7.0,-3.45,0.98,7.67,11.19,7.55,4.39,0.09,32.66,60.0,19.3,Avoid,avoid,2026-06-29 17:06:20
147445,Mirae Asset Midcap Fund- Direct Growth Option,INF769K01FA9,Mirae Asset Mutual Fund,Mid Cap,Equity Scheme - Mid Cap Fund,42.326,25-06-2026,1700,1.94,18.14,3.3,8.06,6.67,19.26,21.11,17.22,5.42,0.72,37.38,100.0,55.4,Watch,watch,2026-06-29 17:06:35
147196,Baroda BNP Paribas Overnight Fund - Direct Plan - Growth,INF955L01HV4,Baroda BNP Paribas Mutual Fund,Debt,Debt Scheme - Overnight Fund,1432.5216,28-06-2026,2125,0.43,1.28,2.57,5.35,5.88,6.19,6.17,5.63,0.02,-2.95,0,100.0,21.9,Avoid,avoid,2026-06-29 17:06:21
147214,Franklin India Overnight Fund- Growth - Direct,INF090I01SS9,Franklin Templeton Mutual Fund,Debt,Debt Scheme - Overnight Fund,1422.7049,28-06-2026,2198,0.43,1.29,2.59,5.38,5.89,6.17,6.13,5.59,0.01,-3.41,0,100.0,21.9,Avoid,avoid,2026-06-29 17:06:21
147287,HSBC Overnight Fund - Direct Growth,INF336L01OF6,HSBC Mutual Fund,Debt,Debt Scheme - Overnight Fund,1427.0963,28-06-2026,2064,0.42,1.27,2.56,5.33,5.88,6.18,6.17,5.64,0.01,-3.07,0,100.0,21.9,Avoid,avoid,2026-06-29 17:06:21
147587,Sundaram Equity Fund Direct Plan - Growth,,Sundaram Mutual Fund,Multi Cap,Equity Scheme - Multi Cap Fund,17.3254,31-12-2021,570,0.0,0.0,0.0,0.0,0.0,0.0,0.0,2.53,0.0,,36.71,20.0,11.2,Avoid,avoid,2026-06-29 17:06:36
147463,Nippon India Fixed Horizon Fund XLI - Series 12 - Direct Plan - Growth Option,,Nippon India Mutual Fund,Other,IDF,12.9474,01-08-2022,738,0.0,0.0,0.0,0.0,0.0,0.0,0.11,1.19,0.0,,2.27,40.0,17.3,Avoid,avoid,2026-06-29 17:06:23
147593,WhiteOak Capital Overnight Fund- Direct plan-Growth Option,,WhiteOak Capital Mutual Fund,Debt,Debt Scheme - Overnight Fund,1131.3343,18-12-2022,949,0.0,0.0,0.0,0.0,0.0,0.0,0.64,1.17,0.0,,0,40.0,17.5,Avoid,avoid,2026-06-29 17:06:37
147481,Parag Parikh ELSS Tax Saver Fund- Direct Growth,INF879O01100,PPFAS Mutual Fund,ELSS,Equity Scheme - ELSS,31.8062,25-06-2026,1702,1.24,5.93,-7.52,-8.65,2.21,11.8,15.07,14.09,3.4,0.45,29.54,80.0,37.3,Avoid,avoid,2026-06-29 17:06:36
147541,ITI ELSS Tax Saver Fund - Direct Plan - Growth Option,INF00XX01390,ITI Mutual Fund,ELSS,Equity Scheme - ELSS,28.3365,25-06-2026,1643,5.12,21.85,2.96,1.49,3.34,18.92,21.37,13.91,6.86,0.67,38.49,80.0,46.7,Avoid,avoid,2026-06-29 17:06:43
147492,Union Focused Fund - Direct Plan - Growth Option,INF582M01FS4,Union Mutual Fund,Thematic,Equity Scheme - Focused Fund,28.82,25-06-2026,1690,2.05,16.02,8.63,5.92,4.8,13.14,14.79,12.05,4.36,0.46,33.96,100.0,38.8,Avoid,avoid,2026-06-29 17:06:36
147473,Kotak Focused Fund- Direct Plan- Growth option,INF174KA1EN7,Kotak Mahindra Mutual Fund,Thematic,Equity Scheme - Focused Fund,30.063,25-06-2026,1705,3.91,14.04,1.4,7.27,7.11,16.68,18.14,14.64,4.64,0.71,36.33,100.0,49.0,Avoid,avoid,2026-06-29 17:06:35
147496,Baroda BNP Paribas Equity Savings Fund - Direct Plan - Growth,INF955L01IL3,Baroda BNP Paribas Mutual Fund,Hybrid,Hybrid Scheme - Equity Savings,18.5273,25-06-2026,1701,1.12,5.9,1.32,4.06,6.45,9.82,10.79,8.88,1.92,0.52,8.43,100.0,34.4,Avoid,avoid,2026-06-29 17:06:36
147475,Kotak Focused Fund-Direct Plan- Income Distribution cum capital withdrawal option,INF174KA1EP2,Kotak Mahindra Mutual Fund,Thematic,Equity Scheme - Focused Fund,30.064,25-06-2026,1705,3.91,14.04,1.4,7.27,7.11,16.68,18.14,14.64,4.64,0.71,36.32,100.0,49.0,Avoid,avoid,2026-06-29 17:06:36
147446,Mahindra Manulife Aggressive Hybrid Fund - Direct Plan -Growth,INF174V01788,Mahindra Manulife Mutual Fund,Hybrid,Hybrid Scheme - Aggressive Hybrid Fund,30.2033,25-06-2026,1705,2.49,7.8,-3.07,-1.66,4.27,14.31,16.54,13.78,3.39,0.64,25.41,80.0,42.6,Avoid,avoid,2026-06-29 17:06:35
147567,Axis Money Market Fund - Direct Plan - Growth Option,INF846K01Q62,Axis Mutual Fund,Debt,Debt Scheme - Money Market Fund,1538.884,25-06-2026,1672,0.94,1.78,3.14,6.37,7.33,7.42,7.3,6.61,0.18,1.07,1.19,100.0,36.7,Avoid,avoid,2026-06-29 17:06:43
147564,Mahindra Manulife Overnight Fund - Direct Plan -Growth,INF174V01838,Mahindra Manulife Mutual Fund,Debt,Debt Scheme - Overnight Fund,1411.3847,28-06-2026,1920,0.42,1.24,2.54,5.31,5.88,6.18,6.16,5.63,0.02,-2.95,0,100.0,21.9,Avoid,avoid,2026-06-29 17:06:43
147531,CANARA ROBECO OVERNIGHT FUND - DIRECT PLAN - GROWTH OPTION,INF760K01JM5,Canara Robeco Mutual Fund,Debt,Debt Scheme - Overnight Fund,1407.5913,28-06-2026,1842,0.42,1.26,2.52,5.27,5.79,6.1,6.08,5.56,0.02,-3.48,0,100.0,21.8,Avoid,avoid,2026-06-29 17:06:43
147617,ITI Arbitrage Fund - Direct Plan - Growth Option,INF00XX01440,ITI Mutual Fund,Hybrid,Hybrid Scheme - Arbitrage Fund,14.3976,29-06-2026,1672,0.64,1.09,3.13,6.39,7.01,7.42,6.81,6.02,0.14,1.06,0.58,100.0,36.7,Avoid,avoid,2026-06-30 16:11:11
147450,Groww Overnight Fund (formerly known as Indiabulls Overnight Fund)- Direct Plan- Growth Option,INF666M01GL8,Groww Mutual Fund,Debt,Debt Scheme - Overnight Fund,1404.8097,28-06-2026,2105,0.42,1.25,2.51,5.23,5.79,6.11,6.02,5.49,0.01,-3.35,0,100.0,21.8,Avoid,avoid,2026-06-29 17:06:37
147570,Edelweiss Overnight Fund - Direct Plan - Growth,INF754K01JV9,Edelweiss Mutual Fund,Debt,Debt Scheme - Overnight Fund,1410.6514,28-06-2026,2213,0.41,1.27,2.55,5.29,5.82,6.13,6.11,5.57,0.01,-3.39,0,100.0,21.8,Avoid,avoid,2026-06-29 17:06:43
147515,LIC MF Overnight Fund-Direct Plan-Growth,INF767K01QI3,LIC Mutual Fund,Debt,Debt Scheme - Overnight Fund,1413.68,28-06-2026,2171,0.42,1.27,2.56,5.33,5.88,6.18,6.16,5.63,0.01,-3.12,0,100.0,21.9,Avoid,avoid,2026-06-29 17:06:43
147606,PGIM India Overnight Fund - Direct Plan - Growth Option,INF663L01T01,PGIM India Mutual Fund,Debt,Debt Scheme - Overnight Fund,1405.9346,29-06-2026,2225,0.4,1.23,2.48,5.22,5.8,6.13,6.13,5.6,0.02,-3.18,0,100.0,21.8,Avoid,avoid,2026-06-30 16:11:11
147636,Tata Banking & PSU Debt Fund-Direct Plan-Growth,,Tata Mutual Fund,Debt,Debt Scheme - Banking and PSU Fund,13.4926,14-06-2024,1132,0.0,0.0,0.0,0.0,0.0,2.25,3.38,3.32,0.0,-4.6,4.02,60.0,15.7,Avoid,avoid,2026-06-30 16:11:20
147620,Motilal Oswal Nifty Bank Index Fund - Direct Plan,INF247L01890,Motilal Oswal Mutual Fund,Index / ETF,Other Scheme - Index Funds,21.4597,29-06-2026,1674,6.71,15.24,-2.16,1.27,5.58,9.42,15.19,11.3,5.23,0.24,46.85,80.0,26.7,Avoid,avoid,2026-06-30 16:11:11
147778,Principal Midcap Fund - Direct Plan- Growth,,Principal Mutual Fund,Mid Cap,Equity Scheme - Mid Cap Fund,18.39,30-12-2021,496,0.0,0.0,0.0,0.0,0.0,0.0,0.0,2.73,0.0,,34.48,20.0,11.4,Avoid,avoid,2026-06-29 17:07:07
147780,Principal Midcap Fund - Direct Plan - Income Distribution CUM Capital Withdrawal Option,,Principal Mutual Fund,Mid Cap,Equity Scheme - Mid Cap Fund,18.39,30-12-2021,496,0.0,0.0,0.0,0.0,0.0,0.0,0.0,2.73,0.0,,34.48,20.0,11.4,Avoid,avoid,2026-06-29 17:07:07
147648,ICICI Prudential Global Advantage Fund (FOF) - Direct Plan - Growth Option,INF109KC1F34,ICICI Prudential Mutual Fund,International,Other Scheme - FoF Domestic,22.5598,29-06-2026,1569,-2.49,11.21,9.15,28.54,22.6,18.76,16.74,9.32,4.69,0.7,27.06,80.0,56.1,Watch,watch,2026-06-30 16:11:29
147623,Motilal Oswal Nifty Smallcap 250 Index Fund- Direct Plan,INF247L01932,Motilal Oswal Mutual Fund,Index / ETF,Other Scheme - Index Funds,39.4285,29-06-2026,1674,3.71,23.32,6.81,-0.79,1.67,18.89,21.64,15.88,4.9,0.61,42.44,60.0,47.0,Avoid,avoid,2026-06-30 16:11:31
147731,Mahindra Manulife Ultra Short Duration Fund - Direct Plan -Growth,INF174V01887,Mahindra Manulife Mutual Fund,Debt,Debt Scheme - Ultra Short Duration Fund,1502.2878,29-06-2026,1619,0.9,1.91,3.35,6.5,7.24,7.32,7.17,6.47,0.17,1.15,0.5,100.0,37.3,Avoid,avoid,2026-06-30 16:11:30
147625,Motilal Oswal Nifty 500 Index Fund - Direct Plan,INF247L01957,Motilal Oswal Mutual Fund,Index / ETF,Other Scheme - Index Funds,26.8206,29-06-2026,1674,1.7,12.37,-2.42,-1.8,1.78,12.64,15.22,12.06,3.79,0.43,37.31,80.0,35.5,Avoid,avoid,2026-06-30 16:11:30
147757,Tata Focused Fund-Direct Plan-Growth,INF277K017X9,Tata Mutual Fund,Thematic,Equity Scheme - Focused Fund,25.5564,25-06-2026,1616,0.88,11.86,-2.17,-0.46,1.21,13.14,15.89,13.12,4.43,0.46,37.28,80.0,37.1,Avoid,avoid,2026-06-29 17:07:19
147704,Motilal Oswal Large and Midcap Fund - Direct Plan Growth,INF247L01999,Motilal Oswal Mutual Fund,Mid Cap,Equity Scheme - Large & Mid Cap Fund,39.1717,29-06-2026,1648,2.21,20.76,7.99,4.25,10.56,23.89,27.4,20.96,4.43,0.92,37.44,80.0,64.8,Watch,watch,2026-06-30 16:11:30
147727,Kotak Pioneer Fund- Direct Plan- Growth Option,INF174KA1EZ1,Kotak Mahindra Mutual Fund,Thematic,Equity Scheme - Sectoral/ Thematic,37.358,29-06-2026,1635,1.78,18.74,6.5,8.43,9.2,20.73,22.52,16.55,3.6,0.91,35.7,80.0,57.9,Watch,watch,2026-06-30 16:11:31
147662,ICICI Prudential Commodities Fund - Direct Plan - Growth Option,INF109KC1F91,ICICI Prudential Mutual Fund,Sectoral,Equity Scheme - Sectoral/ Thematic,49.96,29-06-2026,1651,-4.84,9.06,3.05,9.51,4.83,18.09,21.79,16.68,4.14,0.69,41.2,80.0,52.1,Avoid,avoid,2026-06-30 16:11:31
147622,Motilal Oswal Nifty Midcap 150 Index Fund - Direct Plan,INF247L01916,Motilal Oswal Mutual Fund,Index / ETF,Other Scheme - Index Funds,41.1086,29-06-2026,1674,0.55,16.82,3.03,3.62,4.77,19.65,22.98,17.96,4.19,0.79,37.19,80.0,54.5,Avoid,avoid,2026-06-30 16:11:25
147750,Union Large & Midcap Fund - Direct Plan - Growth Option,INF582M01GA0,Union Mutual Fund,Mid Cap,Equity Scheme - Large & Mid Cap Fund,28.54,25-06-2026,1610,3.07,14.76,2.33,2.96,4.17,14.71,17.19,14.21,4.67,0.54,35.65,100.0,43.2,Avoid,avoid,2026-06-29 17:07:19
147666,Axis Nifty 100 Index Fund - Direct Plan - Growth Option,INF846K01S29,Axis Mutual Fund,Index / ETF,Other Scheme - Index Funds,22.3481,29-06-2026,1655,1.73,9.56,-5.27,-3.65,0.8,10.28,12.83,10.38,3.67,0.28,37.03,80.0,29.2,Avoid,avoid,2026-06-30 16:11:30
147851,Bharat Bond FOF - April 2023 - Direct Plan - Growth Option,,Edelweiss Mutual Fund,Fund of Funds,Other Scheme - FoF Domestic,12.3105,18-04-2023,799,0.0,0.0,0.0,0.0,0.0,0.0,1.28,1.74,0.0,,3.68,40.0,17.1,Avoid,avoid,2026-06-29 17:07:09
147713,ITI Overnight Fund - Direct Plan - Growth Option,INF00XX01564,ITI Mutual Fund,Debt,Debt Scheme - Overnight Fund,1379.761,29-06-2026,2015,0.39,1.2,2.43,5.1,5.64,5.96,5.94,5.44,0.02,-4.18,0,100.0,21.5,Avoid,avoid,2026-06-30 16:11:31
147772,LIC MF Ultra Short Duration Fund-Direct Plan-Growth,INF767K01QU8,LIC Mutual Fund,Debt,Debt Scheme - Ultra Short Duration Fund,1438.2693,25-06-2026,1592,0.86,1.9,3.33,6.5,7.15,7.11,6.82,6.13,0.15,0.75,1.31,100.0,33.7,Avoid,avoid,2026-06-29 17:07:19
147736,Mirae Asset Overnight Fund Direct Plan Growth,INF769K01FG6,Mirae Asset Mutual Fund,Debt,Debt Scheme - Overnight Fund,1398.6072,28-06-2026,2029,0.42,1.27,2.56,5.34,5.88,6.19,6.18,5.65,0.02,-2.96,0,100.0,21.9,Avoid,avoid,2026-06-29 17:07:20
147789,ITI Balanced Advantage Fund - Direct Plan - Growth Option,INF00XX01689,ITI Mutual Fund,Hybrid,Hybrid Scheme - Dynamic Asset Allocation or Balanced Advantage,16.1211,25-06-2026,1596,1.38,5.19,-2.86,-1.22,3.54,10.08,10.96,9.08,2.28,0.42,33.63,80.0,29.8,Avoid,avoid,2026-06-29 17:07:19
147794,Motilal Oswal Nifty 50 Index Fund - Direct plan - Growth,INF247L01AE7,Motilal Oswal Mutual Fund,Index / ETF,Other Scheme - Index Funds,20.9446,25-06-2026,1603,2.45,8.2,-6.77,-5.24,1.08,8.91,12.2,9.93,4.38,0.17,37.28,80.0,25.3,Avoid,avoid,2026-06-29 17:07:19
147796,Motilal Oswal Nifty Next 50 Index Fund - Direct plan - Growth,INF247L01AC1,Motilal Oswal Mutual Fund,Index / ETF,Other Scheme - Index Funds,25.8972,25-06-2026,1603,1.57,19.64,5.42,5.69,1.01,18.68,19.1,13.95,6.13,0.66,35.56,60.0,45.3,Avoid,avoid,2026-06-29 17:07:19
147825,Axis Retirement Fund - Aggressive Plan - Direct Growth,INF846K01S86,Axis Mutual Fund,Other,Solution Oriented Scheme - Retirement Fund,20.06,25-06-2026,1610,2.92,9.86,-1.71,-2.19,3.13,12.07,13.61,8.9,3.77,0.46,25.88,60.0,30.7,Avoid,avoid,2026-06-29 17:07:19
147826,Axis Retirement Fund - Dynamic Plan - Direct Growth,INF846K01T28,Axis Mutual Fund,Other,Solution Oriented Scheme - Retirement Fund,21.47,25-06-2026,1610,3.67,11.82,-1.38,-1.6,3.43,12.85,14.12,10.1,4.24,0.48,17.13,60.0,33.6,Avoid,avoid,2026-06-29 17:07:17
147830,Axis Retirement Fund - Conservative Plan - Direct Growth,INF846K01T69,Axis Mutual Fund,Index / ETF,Solution Oriented Scheme - Retirement Fund,17.571,25-06-2026,1580,2.04,4.45,-1.33,0.35,3.98,8.72,8.99,7.3,2.03,0.26,12.73,100.0,29.3,Avoid,avoid,2026-06-29 17:07:19
147840,Mahindra Manulife Large & Mid Cap Fund - Direct Plan -Growth,INF174V01945,Mahindra Manulife Mutual Fund,Mid Cap,Equity Scheme - Large & Mid Cap Fund,30.0576,25-06-2026,1599,1.99,12.6,0.08,-0.79,1.43,14.37,17.22,14.67,4.46,0.5,32.9,80.0,41.2,Avoid,avoid,2026-06-29 17:07:20
147844,Aditya Birla Sun Life PSU Equity Fund-Direct Plan-Growth,INF209KB1O82,Aditya Birla Sun Life Mutual Fund,Sectoral,Equity Scheme - Sectoral/ Thematic,40.07,25-06-2026,1599,0.48,10.29,7.4,9.45,2.54,27.09,30.12,24.62,5.96,0.91,33.76,80.0,70.0,Watch,watch,2026-06-29 17:07:19
147857,Bharat Bond FOF - April 2030 - Direct Plan - Growth Option,INF754K01KY1,Edelweiss Mutual Fund,Fund of Funds,Other Scheme - FoF Domestic,15.9258,25-06-2026,1572,2.2,3.31,2.59,5.33,7.5,7.41,7.92,6.68,0.89,0.26,4.8,100.0,28.9,Avoid,avoid,2026-06-29 17:07:20
147889,Axis Income Plus Arbitrage Active FOF - Direct Plan - Growth Option,INF846K01U09,Axis Mutual Fund,Hybrid,Other Scheme - FoF Domestic,15.576,25-06-2026,1552,1.39,2.12,3.06,6.05,7.8,7.86,7.74,6.77,0.37,0.65,2.75,100.0,33.6,Avoid,avoid,2026-06-29 17:07:40
147883,Invesco India Overnight Fund - Direct Plan - Growth,INF205KA1163,Invesco Mutual Fund,Debt,Debt Scheme - Overnight Fund,1377.8344,28-06-2026,1941,0.41,1.27,2.56,5.32,5.87,6.18,6.15,5.61,0.01,-3.06,0,100.0,21.9,Avoid,avoid,2026-06-29 17:07:43
147837,JM Overnight Fund - (Direct) - Growth,INF192K01MB8,JM Financial Mutual Fund,Debt,Debt Scheme - Overnight Fund,1381.6409,28-06-2026,2022,0.39,1.22,2.47,5.17,5.75,6.08,6.08,5.56,0.02,-3.31,0,100.0,21.7,Avoid,avoid,2026-06-29 17:07:20
147939,Indiabulls Liquid Fund- Direct Plan- Growth- Unclaimed Redemption> 3Yrs,,Indiabulls Mutual Fund,Debt,Debt Scheme - Liquid Fund,2047.4043,29-11-2021,568,0.0,0.0,0.0,0.0,0.0,0.0,0.0,0.26,0.0,,0.04,20.0,15.0,Avoid,avoid,2026-06-29 17:07:34
148026,Sundaram Balanced Advantage Fund Direct Plan - Growth,,Sundaram Mutual Fund,Hybrid,Hybrid Scheme - Dynamic Asset Allocation or Balanced Advantage,15.1454,31-12-2021,449,0.0,0.0,0.0,0.0,0.0,0.0,0.0,1.39,0.0,,4.81,20.0,14.5,Avoid,avoid,2026-06-29 17:07:34
147937,Indiabulls Liquid Fund- Direct Plan- Growth -Unclaimed Redemption < 3 Yrs,,Indiabulls Mutual Fund,Debt,Debt Scheme - Liquid Fund,2047.225,29-11-2021,568,0.0,0.0,0.0,0.0,0.0,0.0,0.0,0.25,0.0,,0.04,20.0,15.0,Avoid,avoid,2026-06-29 17:07:34
147927,Sundaram Arbitrage Fund Direct Plan - Growth,,Sundaram Mutual Fund,Hybrid,Hybrid Scheme - Arbitrage Fund,10.8083,31-12-2021,471,0.0,0.0,0.0,0.0,0.0,0.0,0.0,0.28,0.0,,0.76,20.0,14.9,Avoid,avoid,2026-06-29 17:07:34
148176,Nippon India Fixed Horizon fund - XLII - Series 4 - Direct Plan - Growth Option,,Nippon India Mutual Fund,Other,IDF,12.3028,22-05-2023,766,0.0,0.0,0.0,0.0,0.0,0.0,1.43,1.89,0.0,,0.93,40.0,17.4,Avoid,avoid,2026-06-29 17:07:52
148363,L&T Next Nifty 50 Index Fund - Direct Plan - Growth Option,,L&T Mutual Fund,Index / ETF,Other Scheme - Index Funds,18.6253,24-11-2022,647,0.0,0.0,0.0,0.0,0.0,0.0,3.98,2.21,0.0,,20.3,20.0,12.9,Avoid,avoid,2026-06-29 17:07:53
148360,L&T Nifty 50 Index Fund - Direct Plan - Growth,,L&T Mutual Fund,Index / ETF,Other Scheme - Index Funds,21.159,24-11-2022,647,0.0,0.0,0.0,0.0,0.0,0.0,4.13,3.6,0.0,,16.49,40.0,15.8,Avoid,avoid,2026-06-29 17:07:53
147908,HSBC Ultra Short Duration Fund - Direct Growth,INF336L01OR1,HSBC Mutual Fund,Debt,Debt Scheme - Ultra Short Duration Fund,1460.5949,25-06-2026,1549,0.85,1.81,3.19,6.36,7.11,7.21,7.09,6.41,0.14,0.89,0.96,100.0,34.9,Avoid,avoid,2026-06-29 17:07:43
148063,Edelweiss US Technology Equity Fund of Fund- Direct Plan- Growth,INF754K01LB7,Edelweiss Mutual Fund,International,Other Scheme - FoF Overseas,40.8271,25-06-2026,1485,-5.07,33.13,18.1,35.06,27.92,30.3,33.85,15.67,8.16,0.78,45.32,80.0,72.1,Watch,watch,2026-06-29 17:08:04
148161,PGIM India Money Market Fund - Direct Plan - Growth Option,INF663L01T84,PGIM India Mutual Fund,Debt,Debt Scheme - Money Market Fund,1453.3029,25-06-2026,1523,0.9,1.77,3.03,6.16,7.09,7.16,7.1,6.47,0.17,0.65,0.77,100.0,32.8,Avoid,avoid,2026-06-29 17:08:03
147919,ITI Small Cap Fund - Direct Plan - Growth Option,INF00XX01747,ITI Mutual Fund,Small Cap,Equity Scheme - Small Cap Fund,35.7678,25-06-2026,1563,6.0,28.07,15.06,11.96,8.32,26.25,28.98,18.02,5.98,0.95,39.86,80.0,66.0,Watch,watch,2026-06-29 17:07:43
148053,Tata Multi Asset Allocation Fund-Direct Plan-Growth,INF277K019Y3,Tata Mutual Fund,Hybrid,Hybrid Scheme - Multi Asset Allocation,28.0035,25-06-2026,1549,0.53,8.94,0.18,8.81,8.46,14.99,16.36,13.87,3.2,0.84,13.53,100.0,50.4,Avoid,avoid,2026-06-29 17:07:43
148035,ICICI Prudential Diversified Equity All Cap Omni FOF - Direct Plan - Growth,INF109KC1I49,ICICI Prudential Mutual Fund,Fund of Funds,Other Scheme - FoF Domestic,32.4747,25-06-2026,1533,3.11,13.02,-2.04,0.55,4.87,17.72,19.09,16.72,4.55,0.78,31.41,100.0,52.6,Avoid,avoid,2026-06-29 17:07:43
148073,Union Midcap Fund - Direct Plan - Growth Option,INF582M01GI3,Union Mutual Fund,Mid Cap,Equity Scheme - Mid Cap Fund,55.57,25-06-2026,1537,2.34,17.48,6.42,8.01,7.27,19.48,21.64,17.64,4.84,0.76,21.26,100.0,58.1,Watch,watch,2026-06-29 17:08:04
147928,Axis ESG Integration Strategy Fund - Direct Plan - Growth Option,INF846K01W23,Axis Mutual Fund,Thematic,Equity Scheme - Sectoral/ Thematic,22.61,25-06-2026,1572,2.77,10.67,-3.66,-2.96,1.47,10.45,12.95,8.48,4.03,0.29,24.3,60.0,26.4,Avoid,avoid,2026-06-29 17:07:43
147946,BANDHAN SMALL CAP FUND - DIRECT PLAN GROWTH,INF194KB1AL4,Bandhan Mutual Fund,Small Cap,Equity Scheme - Small Cap Fund,54.567,25-06-2026,1568,3.23,22.26,8.01,6.78,11.1,28.69,28.7,21.6,5.91,1.04,24.34,80.0,69.1,Watch,watch,2026-06-29 17:07:43
148353,ITI Large Cap Fund - Direct Plan - Growth Option,INF00XX01804,ITI Mutual Fund,Large Cap,Equity Scheme - Large Cap Fund,19.1942,25-06-2026,1351,3.39,12.87,-3.11,-3.42,-0.19,11.74,15.13,10.87,5.08,0.36,20.76,60.0,31.0,Avoid,avoid,2026-06-29 17:08:04
148381,Motilal Oswal S&P 500 Index Fund - Direct Plan Growth,INF247L01AG2,Motilal Oswal Mutual Fund,Index / ETF,Other Scheme - Index Funds,32.0482,25-06-2026,1519,-3.47,15.84,12.03,32.01,23.72,24.19,23.66,17.28,3.88,1.06,19.91,80.0,78.0,Strong Pick,strong,2026-06-29 17:08:04
147951,BANK OF INDIA Overnight Fund Direct Plan Growth,INF761K01EU7,Bank of India Mutual Fund,Debt,Debt Scheme - Overnight Fund,1387.3319,28-06-2026,1735,0.42,1.44,2.75,5.57,6.05,6.32,6.29,5.74,0.04,-2.31,0,100.0,22.2,Avoid,avoid,2026-06-29 17:07:43
148401,Mirae Asset Arbitrage Fund Direct Growth,INF769K01FS1,Mirae Asset Mutual Fund,Hybrid,Hybrid Scheme - Arbitrage Fund,14.383,25-06-2026,1484,0.88,1.4,3.21,6.52,7.02,7.5,7.26,6.62,0.17,1.21,0.28,100.0,38.1,Avoid,avoid,2026-06-29 17:08:04
148411,HSBC Focused Fund - Direct Growth,INF336L01PB2,HSBC Mutual Fund,Thematic,Equity Scheme - Focused Fund,28.2283,25-06-2026,1457,2.8,15.48,1.45,4.69,6.27,15.73,18.38,14.32,5.05,0.55,21.21,80.0,43.9,Avoid,avoid,2026-06-29 17:08:05
148404,BANK OF INDIA Flexi Cap Fund Direct Plan -Growth,INF761K01FF5,Bank of India Mutual Fund,Multi Cap,Equity Scheme - Flexi Cap Fund,40.67,25-06-2026,1477,2.62,16.97,6.27,7.79,4.13,22.09,23.28,18.01,5.03,0.85,23.73,80.0,60.7,Watch,watch,2026-06-29 17:08:05
148492,HSBC Corporate Bond Fund - Direct Plan - Growth,,HSBC Mutual Fund,Debt,Debt Scheme - Corporate Bond Fund,10.8159,25-11-2022,521,0.0,0.0,0.0,0.0,0.0,0.0,0.58,0.92,0.0,,1.77,40.0,17.3,Avoid,avoid,2026-06-29 17:08:21
148479,Union Medium Duration Fund - Direct Plan -  Growth Option,INF582M01GQ6,Union Mutual Fund,Debt,Debt Scheme - Medium Duration Fund,12.5851,29-01-2025,1055,0.0,0.0,0.0,0.0,2.38,3.84,4.57,3.93,0.0,-2.35,2.78,80.0,17.8,Avoid,avoid,2026-06-30 16:11:50
148446,BHARAT Bond FOF- April 2025- Direct Pan- Growth Option,INF754K01LI2,Edelweiss Mutual Fund,Fund of Funds,Other Scheme - FoF Domestic,12.8931,16-04-2025,1148,0.0,0.0,0.0,0.0,3.07,4.35,4.94,4.4,0.0,-2.03,2.6,80.0,17.8,Avoid,avoid,2026-06-30 16:11:24
148415,JM Liquid Fund - Withheld Brokerage I.E.F. (Direct) - Growth Plan,,JM Financial Mutual Fund,Debt,Formerly Known as IIFL Mutual Fund,41.4437,27-03-2025,1437,0.0,0.0,0.0,0.0,0.0,0.0,0.0,0.0,0.0,,0,0.0,12.5,Avoid,avoid,2026-06-29 17:07:59
148454,Motilal Oswal Multi Asset Fund - Direct Plan - Growth Option,INF247L01AI8,Motilal Oswal Mutual Fund,Hybrid,Hybrid Scheme - Multi Asset Allocation,13.1521,18-07-2025,1221,0.0,0.0,0.0,1.77,-2.82,3.39,5.27,4.16,0.55,-0.38,22.34,60.0,14.8,Avoid,avoid,2026-06-30 16:11:54
148413,JM Liquid Fund - Unclaimed Brokerage I.E.F. (Direct) - Growth Plan,,JM Financial Mutual Fund,Debt,Debt Scheme - Liquid Fund,41.4437,28-06-2026,1852,0.0,0.0,0.0,0.0,0.0,0.0,0.0,0.0,0.0,,0,0.0,12.5,Avoid,avoid,2026-06-29 17:08:05
148485,Axis Global Equity Alpha Fund of Fund - Direct Plan - Growth Option,INF846K01X06,Axis Mutual Fund,International,Other Scheme - FoF Overseas,25.0331,29-06-2026,1364,-2.16,11.16,7.22,21.53,20.55,21.63,21.34,14.17,3.02,1.06,19.86,80.0,66.3,Watch,watch,2026-06-30 16:11:59
148457,Nippon India Multi Asset Allocation Fund - Direct Plan - Growth Option,INF204KB19V4,Nippon India Mutual Fund,Hybrid,Hybrid Scheme - Multi Asset Allocation,26.3356,29-06-2026,1433,-0.42,7.45,2.7,13.51,13.32,19.89,19.7,16.47,2.83,1.32,10.78,100.0,67.0,Watch,watch,2026-06-30 16:11:59
148474,Baroda BNP Paribas Large and Mid Cap Fund- Direct Plan -Growth Option,INF955L01JU2,Baroda BNP Paribas Mutual Fund,Mid Cap,Equity Scheme - Large & Mid Cap Fund,29.3248,29-06-2026,1427,1.29,13.05,-1.45,-0.68,2.63,15.49,18.57,15.61,3.85,0.61,20.61,80.0,46.1,Avoid,avoid,2026-06-30 16:11:59
148450,BHARAT Bond FOF- April 2031- Direct Plan- Growth Option,INF754K01LO0,Edelweiss Mutual Fund,Fund of Funds,Other Scheme - FoF Domestic,14.2708,29-06-2026,1437,2.57,3.66,2.73,5.25,7.95,7.44,8.0,6.59,1.03,0.28,3.77,100.0,29.1,Avoid,avoid,2026-06-30 16:11:31
148419,Mirae Asset Banking and PSU Fund - Direct Plan - Growth,INF769K01FY9,Mirae Asset Mutual Fund,Debt,Debt Scheme - Banking and PSU Fund,13.9337,25-06-2026,1433,1.53,2.19,2.47,4.93,7.09,7.07,7.0,6.07,0.49,0.19,1.19,100.0,28.2,Avoid,avoid,2026-06-29 17:08:05
148481,Invesco India Focused Fund - Direct Plan - Growth,INF205KA1213,Invesco Mutual Fund,Thematic,Equity Scheme - Focused Fund,30.4,29-06-2026,1412,5.89,22.38,5.92,-1.9,4.76,22.2,21.63,17.15,4.29,0.97,21.98,80.0,60.2,Watch,watch,2026-06-30 16:11:59
148490,SBI Children's Fund - Investment Plan - Direct Plan - Growth,INF200KA1R07,SBI Mutual Fund,Other,Solution Oriented Scheme - Children’s Fund,52.3304,25-06-2026,1415,3.9,21.9,11.14,18.22,13.86,23.1,24.28,24.54,5.11,1.0,15.74,100.0,76.3,Strong Pick,strong,2026-06-29 17:08:31
148468,Mahindra Manulife Arbitrage Fund - Direct Plan -Growth,INF174V01AA0,Mahindra Manulife Mutual Fund,Hybrid,Hybrid Scheme - Arbitrage Fund,13.6168,29-06-2026,1439,0.86,1.37,3.01,6.07,6.23,6.49,6.27,5.69,0.18,-0.47,0.25,100.0,22.9,Avoid,avoid,2026-06-30 16:11:59
148500,Mirae Asset Diversified Equity Allocator Passive FOF - Direct Plan - Growth,INF769K01GE9,Mirae Asset Mutual Fund,Fund of Funds,Other Scheme - FoF Domestic,25.095,25-06-2026,1418,1.85,11.8,-2.88,-1.41,1.81,12.14,15.09,11.88,4.79,0.39,18.19,60.0,33.2,Avoid,avoid,2026-06-29 17:08:28
148507,Sundaram Large Cap Fund (Formerly Known as Sundaram Blue Chip Fund)Direct Plan - Growth,INF903JA1JC0,Sundaram Mutual Fund,Large Cap,Equity Scheme - Large Cap Fund,22.5532,25-06-2026,1404,4.23,9.74,-3.23,-2.62,1.44,9.83,13.11,10.78,4.03,0.25,16.17,80.0,30.2,Avoid,avoid,2026-06-29 17:08:31
148414,JM Liquid Fund - Unclaimed Application Refund Amount I.E.F. (Direct) - Growth Plan,,JM Financial Mutual Fund,Debt,Debt Scheme - Liquid Fund,41.4437,28-06-2026,1852,0.0,0.0,0.0,0.0,0.0,0.0,0.0,0.0,0.0,,0,0.0,12.5,Avoid,avoid,2026-06-29 17:08:05
148516,ICICI Prudential ESG Exclusionary Strategy Fund - Direct Plan - Growth,INF109KC1O09,ICICI Prudential Mutual Fund,Thematic,Equity Scheme - Sectoral/ Thematic,22.83,25-06-2026,1404,3.12,10.18,-5.7,-5.86,3.63,14.47,16.89,11.73,4.45,0.55,19.18,60.0,38.0,Avoid,avoid,2026-06-29 17:08:32
148524,Principal Large Cap Fund - Direct Growth,,Principal Mutual Fund,Large Cap,Equity Scheme - Large Cap Fund,14.81,30-12-2021,295,0.0,0.0,0.0,0.0,0.0,0.0,0.0,2.05,0.0,,7.99,20.0,14.2,Avoid,avoid,2026-06-29 17:08:21
148525,Principal Large Cap Fund - Direct Income Distribution CUM Capital Withdrawal Option,,Principal Mutual Fund,Large Cap,Equity Scheme - Large Cap Fund,14.81,30-12-2021,295,0.0,0.0,0.0,0.0,0.0,0.0,0.0,2.05,0.0,,7.99,20.0,14.2,Avoid,avoid,2026-06-29 17:08:21
148519,Nippon India Nifty Smallcap 250 Index Fund - Direct Plan - Growth Option,INF204KB15W0,Nippon India Mutual Fund,Index / ETF,Other Scheme - Index Funds,35.0657,25-06-2026,1400,4.21,23.93,7.13,0.51,1.52,18.62,21.52,15.88,6.36,0.56,26.95,80.0,48.6,Avoid,avoid,2026-06-29 17:08:31
148529,Mirae Asset Ultra Short Duration Fund Direct Growth,INF769K01GK6,Mirae Asset Mutual Fund,Debt,Debt Scheme - Ultra Short Duration Fund,1409.9464,25-06-2026,1381,0.91,1.94,3.29,6.6,7.33,7.42,7.23,6.55,0.16,1.33,0.16,100.0,39.0,Avoid,avoid,2026-06-29 17:08:32
148534,ITI Banking & PSU Debt Fund - Direct Plan - Growth Option,INF00XX01861,ITI Mutual Fund,Debt,Debt Scheme - Banking and PSU Fund,14.0938,25-06-2026,1369,1.05,1.68,2.57,5.24,7.03,7.19,7.04,6.45,0.28,0.38,1.06,100.0,30.2,Avoid,avoid,2026-06-29 17:08:32
148550,SBI Floating Rate Debt Fund - Direct Plan - Growth,INF200KA1R64,SBI Mutual Fund,Debt,Debt Scheme - Floater Fund,14.2662,25-06-2026,1372,1.15,1.67,3.51,6.02,7.38,7.72,7.47,6.7,0.29,1.01,0.58,100.0,36.4,Avoid,avoid,2026-06-29 17:08:32
148539,Aditya Birla Sun Life Special Opportunities Fund-Direct-Growth,INF209KB1T79,Aditya Birla Sun Life Mutual Fund,Thematic,Equity Scheme - Sectoral/ Thematic,30.0,25-06-2026,1394,4.57,19.0,4.9,13.38,11.29,21.08,21.08,16.4,4.84,0.93,20.29,80.0,61.4,Watch,watch,2026-06-29 17:08:32
148567,Mahindra Manulife Focused Fund - Direct Plan -Growth,INF174V01AG7,Mahindra Manulife Mutual Fund,Thematic,Equity Scheme - Focused Fund,29.867,25-06-2026,1378,1.76,10.19,0.14,1.5,3.11,18.04,19.86,16.97,4.1,0.78,16.47,100.0,54.8,Avoid,avoid,2026-06-29 17:08:57
148628,Baroda BNP Paribas Banking and PSU Bond Fund- Direct Plan -Growth Option,INF955L01KC8,Baroda BNP Paribas Mutual Fund,Debt,Debt Scheme - Banking and PSU Fund,13.1906,16-10-2025,1169,0.0,0.0,0.0,1.81,5.61,6.16,6.27,5.35,0.28,-0.39,2.1,100.0,22.3,Avoid,avoid,2026-06-29 17:08:53
148592,Union Aggressive Hybrid Fund - Direct Plan - Growth Option,INF582M01GY0,Union Mutual Fund,Hybrid,Hybrid Scheme - Aggressive Hybrid Fund,19.43,25-06-2026,1352,3.08,10.02,0.05,1.09,4.45,11.89,13.64,10.81,3.6,0.45,15.12,100.0,37.2,Avoid,avoid,2026-06-29 17:08:57
148595,DSP Value Fund - Direct Plan - Growth,INF740KA1PP3,DSP Mutual Fund,Thematic,Equity Scheme - Value Fund,24.532,25-06-2026,1284,1.06,9.58,2.91,10.08,10.51,18.55,19.87,14.33,3.17,1.09,16.45,80.0,56.6,Watch,watch,2026-06-29 17:08:57
148614,Invesco India - Invesco Global Consumer Trends Fund of Fund - Direct Plan - Growth,INF205KA1270,Invesco Mutual Fund,International,Other Scheme - FoF Overseas,14.7596,25-06-2026,1252,-2.05,32.1,17.1,33.45,35.64,27.32,23.22,5.51,9.57,0.68,51.22,80.0,62.4,Watch,watch,2026-06-29 17:08:56
148555,Edelweiss MSCI India Domestic & World Healthcare 45 Index Fund Direct Plan - Growth,INF754K01LV5,Edelweiss Mutual Fund,Index / ETF,Other Scheme - Index Funds,23.3019,25-06-2026,1342,3.93,11.18,8.67,17.14,13.03,19.88,19.28,13.19,2.8,1.14,16.31,80.0,61.6,Watch,watch,2026-06-29 17:08:32
148564,quant ESG Integration Strategy Fund - Growth Option - Direct Plan,INF966L01AD4,quant Mutual Fund,Thematic,Equity Scheme - Sectoral/ Thematic,42.284,25-06-2026,1386,3.7,35.41,17.84,16.25,8.28,20.77,22.8,21.59,7.32,0.71,25.06,100.0,65.9,Watch,watch,2026-06-29 17:08:57
148642,Nippon India Diversified Equity Flexicap Passive FoF - Direct Plan - Growth Option,INF204KB16X6,Nippon India Mutual Fund,Multi Cap,Other Scheme - FoF Domestic,21.1999,25-06-2026,1348,1.86,11.93,-2.79,-2.35,1.14,12.19,14.82,11.67,4.74,0.39,18.65,60.0,33.1,Avoid,avoid,2026-06-29 17:09:18
148618,UTI Small Cap Fund - Direct Plan - Growth Option,INF789F1AUQ1,UTI Mutual Fund,Small Cap,Equity Scheme - Small Cap Fund,29.3448,25-06-2026,1355,4.13,22.8,8.03,3.47,6.46,17.2,19.93,17.32,5.86,0.56,22.34,100.0,50.6,Avoid,avoid,2026-06-29 17:08:57
148600,ICICI Prudential Quant Fund Direct Plan Growth,INF109KC1O66,ICICI Prudential Mutual Fund,Thematic,Equity Scheme - Sectoral/ Thematic,23.31,25-06-2026,1362,1.3,9.23,-3.12,-2.59,3.43,13.43,15.39,12.42,3.9,0.55,16.47,80.0,39.7,Avoid,avoid,2026-06-29 17:08:57
148606,Kotak ESG Exclusionary Strategy Fund - Direct Plan - Growth Option,INF174KA1FI4,Kotak Mahindra Mutual Fund,Thematic,Equity Scheme - Sectoral/ Thematic,18.12,25-06-2026,1358,2.67,9.06,-5.09,-2.87,0.73,11.33,14.23,9.47,4.27,0.35,21.86,60.0,29.3,Avoid,avoid,2026-06-29 17:08:57
148637,Aditya Birla Sun Life ESG Integration Strategy Fund-Direct Plan-Growth,INF209KB1U76,Aditya Birla Sun Life Mutual Fund,Thematic,Equity Scheme - Sectoral/ Thematic,19.02,25-06-2026,1352,2.64,11.03,-3.65,-1.81,3.87,12.44,14.57,10.47,4.57,0.4,26.21,60.0,31.8,Avoid,avoid,2026-06-29 17:08:57
148634,Axis Innovation Fund - Direct Plan - Growth Option,INF846K01X71,Axis Mutual Fund,Thematic,Equity Scheme - Sectoral/ Thematic,20.55,25-06-2026,1359,1.28,15.64,1.48,3.74,5.25,15.29,16.57,12.21,4.62,0.55,23.62,80.0,41.2,Avoid,avoid,2026-06-29 17:08:57
148574,Mirae Asset Nifty 100 ESG Sector Leaders Fund of Fund Direct Growth,INF769K01GQ3,Mirae Asset Mutual Fund,Index / ETF,Other Scheme - FoF Domestic,18.181,25-06-2026,1378,1.75,8.45,-7.01,-5.66,0.65,9.67,11.36,8.67,4.25,0.24,17.9,60.0,25.4,Avoid,avoid,2026-06-29 17:08:57
148623,Mirae Asset Banking and Financial Services Fund Direct Growth,INF769K01GX9,Mirae Asset Mutual Fund,Sectoral,Equity Scheme - Sectoral/ Thematic,23.508,25-06-2026,1362,6.23,13.7,-0.21,3.89,9.11,15.19,20.15,14.95,5.56,0.57,21.04,80.0,43.6,Avoid,avoid,2026-06-29 17:08:57
148646,Kotak International REIT Overseas Equity Omni FOF - Direct Plan - Growth,INF174KA1FO2,Kotak Mahindra Mutual Fund,International,Other Scheme - FoF Overseas,12.1719,25-06-2026,1196,-2.27,6.65,1.84,12.93,15.17,10.33,6.59,3.45,3.93,0.18,25.54,60.0,28.8,Avoid,avoid,2026-06-29 17:09:17
148672,TRUSTMF BANKING & PSU FUND DIRECT PLAN ANNUAL INCOME DISTRIBUTION CUM CAPITAL WITHDRAWAL OPTION,INF0GCD01180,Trust Mutual Fund,Debt,Debt Scheme - Banking and PSU Fund,1176.9684,10-02-2026,1216,0.0,0.0,0.41,3.21,4.47,4.2,4.03,2.93,0.25,-1.05,5.04,80.0,17.4,Avoid,avoid,2026-06-29 17:09:17
148678,TRUSTMF BANKING & PSU FUND DIRECT PLAN DAILY INCOME DISTRIBUTION CUM CAPITAL WITHDRAWAL,,Trust Mutual Fund,Debt,Debt Scheme - Banking and PSU Fund,1327.6889,10-02-2026,1216,0.0,0.0,0.18,2.27,5.42,6.02,6.21,5.43,0.23,-0.65,1.96,100.0,21.2,Avoid,avoid,2026-06-29 17:09:16
148656,TRUSTMF BANKING & PSU FUND - DIRECT GROWTH,INF0GCD01107,Trust Mutual Fund,Debt,Debt Scheme - Banking and PSU Fund,1341.765,10-02-2026,1216,0.0,0.0,0.41,3.21,6.14,6.5,6.56,5.66,0.25,-0.25,1.96,100.0,23.9,Avoid,avoid,2026-06-29 17:09:16
148670,TRUSTMF BANKING & PSU FUND DIRECT PLAN QUARTERLY INCOME DISTRIBUTION CUM CAPITAL WITHDRAWAL,INF0GCD01164,Trust Mutual Fund,Debt,Debt Scheme - Banking and PSU Fund,1174.8326,10-02-2026,1216,0.0,0.0,0.41,1.64,3.68,3.98,3.76,2.89,0.28,-1.9,2.94,80.0,17.6,Avoid,avoid,2026-06-29 17:09:15
148681,TRUSTMF BANKING & PSU FUND DIRECT PLAN MONTHLY INCOME DISTRIBUTION CUM CAPITAL WITHDRAWAL OPTION,INF0GCD01149,Trust Mutual Fund,Debt,Debt Scheme - Banking and PSU Fund,1156.0543,10-02-2026,1216,0.0,0.0,0.17,1.47,3.67,3.73,3.62,2.73,0.2,-3.1,2.58,80.0,17.7,Avoid,avoid,2026-06-29 17:09:16
148675,TRUSTMF BANKING & PSU FUND DIRECT PLAN WEEKLY INCOME DISTRIBUTION CUM CAPITAL WITHDRAWAL,,Trust Mutual Fund,Debt,Debt Scheme - Banking and PSU Fund,1131.2276,10-02-2026,1216,0.0,0.0,-0.0,0.92,3.16,3.22,3.12,2.27,0.2,-3.57,2.76,80.0,17.6,Avoid,avoid,2026-06-29 17:09:16
148662,Kotak US Specific Equity Passive FOF- Direct Plan - Growth,INF174KA1FQ7,Kotak Mahindra Mutual Fund,International,Other Scheme - FoF Overseas,28.1617,25-06-2026,1230,-4.21,26.22,20.9,43.41,29.27,30.63,32.14,20.8,6.23,1.03,29.12,80.0,81.7,Strong Pick,strong,2026-06-29 17:09:18
148666,Nippon India Multi - Asset Omni FoF - Direct Plan - Growth Option,INF204KB16Y4,Nippon India Mutual Fund,Fund of Funds,Other Scheme - FoF Domestic,24.6194,25-06-2026,1323,-0.38,9.19,3.22,9.15,11.25,18.61,19.93,16.77,3.66,1.09,11.63,100.0,60.7,Watch,watch,2026-06-29 17:09:18
148688,SBI Retirement Benefit Fund - Conservative Plan - Direct Plan - Growth,INF200KA1T39,SBI Mutual Fund,Index / ETF,Solution Oriented Scheme - Retirement Fund,14.9759,25-06-2026,1301,2.68,5.81,1.51,2.0,4.87,7.29,8.66,7.55,1.79,0.11,4.45,100.0,26.8,Avoid,avoid,2026-06-29 17:09:18
148651,ICICI Prudential Business Cycle Fund Direct Plan Growth,INF109KC1P24,ICICI Prudential Mutual Fund,Sectoral,Equity Scheme - Sectoral/ Thematic,26.63,25-06-2026,1336,2.94,12.08,-1.55,2.15,6.52,19.01,20.96,18.2,4.68,0.85,14.39,100.0,57.9,Watch,watch,2026-06-29 17:09:18
148658,PGIM India Balanced Advantage Fund -  Direct Plan - Growth Option,INF663L01V49,PGIM India Mutual Fund,Hybrid,Hybrid Scheme - Dynamic Asset Allocation or Balanced Advantage,16.46,25-06-2026,1324,2.11,7.65,-2.49,-2.31,3.28,8.16,11.01,8.73,3.15,0.14,11.64,80.0,25.7,Avoid,avoid,2026-06-29 17:09:18
148683,SBI Retirement Benefit Fund - Aggressive Plan - Direct Plan - Growth,INF200KA1S55,SBI Mutual Fund,Sectoral,Solution Oriented Scheme - Retirement Fund,21.3645,25-06-2026,1326,3.99,14.27,-1.1,-1.05,0.36,10.29,14.84,13.52,5.0,0.28,17.91,80.0,33.1,Avoid,avoid,2026-06-29 17:09:18
148685,SBI Retirement Benefit Fund - Aggressive Hybrid Plan - Direct Plan - Growth,INF200KA1S97,SBI Mutual Fund,Hybrid,Solution Oriented Scheme - Retirement Fund,20.4501,25-06-2026,1326,2.9,11.66,0.06,2.07,2.71,10.78,14.15,12.93,4.04,0.36,14.49,100.0,36.7,Avoid,avoid,2026-06-29 17:09:18
148690,SBI Retirement Benefit Fund - Conservative Hybrid Plan - Direct Plan - Growth,INF200KA1T70,SBI Mutual Fund,Index / ETF,Solution Oriented Scheme - Retirement Fund,16.2684,25-06-2026,1301,2.71,7.4,0.73,1.09,3.45,7.9,10.04,8.85,2.44,0.17,6.87,100.0,28.5,Avoid,avoid,2026-06-29 17:09:34
148699,Axis Greater China Equity Fund of Fund - Direct Plan - Growth Option,INF846K01Y39,Axis Mutual Fund,International,Other Scheme - FoF Overseas,12.05,25-06-2026,1254,-6.59,9.15,15.31,41.76,30.28,19.28,11.38,4.41,6.69,0.5,43.41,40.0,50.6,Avoid,avoid,2026-06-29 17:09:38
148703,UTI Nifty 200 Momentum 30 Index Fund - Direct Plan - Growth Option,INF789F1AUT5,UTI Mutual Fund,Index / ETF,Other Scheme - Index Funds,21.6058,25-06-2026,1301,2.41,15.33,0.58,-2.04,-5.65,14.08,18.14,12.43,5.79,0.44,31.5,40.0,33.3,Avoid,avoid,2026-06-29 17:09:38
148737,HSBC Global Equity Climate Change Fund of Fund - Direct - Growth,INF336L01PV0,HSBC Mutual Fund,International,Other Scheme - FoF Overseas,12.3412,25-03-2026,1135,0.0,0.0,5.02,10.4,9.85,8.94,11.73,3.69,2.33,0.18,31.35,80.0,28.0,Avoid,avoid,2026-06-29 17:09:36
148760,SBI US Specific Equity Active FoF - Direct Plan - Growth,INF200KA1U28,SBI Mutual Fund,International,Other Scheme - FoF Overseas,24.6557,25-06-2026,1220,-4.25,13.24,11.6,32.99,22.79,26.76,24.39,17.0,4.23,1.03,21.8,80.0,78.8,Strong Pick,strong,2026-06-29 17:09:38
148721,Nippon India Nifty 50 Value 20 Index Fund - Direct Plan - Growth Option,INF204KB12Z0,Nippon India Mutual Fund,Index / ETF,Other Scheme - Index Funds,17.897,25-06-2026,1313,0.25,3.96,-8.66,-6.6,-2.76,8.32,11.98,10.0,3.88,0.1,19.18,80.0,25.8,Avoid,avoid,2026-06-29 17:09:38
148755,Mirae Asset Corporate Bond Fund Direct Growth Plan,INF769K01HD9,Mirae Asset Mutual Fund,Debt,Debt Scheme - Corporate Bond Fund,13.7254,25-06-2026,1273,1.57,2.24,2.56,5.27,7.36,7.22,7.13,6.19,0.5,0.29,1.24,100.0,29.4,Avoid,avoid,2026-06-29 17:09:38
148771,DSP Floater Fund - Direct Plan - Growth,INF740KA1PV1,DSP Mutual Fund,Debt,Debt Scheme - Floater Fund,14.2104,25-06-2026,1275,1.85,2.69,3.23,6.06,7.89,8.17,7.88,6.86,0.52,0.89,0.5,100.0,36.0,Avoid,avoid,2026-06-29 17:09:43
148789,BANDHAN CRISIL IBX Gilt June 2027 Index Fund Direct Plan-Growth,INF194KB1BP3,Bandhan Mutual Fund,Debt,Other Scheme - Index Funds,13.7786,25-06-2026,1278,0.74,1.48,2.67,5.69,7.36,7.33,7.39,6.22,0.17,0.56,3.09,100.0,32.0,Avoid,avoid,2026-06-29 17:09:44
148750,Motilal Oswal Asset Allocation FOF- C- Direct Growth,INF247L01AN8,Motilal Oswal Mutual Fund,Fund of Funds,Other Scheme - FoF Domestic,17.7557,25-06-2026,1296,0.22,5.75,1.75,9.95,10.67,13.65,13.84,11.09,2.31,0.97,12.14,100.0,47.8,Avoid,avoid,2026-06-29 17:09:38
148729,Mahindra Manulife Short Duration Fund - Direct Plan -Growth,INF174V01AM5,Mahindra Manulife Mutual Fund,Debt,Debt Scheme - Short Duration Fund,14.17,25-06-2026,1287,1.65,2.54,3.33,6.4,8.02,7.93,7.72,6.77,0.43,0.89,1.1,100.0,35.9,Avoid,avoid,2026-06-29 17:09:38
148711,BANDHAN FLOATER FUND  - DIRECT PLAN GROWTH,INF194KB1BA5,Bandhan Mutual Fund,Debt,Debt Scheme - Floater Fund,14.075,25-06-2026,1299,1.63,2.56,3.56,6.66,8.21,7.92,7.63,6.74,0.44,0.91,0.68,100.0,36.2,Avoid,avoid,2026-06-29 17:09:38
148733,ITI Mid Cap Fund - Direct Plan - Growth Option,INF00XX01929,ITI Mutual Fund,Mid Cap,Equity Scheme - Mid Cap Fund,25.0914,25-06-2026,1301,2.1,18.27,3.41,7.21,4.32,23.2,24.98,17.17,5.48,0.88,22.66,80.0,61.3,Watch,watch,2026-06-29 17:09:38
148745,Kotak Nifty Next 50 Index Fund - Direct Plan - Growth Option,INF174KA1GA9,Kotak Mahindra Mutual Fund,Index / ETF,Other Scheme - Index Funds,21.1276,25-06-2026,1298,1.58,19.66,5.53,5.81,1.11,18.74,19.21,14.11,6.12,0.67,26.34,60.0,46.5,Avoid,avoid,2026-06-29 17:09:38
148726,Nippon India Nifty Midcap 150 Index Fund - Direct Plan - Growth Option,INF204KB18Z7,Nippon India Mutual Fund,Index / ETF,Other Scheme - Index Funds,26.3261,25-06-2026,1313,0.87,17.12,3.1,4.51,4.72,19.54,22.98,17.76,5.4,0.74,21.44,80.0,54.3,Avoid,avoid,2026-06-29 17:09:38
148747,Motilal Oswal Multi Asset Passive Fund of Fund - Direct Growth,INF247L01AL2,Motilal Oswal Mutual Fund,Hybrid,Other Scheme - FoF Domestic,19.7628,25-06-2026,1296,-0.74,8.01,0.3,9.4,10.31,15.89,16.69,13.13,3.31,0.87,12.39,80.0,49.5,Avoid,avoid,2026-06-29 17:09:38
148751,Invesco India ESG Integration Strategy Fund - Direct Plan - Growth,INF205KA1338,Invesco Mutual Fund,Thematic,Equity Scheme - Sectoral/ Thematic,17.96,25-06-2026,1295,4.78,15.5,-3.85,-7.71,0.17,10.39,12.94,9.73,4.97,0.25,22.78,60.0,26.8,Avoid,avoid,2026-06-29 17:09:38
149011,Invesco India Medium Duration Fund - Direct Plan - Growth,INF205KA1429,Invesco Mutual Fund,Debt,Debt Scheme - Medium Duration Fund,1348.5393,25-06-2026,1194,1.73,2.7,2.75,5.08,7.29,7.34,7.33,,0.59,0.31,2.3,100.0,34.7,Avoid,avoid,2026-06-29 17:10:11
149059,Kotak Global Innovation Overseas Equity Omni FOF- Direct Plan -Growth,INF174KA1HG4,Kotak Mahindra Mutual Fund,International,Other Scheme - FoF Overseas,15.3125,25-06-2026,1132,-1.93,21.8,15.08,34.93,23.86,22.73,23.91,,4.56,0.82,39.98,100.0,77.6,Strong Pick,strong,2026-06-29 17:10:33
148962,Aditya Birla Sun Life Nifty 50 Equal Weight Index Fund-Direct Growth,INF209KB1Z71,Aditya Birla Sun Life Mutual Fund,Index / ETF,Other Scheme - Index Funds,18.8731,25-06-2026,1242,0.76,10.5,-1.04,2.0,4.36,13.87,17.11,13.76,4.45,0.53,18.02,100.0,43.0,Avoid,avoid,2026-06-29 17:10:10
148958,Parag Parikh Conservative Hybrid Fund - Direct Plan - Growth,INF879O01175,PPFAS Mutual Fund,Index / ETF,Hybrid Scheme - Conservative Hybrid Fund,16.0084,25-06-2026,1230,1.78,2.85,2.71,4.87,7.38,10.83,10.7,9.87,1.11,1.12,2.32,100.0,42.7,Avoid,avoid,2026-06-29 17:10:09
149007,Tata Floating Rate Fund -Direct Plan-Growth,INF277KA1026,Tata Mutual Fund,Debt,Debt Scheme - Floater Fund,13.8196,25-06-2026,1200,1.29,1.88,2.98,6.08,7.7,7.63,7.46,,0.37,0.68,0.57,100.0,39.6,Avoid,avoid,2026-06-29 17:10:11
149029,ITI Dynamic Bond Fund - Direct Plan - Growth Option,INF00XX01BC4,ITI Mutual Fund,Debt,Debt Scheme - Dynamic Bond,13.508,25-06-2026,1195,1.06,1.18,2.26,2.9,6.08,6.78,6.76,,0.51,0.0,1.78,100.0,30.8,Avoid,avoid,2026-06-29 17:10:34
149019,PGIM India Small Cap Fund - Direct Plan- Growth Option,INF663L01W06,PGIM India Mutual Fund,Small Cap,Equity Scheme - Small Cap Fund,18.69,25-06-2026,1206,4.36,21.76,9.11,8.41,7.88,16.73,17.55,,5.19,0.56,24.59,100.0,50.0,Avoid,avoid,2026-06-29 17:10:33
149049,Axis Floater Fund - Direct Plan - Growth,INF846K014A6,Axis Mutual Fund,Debt,Debt Scheme - Floater Fund,1410.082,25-06-2026,1193,2.06,3.7,3.99,6.65,8.35,8.41,8.13,,0.82,0.64,1.26,100.0,40.5,Avoid,avoid,2026-06-29 17:10:34
148986,HDFC Banking & Financial Services Fund - Growth Option - Direct Plan,INF179KC1BG0,HDFC Mutual Fund,Sectoral,Equity Scheme - Sectoral/ Thematic,19.392,25-06-2026,1227,6.25,17.7,1.42,4.02,8.63,14.24,20.18,,6.23,0.5,21.72,100.0,42.5,Avoid,avoid,2026-06-29 17:10:10
148978,Kotak Nifty 50 Index Fund - Direct Plan-Growth,INF174KA1HA7,Kotak Mahindra Mutual Fund,Index / ETF,Other Scheme - Index Funds,15.948,25-06-2026,1232,2.46,8.2,-6.79,-5.24,1.0,8.75,12.04,9.82,4.38,0.16,16.45,80.0,26.6,Avoid,avoid,2026-06-29 17:10:10
148980,BANK OF INDIA Large Cap Fund Direct Plan Growth,INF761K01FL3,Bank of India Mutual Fund,Large Cap,Equity Scheme - Large Cap Fund,17.75,25-06-2026,1227,2.48,13.27,1.49,4.23,2.09,14.9,17.13,,4.87,0.56,22.59,75.0,42.2,Avoid,avoid,2026-06-29 17:10:10
148972,ITI Value Fund - Direct Plan - Growth Option,INF00XX01AQ6,ITI Mutual Fund,Thematic,Equity Scheme - Value Fund,18.7796,25-06-2026,1236,2.04,16.07,0.15,3.65,1.1,16.24,20.46,13.5,5.87,0.55,22.72,60.0,41.2,Avoid,avoid,2026-06-29 17:10:10
148990,ICICI Prudential Flexicap Fund - Direct Plan - Growth,INF109KC1R14,ICICI Prudential Mutual Fund,Multi Cap,Equity Scheme - Flexi Cap Fund,20.88,25-06-2026,1215,5.19,16.06,0.87,6.75,6.53,16.75,19.03,,5.17,0.68,19.71,100.0,50.7,Avoid,avoid,2026-06-29 17:10:11
149039,Navi Nifty 50 Index Fund-Direct Plan-Growth,INF959L01FP2,Navi Mutual Fund,Index / ETF,Other Scheme - Index Funds,15.8442,25-06-2026,1217,2.45,8.21,-6.77,-5.23,1.09,8.9,12.19,,4.38,0.17,16.59,75.0,28.9,Avoid,avoid,2026-06-29 17:10:34
148993,Axis Quant Fund - Direct Plan - Growth,INF846K01Z87,Axis Mutual Fund,Thematic,Equity Scheme - Sectoral/ Thematic,17.35,25-06-2026,1231,2.24,15.21,0.64,0.75,0.38,10.99,15.56,,5.14,0.32,22.97,75.0,32.8,Avoid,avoid,2026-06-29 17:10:11
149071,Tata Business Cycle Fund-Direct Plan-Growth,INF277KA1166,Tata Mutual Fund,Sectoral,Equity Scheme - Sectoral/ Thematic,20.5294,25-06-2026,1199,1.1,15.91,1.95,1.21,1.12,16.16,20.19,,4.99,0.61,20.01,100.0,48.0,Avoid,avoid,2026-06-29 17:10:34
149098,Bandhan US specific Equity Active FOF - GROWTH - DIRECT PLAN,INF194KB1CF2,Bandhan Mutual Fund,International,Other Scheme - FoF Overseas,20.379,25-06-2026,1092,-5.38,14.95,5.91,21.89,17.93,24.47,26.1,,4.91,0.92,27.1,100.0,74.9,Watch,watch,2026-06-29 17:10:33
149076,TRUSTMF Short Duration Fund-Direct Plan-Growth,INF0GCD01370,Trust Mutual Fund,Debt,Debt Scheme - Short Duration Fund,1347.9178,25-06-2026,1181,1.35,1.99,2.56,5.44,7.41,7.22,7.12,,0.38,0.35,1.07,100.0,35.3,Avoid,avoid,2026-06-29 17:10:34
149078,TRUSTMF Short Duration Fund-Direct Plan-Monthly Income Distribution Cum Capital Withdrawal,INF0GCD01396,Trust Mutual Fund,Debt,Debt Scheme - Short Duration Fund,1157.8752,25-06-2026,1181,1.09,1.21,0.99,2.2,4.06,3.82,3.67,,0.38,-2.49,1.54,100.0,23.1,Avoid,avoid,2026-06-29 17:10:34
149077,TRUSTMF Short Duration Fund-Direct Plan-Weekly Income Distribution Cum Capital Withdrawal,,Trust Mutual Fund,Debt,Debt Scheme - Short Duration Fund,1134.8618,25-06-2026,1181,1.1,1.24,0.93,1.82,3.62,3.33,3.18,,0.39,-2.82,1.57,100.0,23.1,Avoid,avoid,2026-06-29 17:10:34
149079,TRUSTMF Short Duration Fund-Direct Plan-Quarterly Income Distribution Cum Capital Withdrawal,INF0GCD01412,Trust Mutual Fund,Debt,Debt Scheme - Short Duration Fund,1171.33,25-06-2026,1181,0.58,1.22,1.0,2.24,4.08,4.13,3.89,,0.47,-1.57,1.75,100.0,23.0,Avoid,avoid,2026-06-29 17:10:34
149107,HDFC NIFTY50 Equal weight Index Fund - Direct Plan - Growth Option,INF179KC1BM8,HDFC Mutual Fund,Index / ETF,Other Scheme - Index Funds,18.4518,25-06-2026,1193,0.71,10.46,-1.11,1.96,4.34,13.88,17.18,,4.45,0.53,18.03,100.0,43.9,Avoid,avoid,2026-06-29 17:10:39
149091,UTI Focused Fund - Direct Plan - Growth Option,INF789F1AVA3,UTI Mutual Fund,Thematic,Equity Scheme - Focused Fund,16.1835,25-06-2026,1189,2.82,11.0,-3.76,-3.37,0.65,11.26,15.13,,4.48,0.36,19.32,75.0,34.5,Avoid,avoid,2026-06-29 17:10:34
149085,Canara Robeco Value Fund - Direct Plan - Growth Option,INF760K01JW4,Canara Robeco Mutual Fund,Thematic,Equity Scheme - Value Fund,19.25,25-06-2026,1182,2.5,11.46,-2.63,-2.43,2.01,13.66,18.09,,4.53,0.48,18.97,75.0,39.9,Avoid,avoid,2026-06-29 17:10:34
149104,Mahindra Manulife Flexi Cap Fund - Direct Plan -Growth,INF174V01AS2,Mahindra Manulife Mutual Fund,Multi Cap,Equity Scheme - Flexi Cap Fund,17.1836,25-06-2026,1190,2.66,10.7,-3.91,-3.37,1.83,12.73,16.68,,4.47,0.43,17.24,75.0,38.0,Avoid,avoid,2026-06-29 17:10:34
149112,Mirae Asset Money Market Fund Direct Growth,INF769K01HN8,Mirae Asset Mutual Fund,Debt,Debt Scheme - Money Market Fund,1360.006,25-06-2026,1177,0.96,1.79,3.05,6.24,7.29,7.37,7.11,,0.19,0.99,0.15,100.0,42.3,Avoid,avoid,2026-06-29 17:10:39
149117,Union Money Market Fund - Direct Plan -  Growth Option,INF582M01HG5,Union Mutual Fund,Debt,Debt Scheme - Money Market Fund,1349.3525,25-06-2026,1167,0.87,1.84,3.32,6.47,7.17,7.15,6.99,,0.15,0.78,0.08,100.0,40.1,Avoid,avoid,2026-06-29 17:10:39
149134,SBI Balanced Advantage Fund - Direct Plan - Growth,INF200KA1Y73,SBI Mutual Fund,Hybrid,Hybrid Scheme - Dynamic Asset Allocation or Balanced Advantage,16.6078,25-06-2026,1189,1.27,6.02,-0.64,2.65,5.75,11.69,13.47,,2.8,0.6,7.39,100.0,42.9,Avoid,avoid,2026-06-29 17:10:53
149141,Baroda BNP Paribas Business Cycle Fund - Direct Plan - Growth,INF955L01KK1,Baroda BNP Paribas Mutual Fund,Sectoral,Equity Scheme - Sectoral/ Thematic,16.9832,25-06-2026,1173,1.82,12.76,-0.26,1.48,1.7,15.14,17.63,,4.68,0.55,20.27,100.0,45.9,Avoid,avoid,2026-06-29 17:10:53
149094,Nippon India Flexi Cap Fund - Direct Plan - Growth Plan - Growth Option,INF204KC1121,Nippon India Mutual Fund,Multi Cap,Equity Scheme - Flexi Cap Fund,17.786,25-06-2026,1194,3.15,15.28,-0.49,-0.07,1.44,13.95,16.18,,5.07,0.48,19.8,75.0,39.9,Avoid,avoid,2026-06-29 17:10:34
149154,HSBC Mid Cap Fund - Direct - Growth,,HSBC Mutual Fund,Mid Cap,Equity Scheme - Mid Cap Fund,9.6118,25-11-2022,286,0.0,0.0,0.0,0.0,0.0,0.0,3.62,,0.0,,24.51,25.0,16.1,Avoid,avoid,2026-06-29 17:10:40
149180,HDFC Developed World Overseas Equity Passive FOF - Direct Plan - Growth Option,INF179KC1BO4,HDFC Mutual Fund,International,Other Scheme - FoF Overseas,20.996,25-06-2026,1157,-2.76,13.94,13.02,32.37,24.92,24.44,23.29,,3.66,1.13,19.58,100.0,84.7,Strong Pick,strong,2026-06-29 17:10:53
149170,Mirae Asset S&P 500 Top 50 ETF Fund of Fund Direct Growth,INF769K01HR9,Mirae Asset Mutual Fund,Index / ETF,Other Scheme - FoF Domestic,27.272,25-06-2026,1130,-6.25,12.5,7.06,39.81,32.47,33.74,30.78,,5.82,1.04,29.92,100.0,83.8,Strong Pick,strong,2026-06-29 17:10:52
149158,ICICI Prudential Nifty Alpha Low - Volatility 30 ETF FOF - Direct Plan - Growth,INF109KC1R89,ICICI Prudential Mutual Fund,Index / ETF,Other Scheme - FoF Domestic,14.8703,25-06-2026,1172,3.05,10.38,-1.87,-2.74,-2.84,11.91,15.58,,4.62,0.37,25.08,50.0,32.2,Avoid,avoid,2026-06-29 17:10:53
149166,Axis Value Fund - Direct Plan - Growth,INF846K010C0,Axis Mutual Fund,Thematic,Equity Scheme - Value Fund,20.58,25-06-2026,1175,2.18,12.58,1.28,4.89,6.69,19.7,22.97,,4.4,0.86,20.2,100.0,57.1,Watch,watch,2026-06-29 17:10:51
149254,Edelweiss Nifty 100 Quality 30 Index Fund Direct Plan Growth,INF754K01NJ6,Edelweiss Mutual Fund,Index / ETF,Other Scheme - Index Funds,14.2345,25-06-2026,1161,-1.52,8.31,-6.46,-3.13,-0.8,9.17,12.93,,4.7,0.19,21.03,75.0,28.9,Avoid,avoid,2026-06-29 17:11:17
149264,NJ Balanced Advantage Fund - Direct Plan - Growth Option,INF0J8L01040,NJ Mutual Fund,Hybrid,Hybrid Scheme - Dynamic Asset Allocation or Balanced Advantage,14.31,25-06-2026,1144,1.78,7.35,-0.42,0.07,1.1,9.97,11.62,,2.61,0.35,14.75,100.0,36.9,Avoid,avoid,2026-06-29 17:11:16
149243,Axis Nifty AAA Bond Plus SDL Apr 2026 50:50 ETF FOF - Direct Plan - Growth Option,INF846K017C5,Axis Mutual Fund,Index / ETF,Other Scheme - FoF Domestic,12.8993,30-04-2026,1100,0.0,1.53,2.23,5.31,6.45,6.57,6.71,,0.43,-0.14,3.44,100.0,29.2,Avoid,avoid,2026-06-29 17:10:52
149230,Mahindra Manulife Asia Pacific REITs FOF - Direct Plan - Growth,INF174V01AY0,Mahindra Manulife Mutual Fund,International,Other Scheme - FoF Overseas,10.9951,25-06-2026,1084,-2.66,3.28,3.19,16.22,18.24,8.9,5.18,,3.21,0.11,26.17,50.0,31.9,Avoid,avoid,2026-06-29 17:10:52
149219,ICICI Prudential NASDAQ 100 Index Fund - Direct Plan - Growth,INF109KC1U50,ICICI Prudential Mutual Fund,Index / ETF,Other Scheme - Index Funds,24.2127,25-06-2026,1111,-3.85,27.99,21.18,44.02,30.21,30.84,32.3,,5.68,1.06,30.04,100.0,84.0,Strong Pick,strong,2026-06-29 17:10:53
149210,ICICI Prudential Nifty PSU Bond Plus SDL Sep 2027 40:60 Index Fund - Direct Plan Growth,INF109KC1S88,ICICI Prudential Mutual Fund,Index / ETF,Other Scheme - Index Funds,13.2267,25-06-2026,1146,1.03,1.64,2.75,5.68,7.51,7.4,7.48,,0.26,0.61,3.56,100.0,38.1,Avoid,avoid,2026-06-29 17:10:53
149240,Motilal Oswal 5 Year G-Sec Fund Of Fund Direct -Growth,INF247L01AQ1,Motilal Oswal Mutual Fund,Fund of Funds,Other Scheme - FoF Domestic,13.2167,25-06-2026,1138,2.27,2.68,3.38,5.34,7.65,7.31,7.3,,0.93,0.21,15.88,100.0,32.2,Avoid,avoid,2026-06-29 17:10:52
149199,Aditya Birla Sun Life Nifty SDL Plus PSU Bond SEP 2026 60:40 Index Fund-Direct Growth,INF209KB18B7,Aditya Birla Sun Life Mutual Fund,Index / ETF,Other Scheme - Index Funds,13.1689,25-06-2026,1149,0.52,1.55,2.9,5.95,7.22,7.2,7.24,,0.08,0.68,3.28,100.0,38.7,Avoid,avoid,2026-06-29 17:10:53
149247,Edelweiss NIFTY PSU Bond Plus SDL Apr 2027 50:50 Index Fund - Direct Plan Growth,INF754K01MT7,Edelweiss Mutual Fund,Index / ETF,Other Scheme - Index Funds,13.2425,25-06-2026,1135,0.83,1.63,2.84,5.88,7.44,7.33,7.4,,0.18,0.65,3.5,100.0,38.5,Avoid,avoid,2026-06-29 17:10:53
149250,Edelweiss Nifty 50 Index Fund Direct Plan Growth,INF754K01NB3,Edelweiss Mutual Fund,Index / ETF,Other Scheme - Index Funds,14.2267,25-06-2026,1161,2.46,8.19,-6.78,-5.21,1.1,8.84,12.08,,4.38,0.17,16.6,75.0,28.8,Avoid,avoid,2026-06-29 17:10:53
149268,ITI Pharma and Healthcare Fund - Direct Plan - Growth Option,INF00XX01BO9,ITI Mutual Fund,Sectoral,Equity Scheme - Sectoral/ Thematic,18.7875,25-06-2026,1137,3.96,16.76,10.37,6.92,12.13,20.85,21.06,,4.14,0.9,17.69,100.0,61.0,Watch,watch,2026-06-29 17:11:15
149288,HDFC NIFTY Next 50 Index Fund - Direct Plan - Growth Option,INF179KC1BQ9,HDFC Mutual Fund,Index / ETF,Other Scheme - Index Funds,17.0491,25-06-2026,1142,1.59,19.66,5.43,5.65,0.8,18.44,18.8,,6.14,0.65,26.67,75.0,48.4,Avoid,avoid,2026-06-29 17:11:17
149261,LIC MF Balanced Advantage Fund-Direct Plan-Growth,INF767K01QY0,LIC Mutual Fund,Hybrid,Hybrid Scheme - Dynamic Asset Allocation or Balanced Advantage,14.5487,25-06-2026,1136,2.36,7.9,-0.65,-2.27,4.2,8.52,10.64,,2.77,0.19,9.43,75.0,30.3,Avoid,avoid,2026-06-29 17:11:17
149283,ICICI Prudential Nifty Smallcap 250 Index Fund - Direct Plan - Growth,INF109KC1V18,ICICI Prudential Mutual Fund,Index / ETF,Other Scheme - Index Funds,18.1557,25-06-2026,1142,4.21,23.84,7.06,0.45,1.67,18.79,21.68,,6.34,0.57,26.89,100.0,50.6,Avoid,avoid,2026-06-29 17:11:17
149185,Kotak Multicap Fund-Direct Plan-Growth,INF174KA1HV3,Kotak Mahindra Mutual Fund,Multi Cap,Equity Scheme - Multi Cap Fund,21.38,25-06-2026,1161,3.04,14.73,0.76,6.35,5.72,20.97,24.2,,5.4,0.8,21.0,100.0,58.7,Watch,watch,2026-06-29 17:10:53
149349,Motilal Oswal MSCI EAFE Top 100 Select Index Fund - Direct Plan Growth,,Motilal Oswal Mutual Fund,Index / ETF,Other Scheme - Index Funds,11.8133,12-01-2024,519,0.0,0.0,0.0,0.0,0.0,1.57,6.54,,0.0,-1.34,19.99,50.0,15.7,Avoid,avoid,2026-06-29 17:11:22
149291,Aditya Birla Sun Life US Equity Passive FOF-Direct-Growth,INF209KB18C5,Aditya Birla Sun Life Mutual Fund,International,Other Scheme - FoF Overseas,22.7489,25-06-2026,1139,-3.87,26.05,20.74,43.19,29.14,30.41,31.41,,6.31,1.03,28.94,100.0,83.4,Strong Pick,strong,2026-06-29 17:11:17
149298,PGIM India Global Select Real Estate Securities Fund of Fund - Direct Plan - Growth Option,INF663L01W63,PGIM India Mutual Fund,International,Other Scheme - FoF Overseas,13.86,25-06-2026,1079,0.51,9.57,17.36,25.32,18.98,15.91,11.93,,3.78,0.61,27.4,100.0,59.7,Watch,watch,2026-06-29 17:11:16
149329,Nippon India Taiwan Equity Fund- Direct Plan- Growth Option,INF204KC1303,Nippon India Mutual Fund,Thematic,Equity Scheme - Sectoral/ Thematic,38.894,25-06-2026,1053,-1.71,42.15,104.97,183.81,81.79,63.55,52.86,,9.75,1.43,44.77,100.0,84.4,Strong Pick,strong,2026-06-29 17:11:16
149361,Tata Corporate Bond Fund-Direct Plan-Growth,INF277KA1224,Tata Mutual Fund,Debt,Debt Scheme - Corporate Bond Fund,13.338,25-06-2026,1103,1.67,2.39,2.7,5.42,7.43,7.51,7.46,,0.55,0.44,1.69,100.0,36.5,Avoid,avoid,2026-06-29 17:11:33
149318,360 ONE QUANT FUND DIRECT GROWTH,INF579M01AI2,360 ONE Mutual Fund,Thematic,Equity Scheme - Sectoral/ Thematic,19.3966,25-06-2026,1126,-0.47,7.98,-6.05,-6.49,0.59,17.09,22.22,,4.89,0.64,22.39,75.0,46.9,Avoid,avoid,2026-06-29 17:11:17
149335,Quant Value Fund - Growth Option  - Direct Plan,INF966L01AN3,quant Mutual Fund,Thematic,Equity Scheme - Value Fund,24.788,25-06-2026,1125,2.81,29.84,18.23,18.0,6.64,25.74,28.08,,6.68,0.93,24.03,75.0,69.7,Watch,watch,2026-06-29 17:11:35
149331,ICICI Prudential BSE 500 ETF FOF - Direct Plan - Growth,INF109KC1V91,ICICI Prudential Mutual Fund,Index / ETF,Other Scheme - FoF Domestic,15.8109,25-06-2026,1124,1.77,12.37,-2.75,-1.74,1.03,12.12,14.71,,4.88,0.38,19.43,75.0,35.9,Avoid,avoid,2026-06-29 17:11:16
149321,ITI Banking and Financial Services Fund - Direct Plan - Growth Option,INF00XX01BU6,ITI Mutual Fund,Sectoral,Equity Scheme - Sectoral/ Thematic,17.5837,25-06-2026,1119,5.7,16.72,1.5,6.23,10.41,13.24,17.98,,6.15,0.45,16.72,100.0,41.6,Avoid,avoid,2026-06-29 17:11:17
149319,360 ONE QUANT FUND DIRECT INCOME DISTRIBUTION CUM CAPITAL WITHDRAWAL,INF579M01AJ0,360 ONE Mutual Fund,Thematic,Equity Scheme - Sectoral/ Thematic,19.3966,25-06-2026,1126,-0.47,7.98,-6.05,-6.49,0.59,17.09,22.22,,4.89,0.64,22.39,75.0,46.9,Avoid,avoid,2026-06-29 17:11:17
149368,HDFC Multi Cap Fund - Growth Option - Direct Plan,INF179KC1BS5,HDFC Mutual Fund,Multi Cap,Equity Scheme - Multi Cap Fund,19.692,25-06-2026,1118,3.26,13.2,-1.5,-1.95,1.19,15.39,20.76,,4.82,0.55,20.2,75.0,43.3,Avoid,avoid,2026-06-29 17:11:35
149295,Aditya Birla Sun Life Business Cycle Fund-Direct Growth,INF209KB14D2,Aditya Birla Sun Life Mutual Fund,Sectoral,Equity Scheme - Sectoral/ Thematic,16.33,25-06-2026,1120,3.29,13.48,0.43,1.24,3.72,13.23,15.61,,4.64,0.46,17.78,100.0,41.9,Avoid,avoid,2026-06-29 17:11:17
149343,Edelweiss NIFTY Large Midcap 250 Index Fund - Direct Plan Growth,INF754K01NR9,Edelweiss Mutual Fund,Index / ETF,Other Scheme - Index Funds,17.2485,25-06-2026,1124,1.55,13.64,-0.9,0.44,2.97,15.06,17.95,,4.95,0.55,18.87,100.0,45.7,Avoid,avoid,2026-06-29 17:11:34
149373,Axis Nifty 50 Index Fund - Direct Plan - Growth,INF846K013D2,Axis Mutual Fund,Index / ETF,Other Scheme - Index Funds,14.5965,25-06-2026,1128,2.45,8.17,-6.76,-5.24,1.12,8.89,12.17,,4.37,0.17,15.82,75.0,29.0,Avoid,avoid,2026-06-29 17:11:35
149303,BANDHAN MULTI CAP FUND - GROWTH - DIRECT PLAN,INF194KB1CL0,Bandhan Mutual Fund,Multi Cap,Equity Scheme - Multi Cap Fund,18.72,25-06-2026,1132,3.03,16.43,1.24,2.08,3.99,15.75,19.3,,5.09,0.59,18.3,100.0,47.2,Avoid,avoid,2026-06-29 17:11:17
149381,Mirae AssetHang Seng TECH ETF Fund of Fund Direct Plan - Growth Option,INF769K01HU3,Mirae Asset Mutual Fund,Index / ETF,Other Scheme - FoF Domestic,11.109,25-06-2026,1065,-11.74,-2.9,-15.87,-2.8,23.84,15.52,6.41,,7.93,0.3,47.79,50.0,33.2,Avoid,avoid,2026-06-29 17:11:34
149523,Sundaram Low Duration Fund (Formerly Known as Principal Low Duration Fund) - Direct Plan - Daily Income Distribution CUM Capital Withdrawal Option,,Sundaram Mutual Fund,Debt,Debt Scheme - Low Duration Fund,1009.6449,28-06-2024,601,0.0,0.0,0.0,0.0,0.0,0.05,0.68,,0.0,-79.35,0.23,50.0,17.6,Avoid,avoid,2026-06-30 16:12:46
149524,Sundaram Low Duration Fund (Formerly Known as Principal Low Duration Fund) - Direct Plan - Weekly Income Distribution CUM Capital Withdrawal Option,,Sundaram Mutual Fund,Debt,Debt Scheme - Low Duration Fund,1006.3073,28-06-2024,601,0.0,0.0,0.0,0.0,0.0,0.01,0.63,,0.0,-59.22,0.32,50.0,17.6,Avoid,avoid,2026-06-30 16:12:46
149409,ICICI Prudential Overnight fund - Direct Plan - Unclaimed Redemption Stable Scheme,INF109KC17H6,ICICI Prudential Mutual Fund,Debt,Debt Scheme - Overnight Fund,1000.0,28-06-2026,1392,0.0,0.0,0.0,0.0,0.0,0.0,77.83,,0.0,,0,25.0,19.2,Avoid,avoid,2026-06-29 17:11:35
149441,ICICI Prudential Passive Multi-Asset Fund of Funds - Direct Plan - Growth,INF109KC1Y15,ICICI Prudential Mutual Fund,Fund of Funds,Other Scheme - FoF Domestic,16.796,25-06-2026,1047,0.68,6.51,2.35,10.01,11.82,13.72,14.78,,2.53,0.89,7.39,100.0,52.4,Avoid,avoid,2026-06-29 17:11:47
149455,ICICI Prudential Strategic Metal and Energy Equity Fund of Fund - Direct Plan Growth,INF109KC1Z55,ICICI Prudential Mutual Fund,International,Other Scheme - FoF Overseas,27.2951,29-06-2026,1027,-9.34,-14.09,11.95,52.71,36.47,28.13,24.38,,7.57,0.92,24.34,100.0,81.9,Strong Pick,strong,2026-06-30 16:14:07
149483,Sundaram Nifty 100 Equal Weight Fund (Formerly Known as Principal Nifty 100 Equal Weight Fund) - Direct Plan - Growth Option,INF173K01EZ4,Sundaram Mutual Fund,Index / ETF,Other Scheme - Index Funds,191.5591,29-06-2026,1103,0.29,14.41,1.74,3.08,2.82,15.64,17.08,,4.11,0.63,21.19,100.0,47.8,Avoid,avoid,2026-06-30 16:12:54
149406,Mahindra Manulife Balanced Advantage Fund - Direct Plan - Growth,INF174V01BE0,Mahindra Manulife Mutual Fund,Hybrid,Hybrid Scheme - Dynamic Asset Allocation or Balanced Advantage,15.8164,25-06-2026,1102,2.19,9.63,1.22,1.9,4.53,12.53,13.45,,3.32,0.52,9.77,100.0,43.0,Avoid,avoid,2026-06-29 17:11:35
149482,Sundaram Nifty 100 Equal Weight Fund (Formerly Known as Principal Nifty 100 Equal Weight Fund)- Direct Plan - Income Distribution CUM Capital Withdrawal Option,INF173K01EW1,Sundaram Mutual Fund,Index / ETF,Other Scheme - Index Funds,78.2179,29-06-2026,1103,0.29,6.34,-5.43,-10.73,-7.82,4.94,6.89,,4.68,-0.05,27.01,50.0,15.8,Avoid,avoid,2026-06-30 16:12:55
149474,SBI CPSE Bond Plus SDL Sep 2026 50:50 Index Fund - Direct Plan - Growth,INF200KA13D5,SBI Mutual Fund,Index / ETF,Other Scheme - Index Funds,13.0762,29-06-2026,1076,0.57,1.59,2.99,5.98,7.23,7.2,7.21,,0.09,0.65,3.39,100.0,38.4,Avoid,avoid,2026-06-30 16:12:43
149447,Navi Nifty Next 50 Index Fund- Direct Plan- Growth,INF959L01FR8,Navi Mutual Fund,Index / ETF,Other Scheme - Index Funds,17.1762,25-06-2026,1090,1.6,19.68,5.42,5.68,1.01,18.6,19.05,,6.15,0.66,26.29,75.0,48.8,Avoid,avoid,2026-06-29 17:11:47
149526,Sundaram Low Duration Fund (Formerly Known as Principal Low Duration Fund) - Direct Plan - Growth Option,INF173K01FS6,Sundaram Mutual Fund,Debt,Debt Scheme - Low Duration Fund,3943.0244,29-06-2026,1084,1.06,1.86,2.96,6.09,7.37,7.36,7.24,,0.24,0.8,0.23,100.0,40.4,Avoid,avoid,2026-06-30 16:12:55
149450,Samco Flexi Cap Fund - Direct Plan - Growth Option,INF0K1H01024,Samco Mutual Fund,Multi Cap,Equity Scheme - Flexi Cap Fund,10.56,29-06-2026,1075,1.25,12.94,1.64,-9.36,-8.74,0.41,5.58,,3.87,-0.32,30.16,50.0,13.5,Avoid,avoid,2026-06-30 16:14:07
149533,Sundaram Focused Fund (Formerly Known as Principal Focused Multicap Fund)- Direct Plan - Growth Option,INF173K01EK6,Sundaram Mutual Fund,Multi Cap,Equity Scheme - Focused Fund,179.6605,29-06-2026,1103,4.21,13.31,-0.11,0.07,1.91,11.53,15.13,,3.43,0.38,20.08,100.0,38.8,Avoid,avoid,2026-06-30 16:14:26
149466,Axis Nifty Next 50 Index Fund - Direct Plan - Growth,INF846K019E7,Axis Mutual Fund,Index / ETF,Other Scheme - Index Funds,17.724,29-06-2026,1090,0.62,18.55,4.5,4.42,0.65,18.31,18.51,,4.77,0.69,26.35,75.0,49.2,Avoid,avoid,2026-06-30 16:12:42
149539,Sundaram Ultra Short Duration Fund (Formerly Known as Principal Ultra Short Term Fund)- Direct Plan -Growth Option,INF173K01HI3,Sundaram Mutual Fund,Debt,Debt Scheme - Ultra Short Duration Fund,3119.078,29-06-2026,1084,0.91,1.84,3.25,6.4,7.19,7.29,7.16,,0.16,1.04,0.16,100.0,42.8,Avoid,avoid,2026-06-30 16:14:26
149410,ICICI Prudential Overnight fund - Direct Plan - Unclaimed Redemption Transitory Scheme,INF109KC15H0,ICICI Prudential Mutual Fund,Debt,Debt Scheme - Overnight Fund,1296.6131,28-06-2026,1392,0.42,1.27,2.56,5.33,5.87,6.16,88.76,,0.02,-3.23,0,100.0,25.8,Avoid,avoid,2026-06-29 17:11:35
149665,Sundaram Liquid Fund(Formerly Known as Principal Cash Management Fund)- Direct Plan - Income Distribution CUM Capital Withdrawal Option - Weekly,,Sundaram Mutual Fund,Debt,Formerly Known as IIFL Mutual Fund,1008.3385,13-09-2024,856,0.0,0.0,0.0,0.0,0.05,0.0,0.01,,0.0,-48.87,0.19,50.0,17.6,Avoid,avoid,2026-06-30 16:14:30
149663,Sundaram Liquid Fund (Formerly Known as Principal Cash Management Fund )- Direct Plan - Income Distribution CUM Capital Withdrawal Option - Daily,,Sundaram Mutual Fund,Debt,Formerly Known as IIFL Mutual Fund,1000.6367,13-09-2024,856,0.0,0.0,0.0,0.0,0.0,0.0,0.0,,0.0,-409.74,0.06,0.0,11.8,Avoid,avoid,2026-06-30 16:14:30
149678,Sundaram Equity Savings Fund (Formerly Known as Principal Equity Savings Fund)- Direct Plan - Income Distribution CUM Capital Withdrawal Option - Quarterly,INF173K01HF9,Sundaram Mutual Fund,Hybrid,Hybrid Scheme - Equity Savings,24.9648,27-06-2025,859,0.0,0.0,0.0,0.0,1.62,5.05,5.62,,0.0,-0.45,7.65,75.0,20.4,Avoid,avoid,2026-06-30 16:14:32
149737,Sundaram Liquid Fund (Formerly Known as Principal Cash Management Fund) Direct Principal Units,,Sundaram Mutual Fund,Debt,Debt Scheme - Liquid Fund,1280.5417,27-06-2025,1102,0.0,0.0,0.0,0.0,3.56,4.82,5.24,,0.0,-1.96,0.02,75.0,20.6,Avoid,avoid,2026-06-30 16:14:52
149753,Axis CRISIL IBX 70:30 CPSE Plus SDL April 2025 Index Fund - Direct Plan - Growth,INF846K015F2,Axis Mutual Fund,Index / ETF,Other Scheme - Index Funds,12.01096,30-04-2025,786,0.0,0.0,0.0,0.0,2.98,4.35,4.96,,0.0,-2.37,2.57,75.0,20.3,Avoid,avoid,2026-06-30 16:14:49
149587,Sundaram Short Duration Fund (Formerly Known as Principal Short Term Debt Fund)- Direct Plan - Growth Option,INF173K01GP0,Sundaram Mutual Fund,Debt,Debt Scheme - Short Duration Fund,50.8355,29-06-2026,1084,1.4,2.15,2.9,5.75,7.72,7.59,7.48,,0.42,0.61,0.67,100.0,38.6,Avoid,avoid,2026-06-30 16:14:38
149601,Sundaram Aggressive Hybrid Fund (Formerly Known as Principal Hybrid Equity Fund)- Direct Plan - Growth Option,INF173K01FE6,Sundaram Mutual Fund,Hybrid,Hybrid Scheme - Aggressive Hybrid Fund,182.6418,29-06-2026,1103,1.78,7.5,-3.44,-2.04,2.4,10.69,12.53,,2.78,0.4,13.13,75.0,35.8,Avoid,avoid,2026-06-30 16:14:38
149602,Sundaram Aggressive Hybrid Fund(Formerly Known as Principal Hybrid Equity Fund)-Direct Plan - Monthly Income Distribution CUM Capital Withdrawal Option,INF173K01FB2,Sundaram Mutual Fund,Hybrid,Hybrid Scheme - Aggressive Hybrid Fund,38.6237,29-06-2026,1103,0.92,4.71,-8.34,-11.47,-7.22,0.14,1.57,,2.77,-0.7,22.42,50.0,13.4,Avoid,avoid,2026-06-30 16:14:38
149570,Sundaram ELSS Tax Saver Fund Direct Plan Growth,INF173K01HZ7,Sundaram Mutual Fund,ELSS,Equity Scheme - ELSS,529.9381,29-06-2026,1103,1.94,9.65,-5.64,-3.56,1.19,10.84,13.95,,3.71,0.34,16.66,75.0,34.4,Avoid,avoid,2026-06-30 16:14:38
149669,Sundaram Multi Cap Fund (Formerly Known as Principal Multi Cap Growth Fund)-Direct Plan - Growth Option,INF173K01FQ0,Sundaram Mutual Fund,Multi Cap,Equity Scheme - Multi Cap Fund,426.0848,29-06-2026,1103,3.41,13.77,-1.31,0.09,2.99,15.1,16.92,,3.9,0.61,19.45,100.0,47.0,Avoid,avoid,2026-06-30 16:14:38
149718,Sundaram Balanced Advantage Fund (Formerly Known as Principal Balanced Advantage Fund) - Direct Plan - Monthly Income Distribution CUM Capital Withdrawal Option,INF173K01FF3,Sundaram Mutual Fund,Hybrid,Hybrid Scheme - Dynamic Asset Allocation or Balanced Advantage,17.6059,29-06-2026,1103,0.96,4.51,-6.62,-9.02,-4.96,1.41,3.13,,2.45,-0.67,18.16,50.0,14.1,Avoid,avoid,2026-06-30 16:14:53
149549,Sundaram Arbitrage Fund( Formerly Known as Principal Arbitrage Fund) - Direct Plan- Monthly Income Distribution CUM Capital Withdrawal,INF173K01NC4,Sundaram Mutual Fund,Hybrid,Hybrid Scheme - Arbitrage Fund,13.2018,29-06-2026,1103,-5.21,-4.51,-2.81,0.21,3.84,5.14,5.42,,1.58,-0.46,6.0,100.0,22.4,Avoid,avoid,2026-06-30 16:14:26
149550,Sundaram Arbitrage Fund (Formerly Known as Prinicpal Arbitrage Fund) - Direct Plan - Growth,INF173K01NF7,Sundaram Mutual Fund,Hybrid,Hybrid Scheme - Arbitrage Fund,16.2383,29-06-2026,1103,0.82,1.56,3.36,6.57,7.09,7.33,7.06,,0.14,1.0,0.19,100.0,42.6,Avoid,avoid,2026-06-30 16:14:34
149717,Sundaram Balanced Advantage Fund ( Formerly Known as Principal Balanced Advantage Fund) - Direct Plan - Growth Option,INF173K01FI7,Sundaram Mutual Fund,Hybrid,Hybrid Scheme - Dynamic Asset Allocation or Balanced Advantage,41.3692,29-06-2026,1103,1.76,7.01,-2.17,-0.4,3.52,9.66,11.31,,2.46,0.34,9.69,75.0,34.0,Avoid,avoid,2026-06-30 16:14:55
149679,Sundaram Equity Savings Fund (Formerly Known as Principal Equity Savings Fund) - Direct Plan - Growth Option,INF173K01GZ9,Sundaram Mutual Fund,Hybrid,Hybrid Scheme - Equity Savings,83.0891,29-06-2026,1103,1.32,4.69,-1.02,1.16,5.46,10.24,11.46,,1.59,0.61,6.21,100.0,41.4,Avoid,avoid,2026-06-30 16:14:39
149664,Sundaram Liquid Fund (Formerly Known as Principal Cash Management Fund) - Direct Plan - Growth Option,INF173K01GU0,Sundaram Mutual Fund,Debt,Debt Scheme - Liquid Fund,2476.9883,29-06-2026,1429,0.59,1.76,3.3,6.3,6.81,7.0,6.87,,0.06,0.77,0.02,100.0,39.7,Avoid,avoid,2026-06-30 16:14:39
149760,Nippon India Silver ETF FOF- Direct Plan-Growth Option,INF204KC1378,Nippon India Mutual Fund,Gold,Other Scheme - FoF Domestic,33.1573,29-06-2026,1078,-16.6,-6.69,-5.27,100.83,54.54,44.67,36.99,,18.2,0.88,43.53,100.0,79.3,Strong Pick,strong,2026-06-30 16:14:56
149763,Invesco India Flexi Cap Fund - Direct Plan - Growth,INF205KA1494,Invesco Mutual Fund,Multi Cap,Equity Scheme - Flexi Cap Fund,20.34,29-06-2026,1072,6.05,21.29,2.73,0.05,6.45,19.7,21.77,,4.51,0.82,19.4,100.0,56.7,Watch,watch,2026-06-30 16:14:56
149908,ITI Conservative Hybrid Fund- Direct Plan- Growth Option,,Taurus Mutual Fund,Debt,Money Market,11.3401,29-12-2023,436,0.0,0.0,0.0,0.0,0.0,1.54,3.26,,0.0,-3.63,1.57,50.0,17.5,Avoid,avoid,2026-06-30 16:13:56
149855,Kotak Nifty SDL Apr  2027 Top 12 Equal Weight Index Fund-Direct Plan-Growth,INF174KA1IL2,Kotak Mahindra Mutual Fund,Index / ETF,Other Scheme - Index Funds,13.1116,29-06-2026,1052,0.74,1.51,2.99,6.04,7.53,7.43,7.54,,0.16,0.77,3.56,100.0,39.9,Avoid,avoid,2026-06-30 16:16:01
149950,Edelweiss CRISIL PSU Plus SDL 50:50 Oct 2025 Index Fund - Direct Plan Growth,INF754K01OG0,Edelweiss Mutual Fund,Index / ETF,Other Scheme - Index Funds,12.3889,31-10-2025,882,0.0,0.0,0.0,1.92,4.66,5.48,5.88,,0.21,-1.46,2.7,100.0,24.0,Avoid,avoid,2026-06-30 16:16:33
149910,Navi NASDAQ100 US Specific Equity Passive FOF- Direct- Growth,INF959L01FZ1,Navi Mutual Fund,Index / ETF,Other Scheme - FoF Overseas,25.0923,29-06-2026,1010,-2.36,29.25,23.08,44.77,31.05,31.47,32.67,,4.98,1.09,25.08,100.0,85.3,Strong Pick,strong,2026-06-30 16:14:07
149865,Kotak Nifty SDL Apr 2032 Top 12 Equal Weight Index Fund-Direct Plan- Growth,INF174KA1IR9,Kotak Mahindra Mutual Fund,Index / ETF,Other Scheme - Index Funds,13.4155,29-06-2026,1052,2.37,2.87,3.31,4.36,7.45,7.5,8.05,,1.22,0.23,3.24,100.0,33.6,Avoid,avoid,2026-06-30 16:16:02
149892,Navi Nifty Midcap 150 Index Fund Direct Plan- Growth,INF959L01FX6,Navi Mutual Fund,Index / ETF,Other Scheme - Index Funds,21.4619,29-06-2026,1057,0.53,16.75,2.91,3.33,4.47,19.3,22.67,,4.19,0.77,20.98,100.0,55.6,Watch,watch,2026-06-30 16:14:07
149870,HDFC Nifty 100 Equal Weight Index Fund - Direct Plan - Growth Option,INF179KC1CA1,HDFC Mutual Fund,Index / ETF,Other Scheme - Index Funds,17.3109,29-06-2026,1067,0.26,14.67,1.63,2.97,2.75,15.82,17.07,,4.18,0.63,21.6,100.0,48.1,Avoid,avoid,2026-06-30 16:16:02
149868,HDFC NIFTY 100 Index Fund - Direct Plan - Growth Option,INF179KC1BY3,HDFC Mutual Fund,Index / ETF,Other Scheme - Index Funds,14.8851,29-06-2026,1067,1.73,9.54,-5.3,-3.74,0.66,10.13,12.62,,3.67,0.27,17.34,75.0,32.5,Avoid,avoid,2026-06-30 16:16:02
149919,Motilal Oswal BSE Low Volatility Index Fund-Direct plan,INF247L01AY5,Motilal Oswal Mutual Fund,Index / ETF,Other Scheme - Index Funds,16.2006,29-06-2026,1044,1.16,7.49,-5.62,-4.43,-1.23,10.19,12.96,,3.57,0.28,18.2,75.0,32.7,Avoid,avoid,2026-06-30 16:14:07
149847,Axis Multi Factor Passive FoF - Direct Plan - Growth Option,INF846K011G9,Axis Mutual Fund,Fund of Funds,Other Scheme - FoF Domestic,15.5722,29-06-2026,1072,-0.4,9.46,-1.47,1.03,-0.63,10.69,13.6,,3.37,0.32,22.01,75.0,33.7,Avoid,avoid,2026-06-30 16:15:59
149881,UTI BSE Low Volatility Index Fund - Direct Plan  - Growth Option,INF789F1AVF2,UTI Mutual Fund,Index / ETF,Other Scheme - Index Funds,16.3205,29-06-2026,1060,1.14,7.49,-5.55,-4.44,-1.24,10.28,13.15,,3.55,0.29,18.22,75.0,32.9,Avoid,avoid,2026-06-30 16:16:02
149873,Axis CRISIL IBX SDL May 2027 Index Fund - Direct Plan - Growth,INF846K017G6,Axis Mutual Fund,Index / ETF,Other Scheme - Index Funds,13.1099,29-06-2026,1055,0.9,1.7,3.1,6.12,7.62,7.51,7.62,,0.21,0.79,3.63,100.0,40.2,Avoid,avoid,2026-06-30 16:16:02
149858,ICICI Prudential Nifty Bank Index Fund - Direct Plan Growth,INF109KC11A4,ICICI Prudential Mutual Fund,Index / ETF,Other Scheme - Index Funds,16.6508,29-06-2026,1062,6.71,15.25,-2.1,1.31,5.55,9.43,15.09,,5.23,0.24,18.31,100.0,32.7,Avoid,avoid,2026-06-30 16:16:02
149882,SBI Multicap Fund- Direct Plan- Growth option,INF200KA18E2,SBI Mutual Fund,Multi Cap,Equity Scheme - Multi Cap Fund,17.5111,29-06-2026,1063,1.83,13.4,0.33,-1.33,5.26,14.94,16.48,,3.48,0.65,15.11,75.0,44.9,Avoid,avoid,2026-06-30 16:14:07
149936,Axis Nifty Midcap 50 Index Fund - Direct Plan - Growth Option,INF846K019H0,Axis Mutual Fund,Index / ETF,Other Scheme - Index Funds,21.2899,29-06-2026,1051,0.22,16.92,2.76,4.19,5.81,20.11,24.27,,4.41,0.82,20.27,100.0,57.4,Watch,watch,2026-06-30 16:16:25
149894,Axis Nifty Smallcap 50 Index Fund - Direct Plan - Growth Option,INF846K013H3,Axis Mutual Fund,Index / ETF,Other Scheme - Index Funds,19.6273,29-06-2026,1062,3.23,23.73,8.46,0.76,3.76,23.25,24.05,,5.34,0.74,27.74,100.0,60.8,Watch,watch,2026-06-30 16:14:07
150241,BARODA BNP PARIBAS Medium Duration Fund - Direct Plan - Growth Option,,Baroda BNP Paribas Mutual Fund,Debt,Debt Scheme - Medium Duration Fund,18.9403,10-09-2024,604,0.0,0.0,0.0,0.0,0.91,2.89,4.19,,0.0,-3.36,2.1,75.0,20.4,Avoid,avoid,2026-06-30 16:16:53
150187,BARODA BNP PARIBAS LARGE CAP Fund - Direct Plan - Growth Option,INF251K01HN7,Baroda BNP Paribas Mutual Fund,Large Cap,Equity Scheme - Large Cap Fund,253.212,29-06-2026,1055,0.7,9.63,-2.85,-2.1,0.88,13.34,15.67,,3.75,0.5,18.16,75.0,40.2,Avoid,avoid,2026-06-30 16:17:01
150012,Nippon India Nifty AAA CPSE Bond Plus SDL - Apr 2027 Maturity 60:40 Index Fund - Direct Plan - Growth Option,INF204KC1527,Nippon India Mutual Fund,Index / ETF,Other Scheme - Index Funds,13.0084,29-06-2026,1027,0.88,1.78,3.09,6.11,7.51,7.37,7.34,,0.19,0.72,3.32,100.0,39.4,Avoid,avoid,2026-06-30 16:16:47
150180,Baroda BNP Paribas Dynamic Bond Fund - Direct Plan - Growth Option,INF251K01GW0,Baroda BNP Paribas Mutual Fund,Debt,Debt Scheme - Dynamic Bond,52.343,29-06-2026,1037,1.93,2.99,1.84,2.84,5.86,6.55,7.26,,0.92,-0.08,2.51,100.0,29.3,Avoid,avoid,2026-06-30 16:16:58
149966,HSBC CRISIL IBX 50:50 Gilt Plus SDL Apr 2028 Index Fund - Direct - Growth,INF336L01QH7,HSBC Mutual Fund,Debt,Other Scheme - Index Funds,13.24,29-06-2026,1025,1.15,1.84,2.56,5.4,7.57,7.48,7.59,,0.43,0.49,2.36,100.0,36.9,Avoid,avoid,2026-06-30 16:16:37
149970,DSP Nifty SDL Plus G-Sec Jun 2028 30:70 Index Fund - Direct - Growth,INF740KA1QV9,DSP Mutual Fund,Index / ETF,Other Scheme - Index Funds,13.2518,29-06-2026,1036,1.09,1.84,2.6,5.56,7.59,7.52,7.64,,0.4,0.53,2.72,100.0,37.4,Avoid,avoid,2026-06-30 16:16:33
149999,ICICI Prudential Nifty SDL Sep 2027 Index Fund - Direct Plan - Growth,INF109KC14B6,ICICI Prudential Mutual Fund,Index / ETF,Other Scheme - Index Funds,13.1358,29-06-2026,1029,1.08,1.58,2.95,5.81,7.57,7.49,7.61,,0.3,0.64,3.8,100.0,38.5,Avoid,avoid,2026-06-30 16:16:38
150251,BARODA BNP PARIBAS ARBITRAGE FUND-DIRECT PLAN-GROWTH OPTION,INF251K01OT0,Baroda BNP Paribas Mutual Fund,Hybrid,Hybrid Scheme - Arbitrage Fund,18.0443,29-06-2026,1055,0.94,1.45,3.13,6.36,6.94,7.48,7.19,,0.18,1.01,0.29,100.0,42.8,Avoid,avoid,2026-06-30 16:17:02
150206,BARODA BNP PARIBAS Conservative Hybrid Fund - Direct Plan - Growth Option,INF251K01HR8,Baroda BNP Paribas Mutual Fund,Index / ETF,Hybrid Scheme - Conservative Hybrid Fund,57.2499,29-06-2026,1037,1.53,5.05,2.31,4.77,6.58,9.09,9.7,,1.28,0.56,4.5,100.0,39.3,Avoid,avoid,2026-06-30 16:17:01
150212,BARODA BNP PARIBAS Mid Cap Fund - Direct Plan - Growth Option,INF251K01HQ0,Baroda BNP Paribas Mutual Fund,Mid Cap,Equity Scheme - Mid Cap Fund,132.9503,29-06-2026,1055,1.17,15.71,6.8,9.49,6.57,20.84,22.18,,3.58,0.98,18.64,100.0,63.6,Watch,watch,2026-06-30 16:17:01
150260,Baroda BNP Paribas Aggressive Hybrid Fund- DIRECT PLAN - GROWTH OPTION,INF251K01OZ7,Baroda BNP Paribas Mutual Fund,Hybrid,Hybrid Scheme - Aggressive Hybrid Fund,32.3126,29-06-2026,1055,1.15,8.82,-0.83,0.28,3.37,13.0,14.98,,2.75,0.6,12.91,100.0,44.7,Avoid,avoid,2026-06-30 16:17:10
150264,BARODA BNP PARIBAS Focused Fund - Direct Plan - Growth Option,INF251K01PN0,Baroda BNP Paribas Mutual Fund,Thematic,Equity Scheme - Focused Fund,23.995,29-06-2026,1055,1.39,10.8,-5.69,-6.09,-2.54,11.06,13.95,,4.35,0.3,22.46,75.0,33.4,Avoid,avoid,2026-06-30 16:17:23
150169,BARODA BNP PARIBAS LOW DURATION Fund - Direct Plan - Growth Option,INF251K01GJ7,Baroda BNP Paribas Mutual Fund,Debt,Debt Scheme - Low Duration Fund,46.78,29-06-2026,1037,1.11,1.99,3.21,6.42,7.43,7.47,7.31,,0.25,0.99,0.62,100.0,42.5,Avoid,avoid,2026-06-30 16:16:50
150237,BARODA BNP PARIBAS Corporate Bond Fund - Direct Plan - Growth Option,INF251K01GP4,Baroda BNP Paribas Mutual Fund,Debt,Debt Scheme - Corporate Bond Fund,31.0983,29-06-2026,1037,1.73,2.64,3.26,6.1,8.14,7.82,7.68,,0.56,0.62,2.33,100.0,39.1,Avoid,avoid,2026-06-30 16:17:01
150159,BARODA BNP PARIBAS ELSS Tax Saver Fund - Direct Plan - Growth Option,INF251K01HF3,Baroda BNP Paribas Mutual Fund,ELSS,Equity Scheme - ELSS,111.4695,29-06-2026,1055,1.98,12.35,-0.84,2.91,5.15,16.71,18.48,,3.55,0.73,17.34,100.0,51.5,Avoid,avoid,2026-06-30 16:16:50
150266,BARODA BNP PARIBAS India Consumption Fund - Direct Plan - Growth Option,INF251K01PT7,Baroda BNP Paribas Mutual Fund,Sectoral,Equity Scheme - Sectoral/ Thematic,33.1447,29-06-2026,1055,1.97,9.28,-6.92,-4.54,0.06,10.79,14.58,,3.81,0.32,21.45,75.0,33.6,Avoid,avoid,2026-06-30 16:17:23
150357,Aditya Birla Sun Life Crisil IBX 60:40 SDL+AAA PSU-APR 2025 Index Fund-Direct Growth,INF209KB13I3,Aditya Birla Sun Life Mutual Fund,Index / ETF,Other Scheme - Index Funds,11.9222,30-04-2025,746,0.0,0.0,0.0,0.0,2.86,4.29,4.91,,0.0,-2.48,2.4,75.0,20.4,Avoid,avoid,2026-06-30 16:15:38
150367,NJ Arbitrage Fund - Direct Plan - Growth Option,INF0J8L01065,NJ Mutual Fund,Hybrid,Hybrid Scheme - Arbitrage Fund,12.9741,29-06-2026,958,0.88,1.33,3.13,6.14,6.49,6.97,,,0.18,0.26,0.34,100.0,34.7,Avoid,avoid,2026-06-30 16:17:47
150285,Baroda BNP Paribas Aqua Fund of Fund - Direct Plan - Growth Option,INF251K01QT5,Baroda BNP Paribas Mutual Fund,International,Other Scheme - FoF Overseas,16.5156,29-06-2026,1020,3.06,7.26,11.67,19.9,16.8,14.48,17.01,,3.47,0.52,17.73,100.0,54.3,Avoid,avoid,2026-06-30 16:17:22
150358,Mirae Asset Nifty SDL Jun 2027 Index Fund -Direct Plan - Growth,INF769K01IH8,Mirae Asset Mutual Fund,Index / ETF,Other Scheme - Index Funds,13.1283,29-06-2026,1025,0.94,1.7,3.1,6.06,7.59,7.5,7.65,,0.23,0.75,3.61,100.0,39.8,Avoid,avoid,2026-06-30 16:15:44
150326,Tata Nifty SDL Plus AAA PSU Bond Dec 6040 Index Fund- Direct Plan-Growth,INF277KA1372,Tata Mutual Fund,Index / ETF,Other Scheme - Index Funds,13.235,29-06-2026,1024,1.19,1.62,2.71,5.52,7.5,7.41,7.55,,0.35,0.52,2.29,100.0,37.2,Avoid,avoid,2026-06-30 16:15:44
150392,LIC MF Money Market Fund-Direct Plan-Growth,INF767K01RE0,LIC Mutual Fund,Debt,Debt Scheme - Money Market Fund,1284.3866,29-06-2026,941,1.05,1.93,3.33,6.5,6.77,6.79,,,0.2,0.0,0.1,100.0,32.1,Avoid,avoid,2026-06-30 16:17:52
150353,Aditya Birla Sun Life Crisil IBX 60:40 SDL+AAA PSU-Apr 2027 Index Fund-Direct Growth,INF209KB19H2,Aditya Birla Sun Life Mutual Fund,Index / ETF,Other Scheme - Index Funds,13.0223,29-06-2026,1027,0.8,1.67,3.01,6.04,7.43,7.34,7.42,,0.17,0.69,3.39,100.0,39.0,Avoid,avoid,2026-06-30 16:15:44
150344,Tata Nifty India Digital ETF Fund of Fund-Direct Plan-Growth,INF277KA1430,Tata Mutual Fund,Index / ETF,Other Scheme - FoF Domestic,12.5174,29-06-2026,1029,-2.15,6.63,-18.98,-15.8,-3.77,9.28,10.56,,4.9,0.16,27.93,75.0,28.0,Avoid,avoid,2026-06-30 16:15:44
150387,Baroda BNP Paribas Flexi Cap Fund - Direct Plan - Growth Option,INF251K01QZ2,Baroda BNP Paribas Mutual Fund,Multi Cap,Equity Scheme - Flexi Cap Fund,16.5045,29-06-2026,946,0.95,13.69,0.27,0.15,2.64,14.27,,,3.78,0.55,20.4,100.0,45.0,Avoid,avoid,2026-06-30 16:17:52
150390,Quantum Nifty 50 ETF FOF - Direct Plan - Growth,INF082J01416,Quantum Mutual Fund,Index / ETF,Other Scheme - FoF Domestic,14.2513,29-06-2026,955,1.54,7.45,-7.24,-4.88,0.87,8.7,,,3.52,0.16,15.44,66.7,28.3,Avoid,avoid,2026-06-30 16:17:52
150346,WhiteOak Capital Flexi Cap Fund Direct Plan-Growth,INF03VN01530,WhiteOak Capital Mutual Fund,Multi Cap,Equity Scheme - Flexi Cap Fund,18.491,29-06-2026,957,3.26,14.23,-0.05,1.04,6.54,16.74,,,3.59,0.72,15.59,100.0,51.6,Avoid,avoid,2026-06-30 16:15:44
150310,ICICI PRUDENTIAL HOUSING OPPORTUNITIES FUND - Direct Plan Growth,INF109KC10C2,ICICI Prudential Mutual Fund,Thematic,Equity Scheme - Sectoral/ Thematic,18.2,29-06-2026,1032,1.17,11.93,0.55,0.39,2.6,15.28,17.43,,3.84,0.64,16.68,100.0,47.9,Avoid,avoid,2026-06-30 16:17:23
150376,Edelweiss Focused Fund - Direct Plan - Growth,INF754K01OP1,Edelweiss Mutual Fund,Thematic,Equity Scheme - Focused Fund,17.595,29-06-2026,958,3.01,11.96,-0.9,-0.13,2.89,14.8,,,3.95,0.57,17.15,66.7,42.4,Avoid,avoid,2026-06-30 16:17:52
150313,UTI Nifty Midcap 150 Quality 50 Index Fund - Direct Plan - Growth Option,INF789F1AVH8,UTI Mutual Fund,Index / ETF,Other Scheme - Index Funds,14.1677,29-06-2026,1034,0.43,15.27,0.79,-4.47,-0.66,11.63,12.83,,3.89,0.35,21.43,75.0,35.3,Avoid,avoid,2026-06-30 16:17:23
150369,NJ Overnight Fund - Direct Plan - Growth Option,INF0J8L01081,NJ Mutual Fund,Debt,Debt Scheme - Overnight Fund,1262.0881,29-06-2026,1081,0.41,1.25,2.52,5.25,5.79,6.11,,,0.02,-3.38,0,100.0,25.6,Avoid,avoid,2026-06-30 16:17:53
150404,BANDHAN MIDCAP FUND - GROWTH - DIRECT PLAN,INF194KB1DJ2,Bandhan Mutual Fund,Mid Cap,Equity Scheme - Mid Cap Fund,19.537,29-06-2026,956,2.77,19.23,7.96,6.38,5.83,20.26,,,4.27,0.81,22.71,100.0,58.2,Watch,watch,2026-06-30 16:17:53
150410,UTI Gilt Fund with 10 year Constant Duration - Direct Plan - Growth Option,INF789F1AVR7,UTI Mutual Fund,Debt,Debt Scheme - Gilt Fund with 10 year constant duration,13.365,29-06-2026,941,2.32,3.69,2.62,4.03,7.36,7.4,,,1.01,0.2,2.74,100.0,33.3,Avoid,avoid,2026-06-30 16:18:06
150407,Union Gilt Fund - Direct Plan - Growth Option,INF582M01HW2,Union Mutual Fund,Debt,Debt Scheme - Gilt Fund,12.6268,29-06-2026,934,3.85,6.27,2.37,2.35,4.95,6.02,,,2.01,-0.14,6.49,100.0,26.6,Avoid,avoid,2026-06-30 16:18:06
150428,DSP Nifty Midcap 150 Quality 50 Index Fund - Direct - Growth,INF740KA1RB9,DSP Mutual Fund,Index / ETF,Other Scheme - Index Funds,14.6124,29-06-2026,956,0.43,15.29,0.89,-4.28,-0.53,11.78,,,3.89,0.36,21.41,66.7,34.7,Avoid,avoid,2026-06-30 16:18:18
150487,Nippon India Nifty Alpha Low Volatility 30 Index Fund - Direct Plan - Growth Option,INF204KC1584,Nippon India Mutual Fund,Index / ETF,Other Scheme - Index Funds,15.819,29-06-2026,946,2.42,9.81,-1.9,-3.04,-2.95,11.7,,,3.86,0.37,24.91,33.3,30.4,Avoid,avoid,2026-06-30 16:16:38
150484,Aditya Birla Sun Life Long Duration Fund-Direct Growth,INF209KB17J2,Aditya Birla Sun Life Mutual Fund,Debt,Debt Scheme - Long Duration Fund,13.4776,29-06-2026,938,3.21,4.59,2.98,3.36,6.41,7.19,,,1.42,0.11,3.34,100.0,31.8,Avoid,avoid,2026-06-30 16:16:37
150505,Canara Robeco Banking and PSU Debt Fund- Direct Plan- Growth Option,INF760K01KC4,Canara Robeco Mutual Fund,Debt,Debt Scheme - Banking and PSU Fund,12.8365,29-06-2026,929,1.73,2.45,2.68,5.29,6.88,6.9,,,0.54,0.08,0.74,100.0,32.0,Avoid,avoid,2026-06-30 16:18:49
150481,Franklin India Balanced Advantage Fund- Growth- Direct,INF090I01WQ5,Franklin Templeton Mutual Fund,Hybrid,Hybrid Scheme - Dynamic Asset Allocation or Balanced Advantage,15.2741,29-06-2026,935,2.19,7.16,-0.45,0.74,4.58,11.83,,,2.16,0.67,8.1,100.0,44.2,Avoid,avoid,2026-06-30 16:16:38
150513,TRUSTMF MONEY MARKET FUND-DIRECT PLAN-GROWTH,INF0GCD01503,Trust Mutual Fund,Debt,Debt Scheme - Money Market Fund,1305.1292,29-06-2026,934,1.04,1.86,3.24,6.31,7.16,7.17,,,0.19,0.72,0.08,100.0,39.5,Avoid,avoid,2026-06-30 16:18:49
150452,ICICI Prudential Nifty 200 Momentum 30 Index Fund - Direct Plan - Growth,INF109KC11D8,ICICI Prudential Mutual Fund,Index / ETF,Other Scheme - Index Funds,16.8088,29-06-2026,954,1.43,14.23,0.29,-3.14,-6.4,13.23,,,4.36,0.41,31.82,33.3,32.4,Avoid,avoid,2026-06-30 16:18:19
150515,Navi Nifty India Manufacturing Index Fund- Direct Plan- Growth,INF959L01GD6,Navi Mutual Fund,Index / ETF,Other Scheme - Index Funds,19.2292,29-06-2026,942,-0.3,12.86,4.28,9.32,4.35,20.15,,,4.07,0.87,23.03,66.7,56.5,Watch,watch,2026-06-30 16:18:49
150468,ICICI Prudential Nifty IT Index Fund - Direct Plan - Growth,INF109KC13E2,ICICI Prudential Mutual Fund,Index / ETF,Other Scheme - Index Funds,9.5899,29-06-2026,947,-7.04,-6.48,-28.16,-29.27,-12.0,-1.25,,,6.88,-0.29,39.43,66.7,12.7,Avoid,avoid,2026-06-30 16:16:38
150470,Mirae Asset Balanced Advantage Fund Direct Plan- Growth,INF769K01IN6,Mirae Asset Mutual Fund,Hybrid,Hybrid Scheme - Dynamic Asset Allocation or Balanced Advantage,15.305,29-06-2026,951,1.75,6.88,0.66,3.39,6.41,11.54,,,2.06,0.63,7.52,100.0,43.5,Avoid,avoid,2026-06-30 16:18:37
150443,Motilal Oswal BSE Financials ex Bank 30 Index Fund Direct Growth,INF247L01BC9,Motilal Oswal Mutual Fund,Index / ETF,Other Scheme - Index Funds,17.4374,29-06-2026,956,2.31,13.96,-4.39,-1.47,7.87,15.2,,,4.88,0.55,17.81,66.7,42.2,Avoid,avoid,2026-06-30 16:18:19
150440,quant Large Cap Fund - Growth Option - Direct Plan,INF966L01AT0,quant Mutual Fund,Large Cap,Equity Scheme - Large Cap Fund,16.532,29-06-2026,951,0.47,20.12,3.63,3.32,2.23,15.57,,,4.92,0.58,21.11,100.0,46.7,Avoid,avoid,2026-06-30 16:18:18
150518,Motilal Oswal BSE Enhanced Value Index Fund-Direct plan,INF247L01BF2,Motilal Oswal Mutual Fund,Index / ETF,Other Scheme - Index Funds,27.7279,29-06-2026,942,-2.38,8.14,-0.47,7.88,4.49,28.1,,,5.59,1.03,21.81,100.0,68.7,Watch,watch,2026-06-30 16:18:49
150521,Motilal Oswal BSE Quality Index Fund-Direct plan,INF247L01BI6,Motilal Oswal Mutual Fund,Index / ETF,Other Scheme - Index Funds,17.41,29-06-2026,942,-2.19,11.87,-0.13,-0.95,-0.55,14.39,,,3.83,0.49,24.38,33.3,36.4,Avoid,avoid,2026-06-30 16:18:49
150532,Tata Housing Opportunities Fund - Direct Plan - Growth,INF277KA1497,Tata Mutual Fund,Thematic,Equity Scheme - Sectoral/ Thematic,15.8628,29-06-2026,933,3.1,17.8,0.82,-2.04,-2.6,10.94,,,5.21,0.3,24.19,33.3,27.5,Avoid,avoid,2026-06-30 16:19:13
150539,ICICI Prudential PSU Equity Fund - Direct Plan - Growth,INF109KC12I5,ICICI Prudential Mutual Fund,Sectoral,Equity Scheme - Sectoral/ Thematic,22.98,29-06-2026,931,-0.04,7.43,4.74,5.9,3.05,25.45,,,3.96,1.02,23.03,100.0,68.5,Watch,watch,2026-06-30 16:19:13
118302,Canara Robeco InDiGo Fund - Direct Plan - Growth,,Canara Robeco Mutual Fund,Other,Income,15.5892,11-05-2018,1287,0.0,0.0,0.0,0.0,0.0,0.0,0.0,0.0,0.0,,4.51,0.0,12.0,Avoid,avoid,2026-06-29 16:46:29
118312,Canara Robeco Short Term Fund- Direct Plan - Growth,,Canara Robeco Mutual Fund,Other,Income,19.9178,11-05-2018,1287,0.0,0.0,0.0,0.0,0.0,0.0,0.0,0.0,0.0,,1.48,0.0,12.3,Avoid,avoid,2026-06-29 16:46:30
118297,Canara Robeco Gilt Advantage Fund - Direct Plan - Growth Option,,Canara Robeco Mutual Fund,Debt,Income,14.4037,21-12-2015,712,0.0,0.0,0.0,0.0,0.0,0.0,0.0,0.0,0.0,,0,0.0,12.5,Avoid,avoid,2026-06-29 16:46:29
118301,Canara Robeco Gold Savings Fund - Direct Plan - Growth Option,,Canara Robeco Mutual Fund,Gold,Other Scheme - FoF Domestic,11.3985,08-11-2019,1681,0.0,0.0,0.0,0.0,0.0,0.0,0.0,0.0,0.0,,30.49,0.0,9.3,Avoid,avoid,2026-06-29 16:46:29
118344,IDBI India Top 100 Equity Fund Growth Direct,,IDBI Mutual Fund,Large Cap,Equity Scheme - Large Cap Fund,49.56,27-07-2023,2602,0.0,0.0,0.0,0.0,0.0,0.63,6.15,5.21,0.0,-16.98,34.61,60.0,13.1,Avoid,avoid,2026-06-29 16:46:34
118341,IDBI Gilt Fund Growth Direct,,IDBI Mutual Fund,Debt,Debt Scheme - Gilt Fund,19.2056,07-12-2022,2396,0.0,0.0,0.0,0.0,0.0,0.0,1.1,0.99,0.0,,9.39,40.0,16.5,Avoid,avoid,2026-06-29 16:46:31
118343,IDBI GOLD FUND Direct,,IDBI Mutual Fund,Gold,Other Scheme - FoF Domestic,16.7402,27-07-2023,2553,0.0,0.0,0.0,0.0,0.0,0.85,3.95,4.71,0.0,-34.5,29.94,60.0,13.5,Avoid,avoid,2026-06-29 16:46:33
118348,IDBI Nifty Next 50 Index Fund Growth Direct,,IDBI Mutual Fund,Index / ETF,Other Scheme - Index Funds,36.1645,27-07-2023,2602,0.0,0.0,0.0,0.0,0.0,0.74,5.31,3.32,0.0,-10.35,40.59,40.0,10.6,Avoid,avoid,2026-06-29 16:46:47
118345,IDBI Liquid Fund Growth Direct,,IDBI Mutual Fund,Debt,Formerly Known as IIFL Mutual Fund,2475.0029,27-07-2023,3201,0.0,0.0,0.0,0.0,0.0,0.17,1.69,2.09,0.0,-53.3,0.2,60.0,16.0,Avoid,avoid,2026-06-29 16:46:36
118530,Franklin India Low Duration Fund - Direct - Growth,,Franklin Templeton Mutual Fund,Debt,Debt Scheme - Low Duration Fund,28.6858,07-08-2022,2316,0.0,0.0,0.0,0.0,0.0,0.0,0.18,3.27,0.0,,10.64,40.0,16.4,Avoid,avoid,2026-06-29 16:47:11
118644,Edelweiss Emerging Leaders Fund - Direct Plan- Growth,,Edelweiss Mutual Fund,Other,Income,23.6,25-11-2016,956,0.0,0.0,0.0,0.0,0.0,0.0,0.0,0.0,0.0,,25.55,0.0,9.8,Avoid,avoid,2026-06-29 16:48:10
118646,Edelweiss Short Term Income Fund - Direct Plan- Growth Option,,Edelweiss Mutual Fund,Other,Income,17.409,11-04-2016,760,0.0,0.0,0.0,0.0,0.0,0.0,0.0,0.0,0.0,,1.83,0.0,12.3,Avoid,avoid,2026-06-29 16:48:10
118648,Edelweiss Bond Fund  -Direct Plan- Growth Option,,Edelweiss Mutual Fund,Other,Income,1915.388,25-11-2016,933,0.0,0.0,0.0,0.0,0.0,0.0,0.0,0.0,0.0,,0.55,0.0,12.4,Avoid,avoid,2026-06-29 16:48:10
118305,CANARA ROBECO LIQUID FUND - DIRECT PLAN - GROWTH OPTION,INF760K01FU6,Canara Robeco Mutual Fund,Debt,Debt Scheme - Liquid Fund,3359.4907,28-06-2026,4152,0.58,1.74,3.27,6.32,6.81,6.99,6.87,6.2,0.06,0.82,0.18,100.0,34.2,Avoid,avoid,2026-06-29 16:46:41
118309,CANARA ROBECO CONSERVATIVE HYBRID FUND - DIRECT PLAN - GROWTH OPTION,INF760K01GB4,Canara Robeco Mutual Fund,Index / ETF,Hybrid Scheme - Conservative Hybrid Fund,114.6663,25-06-2026,3252,2.45,5.14,1.83,2.94,6.02,8.37,8.93,7.74,1.37,0.37,10.15,100.0,30.3,Avoid,avoid,2026-06-29 16:46:41
118299,CANARA ROBECO GILT FUND - DIRECT PLAN - GROWTH OPTION,INF760K01FC4,Canara Robeco Mutual Fund,Debt,Debt Scheme - Gilt Fund,83.0555,25-06-2026,3252,1.45,2.7,1.89,2.56,5.19,6.26,6.59,5.59,0.98,-0.16,7.84,100.0,23.3,Avoid,avoid,2026-06-29 16:46:41
118317,CANARA ROBECO ULTRA SHORT TERM FUND - DIRECT PLAN - GROWTH OPTION,INF760K01GM1,Canara Robeco Mutual Fund,Debt,Debt Scheme - Ultra Short Duration Fund,4297.3677,25-06-2026,3252,0.8,1.83,3.21,6.32,7.01,7.02,6.86,6.14,0.15,0.5,0.63,100.0,31.5,Avoid,avoid,2026-06-29 16:46:41
118320,CANARA ROBECO SHORT DURATION FUND - DIRECT PLAN - GROWTH OPTION,INF760K01DX5,Canara Robeco Mutual Fund,Debt,Debt Scheme - Short Duration Fund,29.262,25-06-2026,3252,1.1,1.94,2.68,5.43,7.14,7.09,6.94,6.06,0.33,0.28,2.15,100.0,29.2,Avoid,avoid,2026-06-29 16:46:41
118510,Franklin India Large & Mid Cap Fund - Direct - Growth,INF090I01IN1,Franklin Templeton Mutual Fund,Mid Cap,Equity Scheme - Large & Mid Cap Fund,206.8759,25-06-2026,3316,2.5,11.56,-4.02,-3.79,3.04,13.52,15.12,11.52,4.2,0.48,41.78,60.0,34.0,Avoid,avoid,2026-06-29 16:47:21
118535,Franklin India Flexi Cap Fund - Direct - Growth,INF090I01FK3,Franklin Templeton Mutual Fund,Multi Cap,Equity Scheme - Flexi Cap Fund,1796.1107,25-06-2026,3317,3.44,10.89,-3.0,-3.73,2.01,14.96,17.69,14.54,4.34,0.59,37.72,80.0,42.3,Avoid,avoid,2026-06-29 16:47:39
118533,Franklin India Mid Cap Fund - Direct - Growth,INF090I01FH9,Franklin Templeton Mutual Fund,Mid Cap,Equity Scheme - Mid Cap Fund,3118.6213,25-06-2026,3317,2.74,15.32,-1.07,-0.86,3.61,18.3,21.96,15.62,5.11,0.72,36.59,60.0,47.1,Avoid,avoid,2026-06-29 16:47:22
118525,Franklin India Small Cap Fund - Direct - Growth,INF090I01IQ4,Franklin Templeton Mutual Fund,Small Cap,Equity Scheme - Small Cap Fund,201.1583,25-06-2026,3317,3.83,21.99,8.07,1.63,-0.18,17.13,22.96,18.89,6.28,0.54,49.92,80.0,47.3,Avoid,avoid,2026-06-29 16:47:21
118531,Franklin India Large Cap Fund- Direct - Growth,INF090I01FN7,Franklin Templeton Mutual Fund,Large Cap,Equity Scheme - Large Cap Fund,1116.4448,25-06-2026,3316,2.88,8.45,-5.22,-3.33,2.59,11.26,13.23,9.82,3.74,0.36,36.25,60.0,28.7,Avoid,avoid,2026-06-29 16:47:22
118539,Franklin India Opportunities Fund - Direct - Growth,INF090I01GC8,Franklin Templeton Mutual Fund,Thematic,Equity Scheme - Sectoral/ Thematic,289.1801,25-06-2026,3316,4.09,16.47,1.42,3.72,4.5,24.81,27.53,20.27,4.86,0.99,39.34,80.0,65.6,Watch,watch,2026-06-29 16:47:43
118537,Franklin India Technology Fund - Direct - Growth,INF090I01FE6,Franklin Templeton Mutual Fund,Sectoral,Equity Scheme - Sectoral/ Thematic,479.485,25-06-2026,3314,-3.9,2.21,-20.32,-17.01,-5.39,10.89,13.09,8.21,4.91,0.22,30.75,60.0,25.2,Avoid,avoid,2026-06-29 16:47:43
118585,Nippon India Arbitrage Fund - Direct Plan Growth Plan - Growth Option,INF204K01XZ7,Nippon India Mutual Fund,Hybrid,Hybrid Scheme - Arbitrage Fund,30.5502,29-06-2026,3315,0.99,1.55,3.3,6.53,7.03,7.46,7.27,6.66,0.19,1.03,0.62,100.0,36.5,Avoid,avoid,2026-06-30 16:07:12
118736,Nippon India Balanced Advantage Fund - Direct Plan Growth Plan - Growth Option,INF204K01G94,Nippon India Mutual Fund,Hybrid,Hybrid Scheme - Dynamic Asset Allocation or Balanced Advantage,208.3308,25-06-2026,3314,2.72,8.27,1.31,3.67,6.02,12.15,12.98,10.89,2.75,0.64,22.79,100.0,39.1,Avoid,avoid,2026-06-29 16:48:36
120129,DHFL Pramerica Ultra Short Term Bond Fund - Direct Plan-Growth Option,,DHFL Pramerica Mutual Fund,Debt,Income,1616.744,03-03-2016,761,0.0,0.0,0.0,0.0,0.0,0.0,0.0,0.0,0.0,,0.61,0.0,12.4,Avoid,avoid,2026-06-29 16:53:29
120386,Sahara Star Value Fund-Growth - Direct,,Sahara Mutual Fund,Thematic,Growth,19.7852,27-03-2020,1779,0.0,0.0,0.0,0.0,0.0,0.0,0.0,0.0,0.0,,34.4,0.0,8.9,Avoid,avoid,2026-06-29 16:54:20
120134,BNP Paribas Short Term Fund - Direct Plan - Weekly Income Distribution cum Capital Withdrawal Option,,BNP Paribas Mutual Fund,Debt,Debt Scheme - Short Duration Fund,10.0,13-03-2022,2219,0.0,0.0,0.0,0.0,0.0,0.0,0.0,0.0,0.0,,2.87,0.0,12.2,Avoid,avoid,2026-06-29 16:53:30
120113,DHFL Pramerica Short Term Income Fund - Direct Plan-Growth Option,,DHFL Pramerica Mutual Fund,Other,Income,1554.3274,03-03-2016,758,0.0,0.0,0.0,0.0,0.0,0.0,0.0,0.0,0.0,,1.0,0.0,12.4,Avoid,avoid,2026-06-29 16:53:29
120119,DHFL Pramerica Treasury Advantage Fund - Direct Plan-Growth Option,,DHFL Pramerica Mutual Fund,Other,Income,1506.1537,03-03-2016,758,0.0,0.0,0.0,0.0,0.0,0.0,0.0,0.0,0.0,,1.65,0.0,12.3,Avoid,avoid,2026-06-29 16:53:29
120123,BNP Paribas LIQUID Fund - Direct Plan - Growth Option,,BNP Paribas Mutual Fund,Debt,Income,20.1814,27-06-2014,452,0.0,0.0,0.0,0.0,0.0,0.0,0.0,0.0,0.0,,0.14,0.0,12.5,Avoid,avoid,2026-06-29 16:53:29
120111,BNP Paribas Conservative Hybrid Fund - Direct Plan - Quarterly Income Distribution cum Capital Withdrawal Option,,BNP Paribas Mutual Fund,Index / ETF,Hybrid Scheme - Conservative Hybrid Fund,12.1672,13-03-2022,2219,0.0,0.0,0.0,0.0,0.0,0.0,0.0,0.04,0.0,,8.25,20.0,14.1,Avoid,avoid,2026-06-29 16:53:29
120131,BNP Paribas Short Term Fund - Direct Plan - Growth Option,,BNP Paribas Mutual Fund,Debt,Debt Scheme - Short Duration Fund,26.9804,13-03-2022,2219,0.0,0.0,0.0,0.0,0.0,0.0,0.0,0.64,0.0,,3.9,20.0,14.6,Avoid,avoid,2026-06-29 16:53:30
120133,BNP Paribas Short Term Fund - Direct Plan - Quarterly Income Distribution cum Capital Withdrawal Option,,BNP Paribas Mutual Fund,Debt,Debt Scheme - Short Duration Fund,10.6469,13-03-2022,2219,0.0,0.0,0.0,0.0,0.0,0.0,0.0,-0.07,0.0,,5.51,0.0,11.9,Avoid,avoid,2026-06-29 16:53:30
120132,BNP Paribas Short Term Fund - Direct Plan - Monthly Income Distribution cum Capital Withdrawal Option,,BNP Paribas Mutual Fund,Debt,Debt Scheme - Short Duration Fund,10.3327,13-03-2022,2219,0.0,0.0,0.0,0.0,0.0,0.0,0.0,-0.28,0.0,,6.58,0.0,11.8,Avoid,avoid,2026-06-29 16:53:29
120415,JM Floater Short Term Fund (Direct) - Growth Option,,JM Financial Mutual Fund,Debt,Liquid,24.6415,27-04-2017,1313,0.0,0.0,0.0,0.0,0.0,0.0,0.0,0.0,0.0,,0,0.0,12.5,Avoid,avoid,2026-06-29 16:54:30
120421,JM G-Sec Fund - (Direct) - Growth Option,,JM Financial Mutual Fund,Debt,Debt Scheme - Gilt Fund,63.7467,07-09-2019,1611,0.0,0.0,0.0,0.0,0.0,0.0,0.0,0.0,0.0,,6.52,0.0,11.8,Avoid,avoid,2026-06-29 16:54:30
120529,Aditya Birla Sun Life Buy India Fund - Growth - Direct Plan,,Aditya Birla Sun Life Mutual Fund,Other,Income,92.57,05-02-2016,760,0.0,0.0,0.0,0.0,0.0,0.0,0.0,0.0,0.0,,16.92,0.0,10.7,Avoid,avoid,2026-06-29 16:55:06
120533,Aditya Birla Sun Life Banking & PSU Debt Fund - Growth - Direct Plan,,Aditya Birla Sun Life Mutual Fund,Debt,Income,52.6749,01-06-2018,1303,0.0,0.0,0.0,0.0,0.0,0.0,0.0,0.0,0.0,,11.32,0.0,11.3,Avoid,avoid,2026-06-29 16:55:06
120385,Invesco India Financial Services Fund - Direct Plan - Growth,INF205K01KY4,Invesco Mutual Fund,Sectoral,Equity Scheme - Sectoral/ Thematic,178.98,25-06-2026,3316,4.65,16.73,3.17,5.94,11.79,19.66,23.85,16.77,5.37,0.82,42.4,80.0,52.9,Avoid,avoid,2026-06-29 16:54:23
120395,Invesco India PSU Equity Fund - Direct Plan - Growth,INF205K01NG5,Invesco Mutual Fund,Sectoral,Equity Scheme - Sectoral/ Thematic,78.43,25-06-2026,3316,0.18,9.37,1.11,1.74,-0.25,25.29,29.94,22.95,5.8,0.84,33.42,60.0,65.3,Watch,watch,2026-06-29 16:54:28
120392,Invesco India Largecap Fund - Direct Plan - Growth,INF205K01LB0,Invesco Mutual Fund,Large Cap,Equity Scheme - Large Cap Fund,85.9,25-06-2026,3316,4.08,16.05,0.54,0.83,4.92,15.14,17.65,14.24,4.86,0.56,36.85,100.0,43.8,Avoid,avoid,2026-06-29 16:54:29
120398,ICICI Prudential Savings Fund - Direct Plan - Growth,INF109K01O82,ICICI Prudential Mutual Fund,Debt,Debt Scheme - Low Duration Fund,587.4589,25-06-2026,3253,1.05,1.77,3.03,6.43,7.44,7.57,7.65,6.66,0.22,1.13,1.62,100.0,37.3,Avoid,avoid,2026-06-29 16:54:28
120425,ICICI Prudential Floating Interest Fund - Direct Plan - Growth,INF109K01P57,ICICI Prudential Mutual Fund,Debt,Debt Scheme - Floater Fund,496.635,25-06-2026,3253,1.34,2.08,3.28,6.98,8.06,8.24,8.4,7.23,0.31,1.45,1.84,100.0,41.1,Avoid,avoid,2026-06-29 16:54:42
120401,Invesco India Arbitrage Fund - Direct Plan - Growth Option,INF205K01KR8,Invesco Mutual Fund,Hybrid,Hybrid Scheme - Arbitrage Fund,36.7857,25-06-2026,3316,0.94,1.54,3.29,6.69,7.18,7.61,7.47,6.9,0.18,1.38,0.52,100.0,39.6,Avoid,avoid,2026-06-29 16:54:28
120405,Invesco India Infrastructure Fund - Direct Plan - Growth Option,INF205K01MD4,Invesco Mutual Fund,Sectoral,Equity Scheme - Sectoral/ Thematic,84.39,25-06-2026,3316,4.4,29.89,16.06,7.38,2.9,24.78,26.86,22.46,7.14,0.81,36.17,80.0,66.3,Watch,watch,2026-06-29 16:54:28
120403,Invesco India Midcap Fund - Direct Plan - Growth Option,INF205K01MV6,Invesco Mutual Fund,Mid Cap,Equity Scheme - Mid Cap Fund,235.25,25-06-2026,3316,5.8,24.08,6.87,8.67,13.26,26.17,27.76,21.61,6.1,1.01,34.09,80.0,68.9,Watch,watch,2026-06-29 16:54:29
120416,Invesco India ELSS Tax Saver Fund - Direct Plan - Growth,INF205K01NT8,Invesco Mutual Fund,ELSS,Equity Scheme - ELSS,145.79,25-06-2026,3316,4.95,17.27,-0.94,-3.78,1.55,13.63,16.36,11.65,5.23,0.44,35.82,60.0,33.9,Avoid,avoid,2026-06-29 16:54:42
120413,Invesco India Multicap Fund - Direct Plan - Growth Option,INF205K01MS2,Invesco Mutual Fund,Multi Cap,Equity Scheme - Multi Cap Fund,154.46,25-06-2026,3316,5.07,19.57,2.39,-3.02,3.03,15.77,18.52,13.62,5.45,0.54,37.98,60.0,39.5,Avoid,avoid,2026-06-29 16:54:36
120531,Invesco India Gold ETF Fund of Fund - Direct Plan - Growth,INF205K01NJ9,Invesco Mutual Fund,Gold,Other Scheme - FoF Domestic,40.4166,25-06-2026,3316,-10.3,-4.6,2.05,43.02,36.61,32.07,26.86,22.95,7.74,1.24,98.44,100.0,84.0,Strong Pick,strong,2026-06-29 16:55:13
120389,Axis Liquid Fund - Direct Plan - Growth Option,INF846K01CX4,Axis Mutual Fund,Debt,Debt Scheme - Liquid Fund,3119.0989,28-06-2026,4452,0.62,1.8,3.35,6.4,6.86,7.03,6.9,6.25,0.07,0.97,0.19,100.0,35.4,Avoid,avoid,2026-06-29 16:54:29
120539,Aditya Birla Sun Life Digital India Fund - Growth - Direct Plan,INF209K01VF2,Aditya Birla Sun Life Mutual Fund,Sectoral,Equity Scheme - Sectoral/ Thematic,160.11,25-06-2026,3314,-3.3,4.46,-20.27,-19.15,-6.07,4.39,7.53,5.48,6.12,-0.08,34.5,60.0,12.7,Avoid,avoid,2026-06-29 16:55:12
120548,Aditya Birla Sun Life MIP II - Savings 5 Plan - Monthly Growth /Payment - Direct Plan,,Aditya Birla Sun Life Mutual Fund,Other,Income,20.9817,05-04-2013,63,0.0,0.0,0.0,0.0,0.0,0.0,0.0,0.0,0.0,,0.81,0.0,12.4,Avoid,avoid,2026-06-29 16:55:07
120547,Aditya Birla Sun Life MIP - Direct Plan - Monthly Payment,,Aditya Birla Sun Life Mutual Fund,Other,Income,30.5128,05-04-2013,63,0.0,0.0,0.0,0.0,0.0,0.0,0.0,0.0,0.0,,1.61,0.0,12.3,Avoid,avoid,2026-06-29 16:55:06
120551,Birla Sun Life Regular Savings Fund - Direct Plan - Monthly Payment,,Aditya Birla Sun Life Mutual Fund,Other,Income,20.448,05-04-2013,63,0.0,0.0,0.0,0.0,0.0,0.0,0.0,0.0,0.0,,3.53,0.0,12.1,Avoid,avoid,2026-06-29 16:55:06
120552,Religare Invesco Monthly Income Plan - Direct Plan - Growth Option,,Invesco Mutual Fund,Other,Income,1498.8008,29-01-2016,738,0.0,0.0,0.0,0.0,0.0,0.0,0.0,0.0,0.0,,3.72,0.0,12.1,Avoid,avoid,2026-06-30 16:08:08
120557,Religare Invesco Overnight Fund - Direct Plan - Growth,,Invesco Mutual Fund,Debt,Income,1756.8099,12-04-2016,986,0.0,0.0,0.0,0.0,0.0,0.0,0.0,0.0,0.0,,0.01,0.0,12.5,Avoid,avoid,2026-06-30 16:08:09
120554,Invesco India Regular Savings Fund - Direct Plan  - Growth,,Invesco Mutual Fund,Index / ETF,Hybrid Scheme - Conservative Hybrid Fund,1901.9932,24-04-2019,1517,0.0,0.0,0.0,0.0,0.0,0.0,0.0,0.0,0.0,,3.88,0.0,12.1,Avoid,avoid,2026-06-30 16:08:09
120406,JM Liquid Fund (Direct) - Growth Option,INF192K01CM6,JM Financial Mutual Fund,Debt,Debt Scheme - Liquid Fund,76.4722,28-06-2026,4120,0.59,1.74,3.24,6.22,6.71,6.9,6.79,6.16,0.06,0.5,0.18,100.0,31.4,Avoid,avoid,2026-06-29 16:54:29
120537,Invesco India Liquid Fund - Direct Plan - Growth,INF205K01MF9,Invesco Mutual Fund,Debt,Debt Scheme - Liquid Fund,3847.1706,28-06-2026,4125,0.6,1.78,3.3,6.32,6.79,6.97,6.84,6.19,0.06,0.72,0.23,100.0,33.3,Avoid,avoid,2026-06-29 16:55:13
120658,UTI - Master Plus Unit Scheme-Growth Option - Direct,,UTI Mutual Fund,Other,Income,119.1023,10-07-2014,377,0.0,0.0,0.0,0.0,0.0,0.0,0.0,0.0,0.0,,13.67,0.0,11.1,Avoid,avoid,2026-06-29 16:55:41
120659,TI - Master Plus Unit Scheme-Income Option - Direct,,UTI Mutual Fund,Other,Income,83.2082,10-07-2014,377,0.0,0.0,0.0,0.0,0.0,0.0,0.0,0.0,0.0,,13.67,0.0,11.1,Avoid,avoid,2026-06-29 16:55:41
120668,ICICI Prudential MIP - Direct Plan -  Growth,,ICICI Prudential Mutual Fund,Other,Income,49.7829,25-05-2018,1297,0.0,0.0,0.0,0.0,0.0,0.0,0.0,0.0,0.0,,8.14,0.0,11.7,Avoid,avoid,2026-06-29 16:55:41
120541,Invesco India Ultra Short Duration Fund - Direct Plan - Growth,INF205K01TH0,Invesco Mutual Fund,Debt,Debt Scheme - Ultra Short Duration Fund,3067.1159,25-06-2026,3252,0.84,1.85,3.29,6.54,7.25,7.32,7.16,6.46,0.14,1.2,2.69,100.0,37.5,Avoid,avoid,2026-06-29 16:55:12
120546,Aditya Birla Sun Life Gold Fund - Growth - Direct Plan,INF209K01YU5,Aditya Birla Sun Life Mutual Fund,Gold,Other Scheme - FoF Domestic,41.8818,25-06-2026,3305,-10.72,-4.74,1.29,44.22,37.76,32.68,27.42,23.13,8.6,1.17,27.3,100.0,86.1,Strong Pick,strong,2026-06-29 16:55:12
120560,Invesco India Short Duration Fund - Direct Plan - Growth,INF205K01UH8,Invesco Mutual Fund,Debt,Debt Scheme - Short Duration Fund,4177.5198,29-06-2026,3253,1.68,2.35,2.88,5.77,7.7,7.55,7.29,6.38,0.5,0.53,2.82,100.0,31.9,Avoid,avoid,2026-06-30 16:08:20
120564,Aditya Birla Sun Life Flexi Cap Fund - Growth - Direct Plan,INF209K01XX1,Aditya Birla Sun Life Mutual Fund,Multi Cap,Equity Scheme - Flexi Cap Fund,2117.56,29-06-2026,3316,1.89,13.57,0.49,4.3,7.11,16.3,18.06,13.32,3.6,0.71,38.59,80.0,44.5,Avoid,avoid,2026-06-30 16:08:20
120621,ICICI Prudential Infrastructure Fund - Direct Plan -  Growth,INF109K018M4,ICICI Prudential Mutual Fund,Sectoral,Equity Scheme - Sectoral/ Thematic,223.97,25-06-2026,3316,2.46,16.8,5.47,3.57,4.82,22.71,27.38,25.02,5.43,0.92,46.83,100.0,65.6,Watch,watch,2026-06-29 16:55:47
120656,UTI Large Cap Fund - Direct Plan - Growth Option,INF789F01US8,UTI Mutual Fund,Large Cap,Equity Scheme - Large Cap Fund,288.6361,25-06-2026,3316,2.2,8.75,-6.94,-5.66,0.26,9.02,11.82,9.3,4.31,0.19,34.65,60.0,23.3,Avoid,avoid,2026-06-29 16:55:53
120665,UTI Large & Mid Cap Fund - Direct Plan - Growth Option,INF789F01UG3,UTI Mutual Fund,Mid Cap,Equity Scheme - Large & Mid Cap Fund,198.0153,25-06-2026,3316,2.28,11.66,-1.23,1.45,5.25,18.24,20.78,16.11,4.62,0.76,41.5,80.0,49.7,Avoid,avoid,2026-06-29 16:55:54
120679,ICICI Prudential Dynamic Asset Allocation Active FOF - Direct Plan - Growth,INF109K01X16,ICICI Prudential Mutual Fund,Fund of Funds,Other Scheme - FoF Domestic,138.0403,25-06-2026,3278,1.9,7.81,0.09,3.03,7.57,12.39,13.44,12.09,2.61,0.75,26.35,100.0,41.3,Avoid,avoid,2026-06-29 16:56:00
120670,ICICI Prudential Medium Term Bond Fund - Direct Plan - Growth,INF109K015A5,ICICI Prudential Mutual Fund,Debt,Debt Scheme - Medium Duration Fund,53.0707,25-06-2026,3237,1.64,2.91,3.56,7.64,8.87,8.48,8.41,7.49,0.53,1.17,5.14,100.0,39.1,Avoid,avoid,2026-06-29 16:55:54
120674,UTI Aggressive Hybrid Fund -Direct Plan - Growth,INF789F01SK9,UTI Mutual Fund,Hybrid,Hybrid Scheme - Aggressive Hybrid Fund,437.7044,25-06-2026,3316,2.4,7.64,-2.75,-0.55,3.83,12.98,15.41,12.98,3.36,0.56,32.44,80.0,38.6,Avoid,avoid,2026-06-29 16:55:54
120676,ICICI Prudential Ultra Short Term Fund - Direct Plan -  Growth,INF109K01T04,ICICI Prudential Mutual Fund,Debt,Debt Scheme - Ultra Short Duration Fund,31.9394,25-06-2026,3248,0.86,1.72,3.21,6.58,7.31,7.4,7.27,6.65,0.14,1.3,7.49,100.0,38.1,Avoid,avoid,2026-06-29 16:55:54
120662,UTI - Flexi Cap Fund-Growth Option - Direct,INF789F01TC4,UTI Mutual Fund,Multi Cap,Equity Scheme - Flexi Cap Fund,332.9115,25-06-2026,3315,4.43,15.09,-3.21,-5.67,1.73,7.98,10.5,6.68,4.56,0.14,33.86,60.0,19.9,Avoid,avoid,2026-06-29 16:55:53
120685,ICICI Prudential Gold ETF FOF - Direct Plan - Growth,INF109K01U92,ICICI Prudential Mutual Fund,Gold,Other Scheme - FoF Domestic,44.2692,25-06-2026,3257,-10.94,-5.44,1.04,43.73,37.18,32.51,27.14,23.15,8.32,1.19,25.8,100.0,86.4,Strong Pick,strong,2026-06-29 16:56:02
120684,ICICI Prudential Nifty Next 50 Index Fund - Direct Plan -  Growth,INF109K01Y80,ICICI Prudential Mutual Fund,Index / ETF,Other Scheme - Index Funds,67.0157,25-06-2026,3316,1.49,19.52,5.34,5.52,0.74,18.49,18.9,13.81,6.13,0.65,41.09,60.0,44.2,Avoid,avoid,2026-06-29 16:56:02
120682,UTI - MNC Fund - Growth Option - Direct,INF789F01UD0,UTI Mutual Fund,Thematic,Equity Scheme - Sectoral/ Thematic,442.4114,25-06-2026,3316,2.09,13.69,-1.2,2.26,0.07,10.54,12.8,10.38,4.53,0.3,31.58,80.0,29.6,Avoid,avoid,2026-06-29 16:56:01
126619,JPMorgan Europe Dynamic Equity Offshore Fund - Growth Option - Direct Plan,,JPMorgan Mutual Fund,International,Income,9.7362,24-11-2016,669,0.0,0.0,0.0,0.0,0.0,0.0,0.0,0.0,0.0,,18.85,0.0,10.5,Avoid,avoid,2026-06-29 16:58:08
126629,UTI FTIF Series XVII -VI (366 DAYS)- Growth Option - Direct,,UTI Mutual Fund,Other,Income,10.9346,08-01-2015,234,0.0,0.0,0.0,0.0,0.0,0.0,0.0,0.0,0.0,,0.14,0.0,12.5,Avoid,avoid,2026-06-29 16:58:08
125307,PGIM India Midcap Fund - Direct Plan - Growth Option,INF663L01DV3,PGIM India Mutual Fund,Mid Cap,Equity Scheme - Mid Cap Fund,75.7,25-06-2026,3088,2.08,15.86,2.28,-0.7,3.33,12.85,15.34,13.64,4.89,0.42,36.43,80.0,36.7,Avoid,avoid,2026-06-29 16:57:51
125354,Axis Small Cap Fund - Direct Plan - Growth,INF846K01K35,Axis Mutual Fund,Small Cap,Equity Scheme - Small Cap Fund,130.06,25-06-2026,3095,4.58,20.23,7.43,4.37,6.86,16.96,20.19,17.86,5.16,0.61,34.64,100.0,50.6,Avoid,avoid,2026-06-29 16:57:48
125345,360 ONE LIQUID FUND DIRECT PLAN  GROWTH,INF579M01621,360 ONE Mutual Fund,Debt,Debt Scheme - Liquid Fund,2145.9837,28-06-2026,3605,0.56,1.67,3.17,6.12,6.61,6.78,6.68,6.03,0.06,-0.01,0.04,100.0,27.1,Avoid,avoid,2026-06-29 16:57:52
131067,UTI FTIF Series XIX - XV (1101 Days) - Quarterly Div Option - Direct,,UTI Mutual Fund,Other,IDF,10.0169,16-08-2017,722,0.0,0.0,0.0,0.0,0.0,0.0,0.0,0.0,0.0,,3.44,0.0,12.1,Avoid,avoid,2026-06-29 16:59:25
131073,UTI FTIF Series XIX - XV (1101 Days) - Annual Div Option - Direct,,UTI Mutual Fund,Other,IDF,10.0129,16-08-2017,722,0.0,0.0,0.0,0.0,0.0,0.0,0.0,0.0,0.0,,9.05,0.0,11.6,Avoid,avoid,2026-06-29 16:59:25
131071,UTI FTIF Series XIX - XV (1101 Days) - Growth Option - Direct,,UTI Mutual Fund,Other,IDF,13.0987,16-08-2017,722,0.0,0.0,0.0,0.0,0.0,0.0,0.0,0.0,0.0,,0.32,0.0,12.5,Avoid,avoid,2026-06-29 16:59:33
131078,Reliance Fixed Horizon Fund XXVII- Series 4- Direct Plan- Growth Option,,Reliance Mutual Fund,Other,1099 Days,13.0113,14-09-2017,726,0.0,0.0,0.0,0.0,0.0,0.0,0.0,0.0,0.0,,0.36,0.0,12.5,Avoid,avoid,2026-06-29 16:59:33
131136,DWS Corporate Debt Opportunities Fund - Direct Plan - Growth,,Deutsche Mutual Fund,Debt,Income,11.759,02-03-2016,341,0.0,0.0,0.0,0.0,0.0,0.0,0.0,0.0,0.0,,0.36,0.0,12.5,Avoid,avoid,2026-06-29 16:59:33
131155,UTI FTIF Series XIX - XVIII (1105 Days) - Annual Div Option - Direct,,UTI Mutual Fund,Other,IDF,10.0191,23-08-2017,723,0.0,0.0,0.0,0.0,0.0,0.0,0.0,0.0,0.0,,9.17,0.0,11.5,Avoid,avoid,2026-06-29 16:59:33
131083,Axis Hybrid Fund - Series 15 - Direct Plan - Growth,,Axis Mutual Fund,Hybrid,Income,12.8871,14-03-2018,836,0.0,0.0,0.0,0.0,0.0,0.0,0.0,0.0,0.0,,13.01,0.0,11.1,Avoid,avoid,2026-06-29 16:59:33
131107,UTI FTIF Series XIX - XX (1099 Days) - Growth Option - Direct,,UTI Mutual Fund,Other,IDF,13.1183,07-09-2017,720,0.0,0.0,0.0,0.0,0.0,0.0,0.0,0.0,0.0,,0.35,0.0,12.5,Avoid,avoid,2026-06-29 16:59:33
131156,UTI FTIF Series XIX - XVIII (1105 Days) - Quarterly Div Option  -Direct,,UTI Mutual Fund,Other,IDF,10.0218,23-08-2017,723,0.0,0.0,0.0,0.0,0.0,0.0,0.0,0.0,0.0,,3.45,0.0,12.1,Avoid,avoid,2026-06-29 16:59:33
131168,Reliance Fixed Horizon Fund - XXVII - Series 5 - Direct Plan - Growth Option,,Reliance Mutual Fund,Other,1099 Days,13.0503,28-09-2017,726,0.0,0.0,0.0,0.0,0.0,0.0,0.0,0.0,0.0,,0.32,0.0,12.5,Avoid,avoid,2026-06-29 16:59:33
131207,UTI FTIF Series XIX - XIX (1101 Days) - Annual Div Option - Direct,,UTI Mutual Fund,Other,IDF,10.0111,31-08-2017,722,0.0,0.0,0.0,0.0,0.0,0.0,0.0,0.0,0.0,,8.99,0.0,11.6,Avoid,avoid,2026-06-29 16:59:33
131209,UTI FTIF Series XIX - XIX (1101 Days) - Quarterly Div Option - Direct,,UTI Mutual Fund,Other,IDF,10.0,31-08-2017,722,0.0,0.0,0.0,0.0,0.0,0.0,0.0,0.0,0.0,,3.54,0.0,12.1,Avoid,avoid,2026-06-29 16:59:33
131164,UTI Multi Cap Fund - Growth Option - Direct,,UTI Mutual Fund,Multi Cap,Income,14.2467,02-05-2018,904,0.0,0.0,0.0,0.0,0.0,0.0,0.0,0.0,0.0,,18.58,0.0,10.6,Avoid,avoid,2026-06-29 16:59:33
131213,UTI FTIF Series XIX - XIX (1101 Days) - Growth Option - Direct,,UTI Mutual Fund,Other,IDF,13.1022,31-08-2017,722,0.0,0.0,0.0,0.0,0.0,0.0,0.0,0.0,0.0,,0.35,0.0,12.5,Avoid,avoid,2026-06-29 16:59:34
133035,Kotak Aggressive Hybrid Fund - Direct Plan -Growth,INF174K01F00,Kotak Mahindra Mutual Fund,Hybrid,Hybrid Scheme - Aggressive Hybrid Fund,76.596,25-06-2026,2864,2.78,12.44,2.5,3.94,6.22,14.65,16.11,13.56,4.15,0.63,32.14,100.0,43.8,Avoid,avoid,2026-06-29 16:59:54
135703,UTI FTIF Series XXIII-VIII (1100 Days)- Direct Plan - Annual Div Option,,UTI Mutual Fund,Other,IDF,10.0,27-11-2018,723,0.0,0.0,0.0,0.0,0.0,0.0,0.0,0.0,0.0,,9.1,0.0,11.6,Avoid,avoid,2026-06-29 17:01:16
135710,SBI DEBT FUND SERIES B - 27 (1100 DAYS) - DIRECT PLAN - GROWTH,,SBI Mutual Fund,Debt,IDF,12.5564,20-11-2018,127,0.0,0.0,0.0,0.0,0.0,0.0,0.0,0.0,0.0,,0,0.0,12.5,Avoid,avoid,2026-06-29 17:01:16
135718,ICICI Prudential Multiple Yield Fund - Series 10 - 1775 Days Plan A Direct Plan Cumulative Option,,ICICI Prudential Mutual Fund,Other,Income,14.2742,16-10-2020,555,0.0,0.0,0.0,0.0,0.0,0.0,0.0,0.0,0.0,,8.73,0.0,11.6,Avoid,avoid,2026-06-29 17:01:16
135749,Principal Retirement Savings Fund - Progressive Plan - Direct Sub-Plan - Growth,,Principal Mutual Fund,Other,Solution Oriented Scheme - Retirement Fund,16.0857,24-12-2020,1226,0.0,0.0,0.0,0.0,0.0,0.0,0.0,0.0,0.0,,34.89,0.0,8.9,Avoid,avoid,2026-06-29 17:01:16
135751,Principal Retirement Savings Fund - Conservative Plan - Direct Sub-Plan - Growth,,Principal Mutual Fund,Index / ETF,Solution Oriented Scheme - Retirement Fund,13.5059,24-12-2020,1226,0.0,0.0,0.0,0.0,0.0,0.0,0.0,0.0,0.0,,10.84,0.0,11.4,Avoid,avoid,2026-06-29 17:01:16
135753,Principal Retirement Savings Fund - Moderate Plan - Direct Sub-Plan - Growth,,Principal Mutual Fund,Other,Solution Oriented Scheme - Retirement Fund,14.7174,24-12-2020,1226,0.0,0.0,0.0,0.0,0.0,0.0,0.0,0.0,0.0,,17.3,0.0,10.7,Avoid,avoid,2026-06-29 17:01:16
135786,SBI DEBT FUND SERIES B - 28 (1100 DAYS) - DIRECT PLAN - GROWTH,,SBI Mutual Fund,Debt,IDF,12.5556,30-11-2018,135,0.0,0.0,0.0,0.0,0.0,0.0,0.0,0.0,0.0,,0.03,0.0,12.5,Avoid,avoid,2026-06-29 17:01:17
135767,Reliance Fixed Horizon Fund XXIX- Series 16- Direct Plan-Growth Option,,Reliance Mutual Fund,Other,IDF,12.9634,09-04-2019,808,0.0,0.0,0.0,0.0,0.0,0.0,0.0,0.0,0.0,,0.5,0.0,12.4,Avoid,avoid,2026-06-29 17:01:16
135772,SUNDARAM SELECT MICRO CAP SERIES X - DIRECT PLAN - GROWTH,,Sundaram Mutual Fund,Other,Growth,11.0561,07-12-2020,1228,0.0,0.0,0.0,0.0,0.0,0.0,0.0,0.0,0.0,,57.51,0.0,6.5,Avoid,avoid,2026-06-29 17:01:16
140011,SBI Debt Fund Series B - 44 (1100 Days) - Direct plan - Growth,,SBI Mutual Fund,Debt,IDF,12.2048,17-10-2019,412,0.0,0.0,0.0,0.0,0.0,0.0,0.0,0.0,0.0,,0.2,0.0,12.5,Avoid,avoid,2026-06-29 17:02:13
139993,ICICI Prudential Multiple Yield Fund - Series 11 - Plan C 1387 Days Direct Plan Cumulative Option,,ICICI Prudential Mutual Fund,Other,Income,12.6591,03-08-2020,502,0.0,0.0,0.0,0.0,0.0,0.0,0.0,0.0,0.0,,5.38,0.0,11.9,Avoid,avoid,2026-06-29 17:02:13
140017,HDFC DAF - III - 1267D October 2016 - Direct Option - Growth Option,,HDFC Mutual Fund,Other,Income,12.1655,13-04-2020,835,0.0,0.0,0.0,0.0,0.0,0.0,0.0,0.0,0.0,,3.89,0.0,12.1,Avoid,avoid,2026-06-29 17:02:14
140031,ICICI Prudential Value Fund - Series 9 - Direct Plan - Cumulative Option,,ICICI Prudential Mutual Fund,Thematic,Growth,12.6,01-11-2019,324,0.0,0.0,0.0,0.0,0.0,0.0,0.0,0.0,0.0,,13.79,0.0,11.1,Avoid,avoid,2026-06-29 17:02:14
140033,UTI FTIF Series XXV-VIII (1100 Days)- Direct Plan - Growth Option,,UTI Mutual Fund,Other,IDF,11.4458,29-10-2019,725,0.0,0.0,0.0,0.0,0.0,0.0,0.0,0.0,0.0,,7.74,0.0,11.7,Avoid,avoid,2026-06-29 17:02:14
140037,UTI FTIF Series XXV-VIII (1100 Days)- Direct Plan - Quarterly Div Option,,UTI Mutual Fund,Other,IDF,9.6273,29-10-2019,725,0.0,0.0,0.0,0.0,0.0,0.0,0.0,0.0,0.0,,8.72,0.0,11.6,Avoid,avoid,2026-06-29 17:02:14
140034,UTI FTIF Series XXV-VIII(1100 Days)- Direct Plan - Annual Div Option,,UTI Mutual Fund,Other,IDF,9.6273,29-10-2019,725,0.0,0.0,0.0,0.0,0.0,0.0,0.0,0.0,0.0,,12.83,0.0,11.2,Avoid,avoid,2026-06-29 17:02:14
140058,ICICI Prudential Multiple Yield Fund - Series 11 - Plan D 1361 Days - Direct Plan - Cumulative Option,,ICICI Prudential Mutual Fund,Other,Income,12.7366,30-07-2020,500,0.0,0.0,0.0,0.0,0.0,0.0,0.0,0.0,0.0,,4.56,0.0,12.0,Avoid,avoid,2026-06-29 17:02:14
140038,UTI FTIF Series XXV-VIII (1100 Days)- Direct Plan - Maturity Div Option,,UTI Mutual Fund,Other,IDF,10.0,29-10-2019,725,0.0,0.0,0.0,0.0,0.0,0.0,0.0,0.0,0.0,,17.26,0.0,10.7,Avoid,avoid,2026-06-29 17:02:14
140069,UTI FTIF Series XXV-IX (1098 Days)- Direct Plan - Growth Option,,UTI Mutual Fund,Other,IDF,11.3045,13-11-2019,724,0.0,0.0,0.0,0.0,0.0,0.0,0.0,0.0,0.0,,8.5,0.0,11.6,Avoid,avoid,2026-06-29 17:02:14
140046,UTI Long Term Advantage Fund Series IV - Direct Plan - Growth Option,,UTI Mutual Fund,ELSS,ELSS,16.4953,24-09-2021,1147,0.0,0.0,0.0,0.0,0.0,0.0,0.0,1.44,0.0,,49.67,20.0,9.8,Avoid,avoid,2026-06-29 17:02:14
140070,UTI FTIF Series XXV-IX (1098 Days)- Direct Plan - Annual Div Option,,UTI Mutual Fund,Other,IDF,9.5732,13-11-2019,724,0.0,0.0,0.0,0.0,0.0,0.0,0.0,0.0,0.0,,13.55,0.0,11.1,Avoid,avoid,2026-06-29 17:02:14
140076,UTI FTIF Series XXV-IX (1098 Days)- Direct Plan - Quarterly Div Option,,UTI Mutual Fund,Other,IDF,9.5732,13-11-2019,724,0.0,0.0,0.0,0.0,0.0,0.0,0.0,0.0,0.0,,9.5,0.0,11.5,Avoid,avoid,2026-06-29 17:02:14
140077,UTI FTIF Series XXV-IX (1098 Days)- Direct Plan - Maturity Div Option,,UTI Mutual Fund,Other,IDF,10.0,13-11-2019,724,0.0,0.0,0.0,0.0,0.0,0.0,0.0,0.0,0.0,,16.69,0.0,10.8,Avoid,avoid,2026-06-29 17:02:14
140112,Axis Hybrid Fund - Series 35 (1359 Days) - Direct Plan - Growth Option,,Axis Mutual Fund,Hybrid,Income,11.3618,20-08-2020,896,0.0,0.0,0.0,0.0,0.0,0.0,0.0,0.0,0.0,,22.02,0.0,10.2,Avoid,avoid,2026-06-29 17:02:15
140735,SBI DEBT FUND SERIES B - 46 (1155 DAYS) - DIRECT PLAN - GROWTH,,SBI Mutual Fund,Debt,IDF,12.3492,22-04-2020,572,0.0,0.0,0.0,0.0,0.0,0.0,0.0,0.0,0.0,,0.3,0.0,12.5,Avoid,avoid,2026-06-29 17:02:45
140738,Nippon India Fixed Horizon Fund XXXIII- Series 1- Direct Plan- Growth Option,,Nippon India Mutual Fund,Other,IDF,12.6711,08-07-2020,806,0.0,0.0,0.0,0.0,0.0,0.0,0.0,0.0,0.0,,0.89,0.0,12.4,Avoid,avoid,2026-06-29 17:02:45
140672,PGIM India Fixed Duration Fund - Series AC - Direct Plan - Growth Option,,PGIM India Mutual Fund,Other,IDF,1261.1565,06-05-2020,761,0.0,0.0,0.0,0.0,0.0,0.0,0.0,0.0,0.0,,17.54,0.0,10.7,Avoid,avoid,2026-06-29 17:02:45
140636,UTI FTIF Series XXVI-III (1169 Days)- Direct Plan - Quarterly Div Option,,UTI Mutual Fund,Other,IDF,10.0,06-05-2020,768,0.0,0.0,0.0,0.0,0.0,0.0,0.0,0.0,0.0,,2.92,0.0,12.2,Avoid,avoid,2026-06-29 17:02:45
140660,Sundaram Value Fund Series VII Direct Plan - Growth,,Sundaram Mutual Fund,Thematic,Growth,15.448,07-12-2021,1168,0.0,0.0,0.0,0.0,0.0,0.0,0.0,2.14,0.0,,58.03,20.0,9.0,Avoid,avoid,2026-06-29 17:02:45
140744,Nippon India Fixed Horizon Fund XXXIII- Series 2- Direct Plan- Growth Option,,Nippon India Mutual Fund,Other,IDF,12.0987,22-10-2020,869,0.0,0.0,0.0,0.0,0.0,0.0,0.0,0.0,0.0,,5.54,0.0,11.9,Avoid,avoid,2026-06-29 17:02:45
140751,Sundaram Top 100 Series VII DIRECT PLAN GROWTH,,Sundaram Mutual Fund,Other,Growth,13.0132,30-03-2020,737,0.0,0.0,0.0,0.0,0.0,0.0,0.0,0.0,0.0,,17.67,0.0,10.7,Avoid,avoid,2026-06-29 17:02:45
135762,Axis Children's Fund - Lock in - Direct Growth,INF846K01WO1,Axis Mutual Fund,Other,Solution Oriented Scheme - Children’s Fund,29.7766,25-06-2026,2602,2.86,8.72,-1.13,-0.26,4.32,9.42,10.98,8.49,3.41,0.25,27.09,60.0,24.7,Avoid,avoid,2026-06-29 17:01:22
135764,Axis Children's Fund - No Lock in - Direct Growth,INF846K01WR4,Axis Mutual Fund,Other,Solution Oriented Scheme - Children’s Fund,30.3461,25-06-2026,2602,2.86,8.72,-1.13,-0.26,4.4,9.55,11.14,8.66,3.41,0.26,27.09,60.0,25.2,Avoid,avoid,2026-06-29 17:01:23
135805,Tata India Consumer Fund-Direct Plan-Growth,INF277K013A6,Tata Mutual Fund,Sectoral,Equity Scheme - Sectoral/ Thematic,52.6245,25-06-2026,2584,3.47,18.19,0.84,4.01,5.98,15.55,19.21,15.52,5.42,0.57,32.46,100.0,45.8,Avoid,avoid,2026-06-29 17:01:24
135781,Mirae Asset ELSS Tax Saver Fund - Direct Plan - Growth,INF769K01DM9,Mirae Asset Mutual Fund,ELSS,Equity Scheme - ELSS,57.014,25-06-2026,2584,3.13,14.88,-1.27,1.88,5.19,14.92,16.83,13.39,5.05,0.55,37.81,100.0,42.4,Avoid,avoid,2026-06-29 17:01:23
135800,Tata Digital India Fund-Direct Plan-Growth,INF277K01Z77,Tata Mutual Fund,Sectoral,Equity Scheme - Sectoral/ Thematic,45.0817,25-06-2026,2583,-2.33,2.76,-21.59,-20.65,-6.78,5.69,7.47,6.12,5.91,-0.01,33.27,80.0,16.5,Avoid,avoid,2026-06-29 17:01:24
135793,Tata Banking And Financial Services Fund-Direct Plan-Growth,INF277K01Z10,Tata Mutual Fund,Sectoral,Equity Scheme - Sectoral/ Thematic,51.9221,25-06-2026,2584,4.69,14.28,-1.29,0.05,8.84,13.9,20.48,14.19,5.65,0.49,41.58,80.0,38.5,Avoid,avoid,2026-06-29 17:01:24
140761,SBI DEBT FUND SERIES B - 49 (1170 DAYS) - DIRECT PLAN - GROWTH,,SBI Mutual Fund,Debt,IDF,12.4599,20-05-2020,595,0.0,0.0,0.0,0.0,0.0,0.0,0.0,0.0,0.0,,0.36,0.0,12.5,Avoid,avoid,2026-06-29 17:02:45
140856,UTI FTIF Series XXVI-V (1160 Days)- Direct Plan - Maturity Div Option,,UTI Mutual Fund,Other,IDF,10.0,12-05-2020,760,0.0,0.0,0.0,0.0,0.0,0.0,0.0,0.0,0.0,,21.83,0.0,10.2,Avoid,avoid,2026-06-29 17:02:46
140858,UTI FTIF Series XXVI-V (1160 Days)- Direct Plan - Flexi Div Option,,UTI Mutual Fund,Other,IDF,10.0,12-05-2020,760,0.0,0.0,0.0,0.0,0.0,0.0,0.0,0.0,0.0,,21.83,0.0,10.2,Avoid,avoid,2026-06-29 17:02:46
140857,UTI FTIF Series XXVI-V (1160 Days)- Direct Plan - Growth Option,,UTI Mutual Fund,Other,IDF,12.7932,12-05-2020,760,0.0,0.0,0.0,0.0,0.0,0.0,0.0,0.0,0.0,,0.71,0.0,12.4,Avoid,avoid,2026-06-29 17:02:46
140854,UTI FTIF Series XXVI-V (1160 Days)- Direct Plan - Quarterly Div Option,,UTI Mutual Fund,Other,IDF,10.0,12-05-2020,760,0.0,0.0,0.0,0.0,0.0,0.0,0.0,0.0,0.0,,3.2,0.0,12.2,Avoid,avoid,2026-06-29 17:02:45
140853,UTI FTIF Series XXVI-V (1160 Days)- Direct Plan - Annual Div Option,,UTI Mutual Fund,Other,IDF,10.0,12-05-2020,760,0.0,0.0,0.0,0.0,0.0,0.0,0.0,0.0,0.0,,7.96,0.0,11.7,Avoid,avoid,2026-06-29 17:02:45
140799,Aditya Birla Sun Life Resurgent India Fund - Series 3 - Direct Plan-Growth,,Aditya Birla Sun Life Mutual Fund,Other,Growth,11.13,09-09-2020,856,0.0,0.0,0.0,0.0,0.0,0.0,0.0,0.0,0.0,,40.12,0.0,8.3,Avoid,avoid,2026-06-29 17:02:45
148897,BNP Paribas Funds Aqua Fund of Fund - Direct Plan - Growth Option,,BNP Paribas Mutual Fund,International,Other Scheme - FoF Overseas,9.6157,10-03-2022,204,0.0,0.0,0.0,0.0,0.0,0.0,0.0,-1.09,0.0,,17.45,0.0,10.7,Avoid,avoid,2026-06-29 17:09:45
148899,BNP Paribas Funds Aqua Fund of Fund - Direct Plan - Income Distribution cum Withdrawal Option,,BNP Paribas Mutual Fund,International,Other Scheme - FoF Overseas,9.6157,10-03-2022,204,0.0,0.0,0.0,0.0,0.0,0.0,0.0,-1.09,0.0,,17.45,0.0,10.7,Avoid,avoid,2026-06-29 17:09:45
140769,Mirae Asset Dynamic Bond Fund -Direct Plan -Growth,INF769K01DR8,Mirae Asset Mutual Fund,Debt,Debt Scheme - Dynamic Bond,18.7472,25-06-2026,2238,0.8,1.65,2.87,5.91,7.46,7.31,7.39,6.02,0.17,0.63,3.49,100.0,32.6,Avoid,avoid,2026-06-29 17:02:47
145599,Groww Aggressive Hybrid Fund (formerly known as Indiabulls Equity Hybrid Fund) - Direct Plan - Growth option,INF666M01FA3,Groww Mutual Fund,Hybrid,Hybrid Scheme - Aggressive Hybrid Fund,23.0241,25-06-2026,1853,1.63,7.78,-3.04,-1.73,0.78,10.0,12.4,10.18,3.57,0.3,28.19,80.0,29.5,Avoid,avoid,2026-06-29 17:05:20
148795,Edelweiss NIFTY PSU Bond Plus SDL Apr 2026 50:50 Index Fund - Direct Plan - Growth,INF754K01MD1,Edelweiss Mutual Fund,Index / ETF,Other Scheme - Index Funds,13.7188,30-04-2026,1234,0.0,0.52,1.94,4.96,6.55,6.75,6.86,5.9,0.18,-0.1,3.08,100.0,25.5,Avoid,avoid,2026-06-29 17:09:55
148815,Aditya Birla Sun Life Nifty Smallcap 50 Index Fund-Direct Growth,INF209KB1W17,Aditya Birla Sun Life Mutual Fund,Index / ETF,Other Scheme - Index Funds,22.7335,25-06-2026,1286,3.9,24.55,8.76,2.04,4.21,23.43,24.52,13.73,6.67,0.73,36.72,80.0,54.0,Avoid,avoid,2026-06-29 17:09:57
148807,Aditya Birla Sun Life Nifty Midcap 150 Index Fund-Direct Growth,INF209KB1W74,Aditya Birla Sun Life Mutual Fund,Index / ETF,Other Scheme - Index Funds,25.7135,25-06-2026,1286,0.85,17.16,3.08,4.4,4.65,19.63,23.05,17.89,5.42,0.74,21.19,80.0,54.6,Avoid,avoid,2026-06-29 17:09:57
148792,BANDHAN CRISIL IBX Gilt April 2028 Index Fund Direct Plan-Growth,INF194KB1BV1,Bandhan Mutual Fund,Debt,Other Scheme - Index Funds,13.8678,25-06-2026,1278,0.82,1.71,2.58,5.73,7.52,7.46,7.58,6.36,0.3,0.54,2.87,100.0,31.9,Avoid,avoid,2026-06-29 17:09:44
148822,ICICI Prudential Nifty 100 Low Volatility 30 ETF FOF - Direct Plan - Growth,INF109KC1P81,ICICI Prudential Mutual Fund,Index / ETF,Other Scheme - FoF Domestic,18.1837,25-06-2026,1281,1.72,7.37,-5.68,-1.45,2.45,11.47,13.82,10.72,4.0,0.36,18.32,60.0,31.3,Avoid,avoid,2026-06-29 17:09:57
148903,HDFC Multi-Asset Active FOF - Growth Option -Direct Plan,INF179KC1BA3,HDFC Mutual Fund,Fund of Funds,Other Scheme - FoF Domestic,20.385,25-06-2026,1268,1.2,6.55,0.19,6.19,9.06,14.61,16.2,13.91,2.73,0.97,8.84,100.0,50.2,Avoid,avoid,2026-06-29 17:09:58
148883,Canara Robeco Focused Fund - Direct Plan - Growth Option,INF760K01JQ6,Canara Robeco Mutual Fund,Thematic,Equity Scheme - Focused Fund,21.02,25-06-2026,1259,3.85,10.86,-3.84,-2.73,4.82,14.21,17.36,14.35,4.45,0.54,18.15,80.0,42.2,Avoid,avoid,2026-06-29 17:09:56
148921,Aditya Birla Sun Life Multi-Cap Fund-Direct Growth,INF209KB1Y49,Aditya Birla Sun Life Mutual Fund,Multi Cap,Equity Scheme - Multi Cap Fund,21.85,25-06-2026,1264,2.68,17.22,3.9,3.7,4.63,15.69,17.9,14.86,4.87,0.6,19.95,100.0,47.0,Avoid,avoid,2026-06-29 17:10:09
148913,ITI Ultra Short Duration Fund - Direct Plan - Growth Option,INF00XX01AE2,ITI Mutual Fund,Debt,Debt Scheme - Ultra Short Duration Fund,1360.8625,25-06-2026,1243,0.72,1.74,3.18,6.32,6.96,7.08,6.94,6.25,0.12,0.78,0.19,100.0,33.9,Avoid,avoid,2026-06-29 17:09:58
148837,TRUSTMF Liquid Fund-Direct Plan-Weekly Income Distribution cum Capital Withdrawal,INF0GCD01271,Trust Mutual Fund,Debt,Debt Scheme - Liquid Fund,1240.5287,28-06-2026,1572,0.44,1.25,2.21,4.03,4.76,5.08,4.96,4.3,0.07,-5.69,0.05,100.0,20.1,Avoid,avoid,2026-06-29 17:10:00
148839,TRUSTMF Liquid Fund-Direct Plan-Monthly Income Distribution cum Capital Withdrawal,INF0GCD01305,Trust Mutual Fund,Debt,Debt Scheme - Liquid Fund,1212.2065,28-06-2026,1572,0.43,1.24,2.23,4.13,4.54,4.67,4.52,3.84,0.07,-9.85,0.29,100.0,19.9,Avoid,avoid,2026-06-29 17:10:00
148925,quant Quantamental Fund - Growth Option - Direct Plan,INF966L01AK9,quant Mutual Fund,Thematic,Equity Scheme - Sectoral/ Thematic,27.579,25-06-2026,1269,1.26,23.51,9.86,11.56,2.99,19.95,25.32,21.02,6.0,0.74,23.34,80.0,61.0,Watch,watch,2026-06-29 17:10:09
148841,TRUSTMF Liquid Fund-Direct Plan-Growth,INF0GCD01255,Trust Mutual Fund,Debt,Debt Scheme - Liquid Fund,1356.6282,28-06-2026,1572,0.6,1.74,3.25,6.25,6.73,6.91,6.81,6.16,0.07,0.54,0.49,100.0,31.7,Avoid,avoid,2026-06-29 17:10:01
148842,TRUSTMF Liquid Fund-Direct Plan-Daily Income Distribution cum Capital Withdrawal,,Trust Mutual Fund,Debt,Debt Scheme - Liquid Fund,1284.1543,28-06-2026,1572,0.43,1.28,2.32,4.69,5.45,5.77,5.56,5.01,0.07,-3.46,0.01,100.0,21.1,Avoid,avoid,2026-06-29 17:10:00
148928,Mirae Asset NYSE FANG + ETF Fund of Fund Direct Growth,INF769K01HH0,Mirae Asset Mutual Fund,Index / ETF,Other Scheme - FoF Domestic,39.617,25-06-2026,1220,-6.29,18.75,9.53,34.68,40.48,44.33,47.23,27.75,6.43,1.2,43.72,80.0,83.8,Strong Pick,strong,2026-06-29 17:10:09
149794,Aditya Birla Sun Life Nifty SDL Apr 2027 Index Fund-Direct Growth,INF209KB11F3,Aditya Birla Sun Life Mutual Fund,Index / ETF,Other Scheme - Index Funds,13.1951,29-06-2026,1066,0.64,1.48,2.89,5.88,7.33,7.32,7.47,,0.14,0.69,3.46,100.0,38.9,Avoid,avoid,2026-06-30 16:13:36
148954,Axis Global Innovation Fund of Fund - Direct Plan - Growth,INF846K01Z20,Axis Mutual Fund,International,Other Scheme - FoF Overseas,19.22,25-06-2026,1202,-4.52,21.34,14.68,28.65,20.8,23.39,23.77,13.13,6.49,0.8,30.84,80.0,66.3,Watch,watch,2026-06-29 17:10:09
149775,ICICI Prudential Silver ETF FOF - Direct Plan - Growth,INF109KC1Y98,ICICI Prudential Mutual Fund,Gold,Other Scheme - FoF Domestic,33.2799,29-06-2026,1066,-16.68,-3.76,-4.59,99.83,54.61,44.81,37.16,,14.81,0.99,45.53,100.0,80.1,Strong Pick,strong,2026-06-30 16:14:56
149383,Axis Multicap Fund - Direct Growth,INF846K013E0,Axis Mutual Fund,Multi Cap,Equity Scheme - Multi Cap Fund,19.6,25-06-2026,1117,3.0,16.25,3.65,3.92,6.78,20.33,22.44,,4.66,0.83,18.08,100.0,57.9,Watch,watch,2026-06-29 17:11:35
149389,ICICI Prudential Nifty Midcap 150 Index Fund - Direct Plan - Growth,INF109KC1W58,ICICI Prudential Mutual Fund,Index / ETF,Other Scheme - Index Funds,20.3336,25-06-2026,1109,0.85,17.12,3.1,4.49,4.7,19.45,22.87,,5.4,0.73,21.09,100.0,54.6,Avoid,avoid,2026-06-29 17:11:35
149803,UTI BSE Sensex Index Fund - Direct Plan - Growth Option,INF789F1AVD7,UTI Mutual Fund,Index / ETF,Other Scheme - Index Funds,13.8453,29-06-2026,1083,2.9,7.11,-8.97,-7.45,-0.59,6.83,10.77,,3.62,0.01,16.08,75.0,24.4,Avoid,avoid,2026-06-30 16:13:36
149401,BHARAT Bond ETF FOF - April 2032 Direct Growth,INF754K01NY5,Edelweiss Mutual Fund,Index / ETF,Other Scheme - FoF Domestic,13.3948,25-06-2026,1098,2.81,3.73,2.64,5.06,7.66,7.62,8.1,,1.27,0.29,4.08,100.0,34.3,Avoid,avoid,2026-06-29 17:11:35
149790,Mirae Asset Nifty India Manufacturing ETF FOF - Direct Plan - Growth,INF769K01HZ2,Mirae Asset Mutual Fund,Index / ETF,Other Scheme - FoF Domestic,20.147,29-06-2026,1083,-0.27,12.81,4.12,9.07,4.14,19.93,21.46,,4.12,0.86,23.01,75.0,56.8,Watch,watch,2026-06-30 16:13:36
148945,SBI Nifty Next 50 Index Fund - Direct Plan - Growth,INF200KA1W00,SBI Mutual Fund,Index / ETF,Other Scheme - Index Funds,19.9959,25-06-2026,1262,1.6,19.69,5.47,5.71,0.96,18.68,19.05,13.94,6.14,0.66,26.5,60.0,46.0,Avoid,avoid,2026-06-29 17:10:09
149800,Motilal Oswal Nifty 200 Momentum 30 Index Fund-Direct Plan,INF247L01AV1,Motilal Oswal Mutual Fund,Index / ETF,Other Scheme - Index Funds,15.4097,29-06-2026,1072,1.4,14.18,0.24,-3.37,-6.41,13.41,17.88,,4.37,0.42,31.65,50.0,34.8,Avoid,avoid,2026-06-30 16:13:36
149780,Aditya Birla Sun Life Silver ETF FOF-Direct Growth,INF209KB16F2,Aditya Birla Sun Life Mutual Fund,Gold,Other Scheme - FoF Domestic,33.8678,29-06-2026,1070,-16.38,-3.35,-6.57,101.14,54.84,44.8,37.26,,15.25,0.98,45.3,100.0,80.1,Strong Pick,strong,2026-06-30 16:13:36
149797,TRUST MF OVERNIGHT FUND-DIRECT PLAN-GROWTH,INF0GCD01453,Trust Mutual Fund,Debt,Debt Scheme - Overnight Fund,1289.4927,29-06-2026,1351,0.4,1.24,2.48,5.21,5.79,6.12,6.11,,0.02,-3.24,0,100.0,25.6,Avoid,avoid,2026-06-30 16:13:36
150584,WhiteOak Capital Mid Cap Fund Direct Plan Growth,INF03VN01597,WhiteOak Capital Mutual Fund,Mid Cap,Equity Scheme - Mid Cap Fund,22.332,29-06-2026,934,1.8,18.86,6.81,9.85,12.3,24.52,,,4.04,1.07,19.33,100.0,70.7,Watch,watch,2026-06-30 16:19:33
149961,Invesco India - Invesco EQQQ Nasdaq-100 ETF Fund of Fund - Direct Plan - Growth,INF205KA1585,Invesco Mutual Fund,Index / ETF,Other Scheme - FoF Overseas,26.0802,29-06-2026,933,-3.37,26.94,21.17,43.39,29.74,30.8,32.22,,6.22,1.04,22.96,100.0,84.1,Strong Pick,strong,2026-06-30 16:16:37
149816,DSP Global Innovation Overseas Equity Omni FoF - Direct - Growth,INF740KA1QP1,DSP Mutual Fund,International,Other Scheme - FoF Overseas,22.3045,29-06-2026,978,-2.02,20.09,15.22,34.46,24.67,26.95,29.79,,5.18,0.93,27.61,100.0,83.1,Strong Pick,strong,2026-06-30 16:15:43
150545,JM Short Duration Fund (Direct) - Growth,INF192K01MP8,JM Financial Mutual Fund,Debt,Debt Scheme - Short Duration Fund,13.0221,29-06-2026,924,1.36,2.2,2.72,5.47,7.42,7.26,,,0.45,0.36,0.53,100.0,35.5,Avoid,avoid,2026-06-30 16:19:13
149830,Navi Total Stock Market US Specific Equity Passive FoF- Direct Plan- Growth,INF959L01FV0,Navi Mutual Fund,International,Other Scheme - FoF Overseas,22.0683,29-06-2026,1029,-1.73,17.35,14.65,34.09,25.44,25.18,24.19,,3.17,1.09,20.04,100.0,86.6,Strong Pick,strong,2026-06-30 16:15:44
150581,Edelweiss Gold and Silver ETF FOF - Direct Plan - Growth,INF754K01OX5,Edelweiss Mutual Fund,Gold,Other Scheme - FoF Domestic,32.014,29-06-2026,929,-13.11,-4.14,1.65,74.83,48.07,39.74,,,11.45,1.11,34.23,100.0,82.4,Strong Pick,strong,2026-06-30 16:19:33
150554,Union Retirement Fund - Direct Plan - Growth Option,INF582M01IK5,Union Mutual Fund,Other,Solution Oriented Scheme - Retirement Fund,17.22,29-06-2026,919,3.18,13.59,2.87,4.3,5.5,15.97,,,3.44,0.71,17.77,100.0,50.0,Avoid,avoid,2026-06-30 16:19:13
149804,Navi Nifty Bank Index Fund- Direct Plan- Growth,INF959L01FT4,Navi Mutual Fund,Index / ETF,Other Scheme - Index Funds,15.216,29-06-2026,1081,6.72,15.29,-2.19,1.21,5.55,9.4,15.09,,5.24,0.24,18.39,100.0,32.6,Avoid,avoid,2026-06-30 16:13:52
150571,Sundaram Flexicap Fund Direct Growth,INF903JA1LE2,Sundaram Mutual Fund,Multi Cap,Equity Scheme - Flexi Cap Fund,15.1336,29-06-2026,935,1.97,9.79,-5.25,-2.77,3.1,11.33,,,3.69,0.37,15.66,66.7,34.7,Avoid,avoid,2026-06-30 16:19:13
149838,Aditya Birla Sun Life Nifty Next 50 Index Fund-Direct Growth,INF209KB10G3,Aditya Birla Sun Life Mutual Fund,Index / ETF,Other Scheme - Index Funds,17.7641,29-06-2026,1069,0.63,18.56,4.5,4.29,0.32,18.14,18.27,,4.77,0.68,26.7,75.0,48.8,Avoid,avoid,2026-06-30 16:15:42
149841,Kotak Manufacture in India Fund - Direct Plan Growth,INF174KA1IF4,Kotak Mahindra Mutual Fund,Thematic,Equity Scheme - Sectoral/ Thematic,22.226,29-06-2026,1063,1.5,14.37,7.55,11.85,6.61,20.85,21.87,,3.83,0.97,22.27,100.0,64.4,Watch,watch,2026-06-30 16:15:45
149832,BANDHAN NIFTY 100 INDEX FUND - DIRECT PLAN - GROWTH,INF194KB1CR7,Bandhan Mutual Fund,Index / ETF,Other Scheme - Index Funds,14.9691,29-06-2026,1074,1.73,9.59,-5.22,-3.57,0.86,10.36,12.9,,3.68,0.29,17.26,75.0,33.1,Avoid,avoid,2026-06-30 16:15:44
150562,Shriram Overnight Fund -  Direct Growth,INF680P01323,Shriram Mutual Fund,Debt,Debt Scheme - Overnight Fund,12.54,29-05-2026,1143,0.0,0.82,2.11,4.84,5.55,5.96,,,0.12,-2.35,4.3,100.0,24.7,Avoid,avoid,2026-06-30 16:19:14
149826,JM Overnight Fund - (Direct) - Unclaimed Redemption I.E.F. - Growth Plan,INF192K01MK9,JM Financial Mutual Fund,Debt,Debt Scheme - Overnight Fund,1073.9936,29-06-2026,1376,0.0,0.0,0.0,0.0,0.0,-0.0,0.0,,0.0,,0.0,25.0,19.2,Avoid,avoid,2026-06-30 16:15:45
149829,JM Overnight Fund - (Direct) - Unclaimed Redemption - Growth Plan,INF192K01MI3,JM Financial Mutual Fund,Debt,Debt Scheme - Overnight Fund,1381.8518,29-06-2026,1376,0.39,1.22,2.47,5.17,5.74,6.08,6.08,,0.02,-3.42,0,100.0,25.5,Avoid,avoid,2026-06-30 16:15:45
150663,Aditya Birla Sun Life Nifty SDL Sep 2025 Index Fund-Direct Growth,INF209KB10M1,Aditya Birla Sun Life Mutual Fund,Index / ETF,Other Scheme - Index Funds,12.2949,30-09-2025,728,0.0,0.0,0.0,1.3,4.12,5.15,,,0.18,-1.78,0.21,100.0,23.6,Avoid,avoid,2026-06-30 16:20:06
150591,BANDHAN NIFTY200 MOMENTUM 30 INDEX FUND - GROWTH - DIRECT PLAN,INF194KB1DP9,Bandhan Mutual Fund,Index / ETF,Other Scheme - Index Funds,15.7806,29-06-2026,946,1.4,14.21,0.21,-3.27,-6.44,13.04,,,4.36,0.4,31.73,33.3,32.0,Avoid,avoid,2026-06-30 16:19:33
150636,BANDHAN NIFTY100 LOW VOLATILITY 30 INDEX FUND - GROWTH - DIRECT PLAN,INF194KB1DV7,Bandhan Mutual Fund,Index / ETF,Other Scheme - Index Funds,15.4937,30-06-2026,924,1.95,6.85,-6.53,-1.75,1.94,11.07,,,3.72,0.33,18.24,66.7,33.6,Avoid,avoid,2026-07-01 16:07:26
150671,Edelweiss CRISIL IBX 50:50 Gilt Plus SDL April 2037 Index Fund - Direct Plan - Growth,INF754K01PF9,Edelweiss Mutual Fund,Debt,Other Scheme - Index Funds,13.441,29-06-2026,896,2.23,3.69,3.29,3.52,7.08,7.52,,,1.07,0.21,2.85,100.0,33.6,Avoid,avoid,2026-06-30 16:20:11
150642,Motilal Oswal Gold and Silver Passive Fund of Funds(Direct Plan),INF247L01BM8,Motilal Oswal Mutual Fund,Gold,Other Scheme - FoF Domestic,29.1216,30-06-2026,907,-10.98,-5.28,2.14,59.1,43.45,36.59,,,10.51,1.08,34.17,100.0,82.1,Strong Pick,strong,2026-07-01 16:07:29
150587,WhiteOak Capital ELSS Tax Saver Fund Direct Plan Growth,INF03VN01621,WhiteOak Capital Mutual Fund,ELSS,Equity Scheme - ELSS,18.476,29-06-2026,908,3.19,14.76,-0.63,-0.5,6.67,17.94,,,3.77,0.78,16.36,66.7,50.1,Avoid,avoid,2026-06-30 16:19:33
150597,Mirae Asset Global X Artificial Intelligence & Technology ETF Fund of Fund - Direct Plan- Growth,INF769K01IS5,Mirae Asset Mutual Fund,Index / ETF,Other Scheme - FoF Overseas,35.582,29-06-2026,901,-5.64,37.02,30.96,61.7,42.48,38.06,,,8.37,1.08,27.24,100.0,82.8,Strong Pick,strong,2026-06-30 16:19:33
150643,ICICI Prudential Nifty Auto Index Fund - Direct Plan - Growth,INF109KC16J4,ICICI Prudential Mutual Fund,Index / ETF,Other Scheme - Index Funds,21.3129,30-06-2026,912,2.36,9.43,-5.75,11.95,2.82,21.01,,,5.62,0.69,28.33,66.7,56.2,Watch,watch,2026-07-01 16:07:29
150639,ICICI Prudential Nifty50 Equal Weight Index Fund- Direct Plan - Growth,INF109KC10J7,ICICI Prudential Mutual Fund,Index / ETF,Other Scheme - Index Funds,16.8751,30-06-2026,917,0.87,8.14,-2.58,1.51,3.79,13.57,,,3.68,0.5,18.09,100.0,43.6,Avoid,avoid,2026-07-01 16:07:29
150659,LIC MF Multi Cap Fund-Direct Plan-Growth,INF767K01RK7,LIC Mutual Fund,Multi Cap,Equity Scheme - Multi Cap Fund,19.0511,29-06-2026,898,4.0,20.08,5.45,5.95,6.88,19.89,,,4.09,0.84,19.32,100.0,58.1,Watch,watch,2026-06-30 16:20:04
150673,SBI Nifty Midcap 150 Index Fund - Direct Plan - Growth,INF200KA10P5,SBI Mutual Fund,Index / ETF,Other Scheme - Index Funds,19.748,29-06-2026,921,0.55,16.82,2.96,3.45,4.52,19.38,,,4.2,0.77,21.1,100.0,55.7,Watch,watch,2026-06-30 16:20:11
150624,Kotak Business Cycle - Direct Plan - Growth,INF174KA1JN6,Kotak Mahindra Mutual Fund,Sectoral,Equity Scheme - Sectoral/ Thematic,17.705,29-06-2026,915,4.15,16.76,2.53,4.21,7.36,16.76,,,3.74,0.71,18.42,100.0,51.1,Avoid,avoid,2026-06-30 16:17:23
150615,Axis Silver Fund of Fund- Direct Plan-Growth Option,INF846K015J4,Axis Mutual Fund,Gold,Other Scheme - FoF Domestic,37.3891,29-06-2026,929,-16.19,-3.0,-5.05,99.47,55.02,45.03,,,15.06,1.0,46.1,100.0,80.2,Strong Pick,strong,2026-06-30 16:19:33
150595,Mirae Asset Global Electric & Autonomous Vehicles Equity Passive FOF - Direct Plan - Growth,INF769K01IQ9,Mirae Asset Mutual Fund,International,Other Scheme - FoF Overseas,17.361,29-06-2026,934,-12.11,16.74,24.1,74.5,35.54,17.08,,,8.32,0.44,30.41,66.7,58.6,Watch,watch,2026-06-30 16:19:32
150631,Samco Overnight Fund - Direct Plan - Growth Option,INF0K1H01040,Samco Mutual Fund,Debt,Debt Scheme - Overnight Fund,1245.0927,29-06-2026,1110,0.4,1.21,2.41,5.06,5.61,5.97,,,0.02,-3.91,0,100.0,25.3,Avoid,avoid,2026-06-30 16:17:23
150677,SBI Nifty Smallcap 250 Index Fund - Direct Plan - Growth,INF200KA16P2,SBI Mutual Fund,Index / ETF,Other Scheme - Index Funds,19.1967,29-06-2026,921,3.71,23.33,6.77,-0.93,1.44,18.65,,,4.9,0.59,26.19,66.7,47.8,Avoid,avoid,2026-06-30 16:20:11
150681,SBI |CRISIL IBX Gilt Index - June 2036 Fund - Direct Plan - Growth,INF200KA12Q9,SBI Mutual Fund,Debt,Other Scheme - Index Funds,13.5252,29-06-2026,907,2.07,3.92,3.11,4.48,7.55,7.9,,,1.13,0.31,3.17,100.0,35.1,Avoid,avoid,2026-06-30 16:20:11
150692,TATA CRISIL-IBX GILT INDEX - APRIL 2026 INDEX FUND - DIRECT PLAN - GROWTH,INF277KA1554,Tata Mutual Fund,Debt,Other Scheme - Index Funds,12.6722,13-02-2026,816,0.0,0.0,0.68,3.46,5.66,6.17,,,0.21,-0.71,0.4,100.0,25.4,Avoid,avoid,2026-06-30 16:20:09
150698,Aditya Birla Sun Life Crisil IBX Gilt-April 2026 Index Fund-Direct Growth,INF209KB10N9,Aditya Birla Sun Life Mutual Fund,Debt,Other Scheme - Index Funds,12.7894,30-04-2026,860,0.0,0.46,1.79,4.55,6.17,6.49,,,0.17,-0.41,0.4,100.0,26.8,Avoid,avoid,2026-06-30 16:20:10
150702,Aditya Birla Sun Life Crisil IBX 50:50 Gilt Plus SDL Apr 2028 Index Fund-Direct Growth,INF209KB14N1,Aditya Birla Sun Life Mutual Fund,Debt,Other Scheme - Index Funds,13.244,29-06-2026,894,1.16,1.83,2.43,5.31,7.57,7.5,,,0.45,0.48,0.81,100.0,36.9,Avoid,avoid,2026-06-30 16:20:27
150714,UTI Gold ETF Fund of Fund - Direct Plan - Growth Option,INF789F1AWB9,UTI Mutual Fund,Gold,Other Scheme - FoF Domestic,27.0635,29-06-2026,900,-9.48,-3.41,4.58,45.92,39.02,33.59,,,7.45,1.3,23.57,100.0,85.6,Strong Pick,strong,2026-06-30 16:20:27
150733,ICICI Prudential Nifty G-Sec Dec 2030 Index Fund - Direct Plan - Growth,INF109KC18K8,ICICI Prudential Mutual Fund,Index / ETF,Other Scheme - Index Funds,13.3618,29-06-2026,896,1.45,3.18,2.66,5.09,7.84,7.72,,,0.82,0.39,1.85,100.0,36.0,Avoid,avoid,2026-06-30 16:20:27
150685,ICICI PRUDENTIAL TRANSPORTATION AND LOGISTICS FUND - Direct Plan - Growth,INF109KC12K1,ICICI Prudential Mutual Fund,Sectoral,Equity Scheme - Sectoral/ Thematic,21.4,29-06-2026,900,3.23,15.18,-1.29,10.88,6.78,22.47,,,4.53,0.95,23.58,100.0,65.8,Watch,watch,2026-06-30 16:20:11
150711,SBI CRISIL IBX SDL Index - September 2027 Fund - Direct Plan - Growth,INF200KA14R3,SBI Mutual Fund,Index / ETF,Other Scheme - Index Funds,13.1342,29-06-2026,907,1.04,1.56,2.93,5.78,7.51,7.45,,,0.29,0.62,0.41,100.0,38.6,Avoid,avoid,2026-06-30 16:20:26
150688,Aditya Birla Sun Life Multi-Asset Passive FOF-Direct Growth,INF209KB15M0,Aditya Birla Sun Life Mutual Fund,Fund of Funds,Other Scheme - FoF Domestic,17.2979,29-06-2026,905,0.62,8.94,-0.81,8.74,7.55,16.89,,,3.55,0.92,16.35,100.0,55.9,Watch,watch,2026-06-30 16:20:11
150729,ICICI Prudential Nifty SDL Dec 2028 Index Fund - Direct Plan - Growth,INF109KC14L5,ICICI Prudential Mutual Fund,Index / ETF,Other Scheme - Index Funds,13.3165,29-06-2026,895,1.77,1.72,2.4,4.69,7.78,7.64,,,0.67,0.45,1.16,100.0,36.5,Avoid,avoid,2026-06-30 16:20:27
150706,SBI CRISIL IBX Gilt Index - April 2029 Fund - Direct Plan - Growth,INF200KA18Q6,SBI Mutual Fund,Debt,Other Scheme - Index Funds,13.319,29-06-2026,907,1.38,2.34,2.42,5.41,7.85,7.73,,,0.61,0.47,1.06,100.0,37.2,Avoid,avoid,2026-06-30 16:20:24
150727,Edelweiss CRISIL IBX 50:50 Gilt Plus SDL June 2027 Index Fund - Direct Plan - Growth,INF754K01PN3,Edelweiss Mutual Fund,Debt,Other Scheme - Index Funds,13.124,29-06-2026,891,0.81,1.54,2.86,5.85,7.44,7.38,,,0.18,0.64,0.44,100.0,38.8,Avoid,avoid,2026-06-30 16:20:27
150716,BANDHAN TRANSPORTATION AND LOGISTICS FUND - GROWTH - DIRECT PLAN,INF194KB1EB7,Bandhan Mutual Fund,Sectoral,Equity Scheme - Sectoral/ Thematic,20.393,29-06-2026,911,2.61,14.24,-1.7,12.54,4.48,20.5,,,4.6,0.81,24.96,66.7,57.9,Watch,watch,2026-06-30 16:20:27
150725,Kotak Nifty SDL Plus AAA PSU Bond Jul 2028 60:40 Index Fund Direct Plan - Growth,INF174KA1JT3,Kotak Mahindra Mutual Fund,Index / ETF,Other Scheme - Index Funds,13.1624,29-06-2026,893,1.45,1.87,2.61,5.35,7.65,7.49,,,0.49,0.46,0.63,100.0,36.7,Avoid,avoid,2026-06-30 16:20:27
150737,HDFC Silver ETF Fund of Fund - Growth Option - Direct Plan,INF179KC1DU7,HDFC Mutual Fund,Gold,Other Scheme - FoF Domestic,35.9744,29-06-2026,902,-16.61,-3.95,-5.1,101.04,54.07,44.9,,,16.21,0.95,46.0,100.0,79.7,Strong Pick,strong,2026-06-30 16:20:38
150738,Tata Nifty Midcap 150 Momentum 50 Index Fund - Growth - Direct Plan,INF277KA1612,Tata Mutual Fund,Index / ETF,Other Scheme - Index Funds,18.5451,29-06-2026,900,-0.6,15.75,2.82,-1.64,-0.11,19.56,,,4.25,0.71,25.92,66.7,51.0,Avoid,avoid,2026-06-30 16:20:39
150778,Aditya Birla Sun Life Crisil IBX Gilt-Apr-2029 Index Fund-Direct Growth,INF209KB12O3,Aditya Birla Sun Life Mutual Fund,Debt,Other Scheme - Index Funds,13.3688,29-06-2026,890,1.39,2.32,2.46,5.42,7.88,7.76,,,0.61,0.48,0.97,100.0,37.3,Avoid,avoid,2026-06-30 16:20:39
150788,Mirae Asset Nifty AAA PSU Bond Plus SDL Apr 2026 50:50 Index Fund - Direct Plan - Growth,INF769K01JD5,Mirae Asset Mutual Fund,Index / ETF,Other Scheme - Index Funds,12.8112,30-04-2026,850,0.0,0.55,1.97,4.95,6.57,6.79,,,0.18,-0.06,0.21,100.0,30.7,Avoid,avoid,2026-07-01 16:07:27
150845,HDFC Nifty G-Sec Dec 2026 Index Fund - Growth Option - Direct Plan,INF179KC1EE9,HDFC Mutual Fund,Index / ETF,Other Scheme - Index Funds,12.9118,29-06-2026,879,0.57,1.47,2.73,5.58,7.07,7.1,,,0.1,0.39,0.55,100.0,35.8,Avoid,avoid,2026-06-30 16:21:36
150824,Nippon India Nifty SDL Plus G-Sec - Jun 2028 Maturity 70:30 Index Fund-Direct Plan-Growth Option,INF204KC1741,Nippon India Mutual Fund,Index / ETF,Other Scheme - Index Funds,13.0297,29-06-2026,867,1.22,1.75,2.59,5.36,7.62,7.54,,,0.44,0.52,0.73,100.0,37.4,Avoid,avoid,2026-06-30 16:21:14
150847,HDFC Nifty G-Sec July 2031 Index Fund - Growth Option - Direct Plan,INF179KC1EH2,HDFC Mutual Fund,Index / ETF,Other Scheme - Index Funds,13.2978,29-06-2026,879,2.1,3.6,2.91,5.11,8.03,7.87,,,1.04,0.36,2.18,100.0,35.8,Avoid,avoid,2026-06-30 16:21:38
150822,Kotak Income Plus Arbitrage Omni FOF-Direct Plan-Growth,INF174KA1KJ2,Kotak Mahindra Mutual Fund,Hybrid,Other Scheme - FoF Domestic,13.1153,29-06-2026,872,1.49,2.04,3.06,5.94,7.52,7.87,,,0.4,0.79,0.99,100.0,40.9,Avoid,avoid,2026-06-30 16:21:14
150838,Samco ELSS Tax Saver Fund - Direct Plan - Growth Option,INF0K1H01065,Samco Mutual Fund,ELSS,Equity Scheme - ELSS,13.22,29-06-2026,858,0.99,14.86,0.92,-8.89,-6.12,6.26,,,3.81,0.03,29.64,33.3,17.2,Avoid,avoid,2026-06-30 16:21:38
150792,Mirae Asset CRISIL IBX Gilt Index - April 2033 Index Fund - Direct Plan - Growth,INF769K01IX5,Mirae Asset Mutual Fund,Debt,Other Scheme - Index Funds,13.4522,30-06-2026,890,2.44,3.28,2.92,4.65,7.88,7.78,,,1.1,0.3,2.31,100.0,34.9,Avoid,avoid,2026-07-01 16:07:28
150858,Union Multicap Fund - Direct Plan - Growth Option,INF582M01IO7,Union Mutual Fund,Multi Cap,Equity Scheme - Multi Cap Fund,17.67,29-06-2026,861,3.45,17.33,5.56,7.09,6.56,17.29,,,3.85,0.73,19.8,100.0,53.3,Avoid,avoid,2026-06-30 16:21:38
150807,Edelweiss CRISIL IBX 50:50 Gilt Plus SDL Sep 2028 Index Fund - Direct Plan - Growth,INF754K01PV6,Edelweiss Mutual Fund,Debt,Other Scheme - Index Funds,13.1834,29-06-2026,877,1.3,1.9,2.42,5.24,7.69,7.58,,,0.49,0.52,0.82,100.0,37.4,Avoid,avoid,2026-06-30 16:21:15
150797,WhiteOak Capital Large Cap Fund Direct Plan Growth,INF03VN01696,WhiteOak Capital Mutual Fund,Large Cap,Equity Scheme - Large Cap Fund,15.509,29-06-2026,877,2.33,10.06,-3.48,-1.53,4.48,14.48,,,3.3,0.61,15.25,66.7,42.9,Avoid,avoid,2026-06-30 16:18:47
150805,HDFC Business Cycle Fund - Growth Option - Direct Plan,INF179KC1DY9,HDFC Mutual Fund,Sectoral,Equity Scheme - Sectoral/ Thematic,15.403,29-06-2026,879,4.98,17.49,1.93,1.38,3.02,11.85,,,4.14,0.41,18.04,100.0,39.4,Avoid,avoid,2026-06-30 16:21:15
150854,Axis Nifty SDL September 2026 Debt Index Fund - Direct Plan - Growth,INF846K018K6,Axis Mutual Fund,Debt,Other Scheme - Index Funds,12.8952,29-06-2026,876,0.5,1.48,2.82,5.86,7.21,7.24,,,0.09,0.67,0.33,100.0,38.9,Avoid,avoid,2026-06-30 16:21:38
150815,JM Midcap Fund (Direct) - Growth,INF192K01MV6,JM Financial Mutual Fund,Mid Cap,Equity Scheme - Mid Cap Fund,21.9492,29-06-2026,882,3.39,23.9,10.62,8.28,5.25,23.77,,,4.47,0.99,22.54,100.0,67.1,Watch,watch,2026-06-30 16:21:14
150817,Canara Robeco Mid Cap Fund- Direct Plan- Growth Option,INF760K01KI1,Canara Robeco Mutual Fund,Mid Cap,Equity Scheme - Mid Cap Fund,18.85,29-06-2026,875,2.39,17.89,5.48,4.03,6.37,19.45,,,3.76,0.82,21.24,100.0,56.6,Watch,watch,2026-06-30 16:21:08
150908,Nippon India Fixed Horizon Fund XLIV - Series 2-Direct Plan-Growth Option,,Nippon India Mutual Fund,Other,IDF,10.2135,13-03-2023,73,0.0,0.0,0.0,0.0,0.0,0.0,,,0.0,,0,0.0,15.4,Avoid,avoid,2026-06-30 16:21:46
150865,Baroda BNP Paribas Multi Asset Fund - Direct Plan - Growth Option,INF251K01RF2,Baroda BNP Paribas Mutual Fund,Hybrid,Hybrid Scheme - Multi Asset Allocation,16.7522,29-06-2026,861,-0.7,7.9,1.15,7.86,8.01,16.3,,,2.99,0.88,11.95,100.0,54.8,Avoid,avoid,2026-06-30 16:21:38
150938,Aditya Birla Sun Life Crisil IBX 60:40 SDL + AAA PSU APR 2026 Index Fund-Direct Growth,INF209KB10P4,Aditya Birla Sun Life Mutual Fund,Index / ETF,Other Scheme - Index Funds,12.5979,30-04-2026,822,0.0,0.45,1.74,4.63,6.33,6.61,,,0.17,-0.3,0.23,100.0,28.1,Avoid,avoid,2026-06-30 16:22:24
150892,Edelweiss Nifty Smallcap 250 Index Fund - Direct Plan - Growth,INF754K01QT8,Edelweiss Mutual Fund,Index / ETF,Other Scheme - Index Funds,18.3426,29-06-2026,878,3.74,23.44,6.97,-0.63,1.7,18.96,,,4.89,0.61,26.12,66.7,48.5,Avoid,avoid,2026-06-30 16:21:57
150906,Nippon India Nifty G-Sec Sep 2027 Maturity Index Fund-Direct Plan-Growth Option,INF204KC1881,Nippon India Mutual Fund,Index / ETF,Other Scheme - Index Funds,12.8725,29-06-2026,859,0.84,1.53,2.73,5.72,7.43,7.36,,,0.2,0.55,0.62,100.0,37.8,Avoid,avoid,2026-06-30 16:21:57
150920,Nippon India Nifty G-Sec Jun 2036 Maturity Index Fund-Direct Plan-Growth Option,INF204KC1AC0,Nippon India Mutual Fund,Index / ETF,Other Scheme - Index Funds,13.2367,29-06-2026,850,2.08,3.9,3.05,4.47,7.66,7.98,,,1.12,0.34,3.16,100.0,35.6,Avoid,avoid,2026-06-30 16:21:57
150902,Edelweiss Nifty Midcap150 Momentum 50 Index Fund - Direct Plan - Growth,INF754K01QD2,Edelweiss Mutual Fund,Index / ETF,Other Scheme - Index Funds,18.631,29-06-2026,878,-0.28,16.11,3.15,-1.33,0.11,20.17,,,4.24,0.74,25.79,66.7,52.4,Avoid,avoid,2026-06-30 16:21:57
150930,ICICI Prudential Nifty Pharma Index Fund - Direct Plan - Growth,INF109KC11M9,ICICI Prudential Mutual Fund,Index / ETF,Other Scheme - Index Funds,19.5848,30-06-2026,869,4.65,15.04,11.53,15.11,13.48,22.54,,,3.74,0.98,16.59,100.0,70.0,Watch,watch,2026-07-01 16:07:29
150996,HSBC Corporate Bond Fund - Direct Growth,INF917K01HN3,HSBC Mutual Fund,Debt,Debt Scheme - Corporate Bond Fund,82.6103,29-06-2026,867,1.73,2.35,2.79,5.75,7.74,7.47,,,0.55,0.42,0.71,100.0,36.5,Avoid,avoid,2026-06-30 16:22:25
150989,BHARAT Bond ETF FOF - April 2033 - Direct Plan - Growth,INF754K01RC2,Edelweiss Mutual Fund,Index / ETF,Other Scheme - FoF Domestic,13.0943,29-06-2026,855,3.07,4.25,2.74,4.97,7.59,7.56,,,1.16,0.28,4.35,100.0,34.1,Avoid,avoid,2026-06-30 16:22:25
150868,BANDHAN CRISIL IBX 90:10 SDL PLUS GILT - NOV 2026 INDEX FUND - DIRECT GROWTH,INF194KB1ET9,Bandhan Mutual Fund,Debt,Other Scheme - Index Funds,12.9365,29-06-2026,881,0.54,1.48,2.87,5.91,7.3,7.31,,,0.11,0.74,0.38,100.0,39.7,Avoid,avoid,2026-06-30 16:21:38
150871,BANDHAN CRISIL IBX 90:10 SDL PLUS GILT APRIL 2032 INDEX FUND - DIRECT GROWTH,INF194KB1EN2,Bandhan Mutual Fund,Debt,Other Scheme - Index Funds,13.1484,29-06-2026,873,2.33,2.96,3.42,4.58,7.62,7.65,,,1.15,0.28,2.25,100.0,34.5,Avoid,avoid,2026-06-30 16:21:38
150888,BANDHAN CRISIL IBX 90:10 SDL PLUS GILT - SEP27 INDEX FUND - DIRECT GROWTH,INF194KB1EZ6,Bandhan Mutual Fund,Debt,Other Scheme - Index Funds,13.0199,29-06-2026,876,1.05,1.56,2.95,5.86,7.58,7.52,,,0.29,0.68,0.42,100.0,39.3,Avoid,avoid,2026-06-30 16:21:57
150899,Edelweiss Nifty Next 50 Index Fund - Direct Plan - Growth,INF754K01QL5,Edelweiss Mutual Fund,Index / ETF,Other Scheme - Index Funds,16.656,29-06-2026,878,0.63,18.48,4.41,4.3,0.52,18.3,,,4.77,0.69,26.43,66.7,48.2,Avoid,avoid,2026-06-30 16:21:57
150915,Mahindra Manulife Small Cap Fund - Direct Plan - Growth,INF174V01BK7,Mahindra Manulife Mutual Fund,Small Cap,Equity Scheme - Small Cap Fund,22.2721,29-06-2026,869,5.18,23.26,10.72,9.72,6.29,23.66,,,4.41,0.9,26.0,100.0,66.6,Watch,watch,2026-06-30 16:21:57
151014,HSBC Gilt Fund - Direct Growth,INF917K01FI7,HSBC Mutual Fund,Debt,Debt Scheme - Gilt Fund,77.7842,29-06-2026,867,3.05,4.23,2.4,2.91,5.5,6.51,,,1.31,-0.05,3.58,100.0,29.1,Avoid,avoid,2026-06-30 16:22:25
151036,HSBC Midcap Fund - Direct Growth,INF917K01FZ1,HSBC Mutual Fund,Mid Cap,Equity Scheme - Mid Cap Fund,523.0151,29-06-2026,881,2.83,26.15,15.26,16.94,12.22,27.49,,,4.68,1.11,25.96,100.0,75.0,Strong Pick,strong,2026-06-30 16:22:41
151060,HSBC Equity Savings Fund - Direct Growth,INF917K01GE4,HSBC Mutual Fund,Hybrid,Hybrid Scheme - Equity Savings,40.8629,29-06-2026,881,1.7,8.61,7.16,11.63,8.77,13.98,,,1.66,0.93,11.53,100.0,54.4,Avoid,avoid,2026-06-30 16:20:27
151107,HSBC Banking and PSU Debt Fund - Direct Growth,INF917K01HH5,HSBC Mutual Fund,Debt,Debt Scheme - Banking and PSU Fund,27.0681,29-06-2026,867,1.82,2.47,2.88,5.64,7.34,7.22,,,0.56,0.28,0.65,100.0,34.7,Avoid,avoid,2026-06-30 16:20:39
151078,HSBC ELSS Tax saver Fund - Direct Growth,INF917K01GP0,HSBC Mutual Fund,ELSS,Equity Scheme - ELSS,152.2342,29-06-2026,881,2.64,15.77,3.2,2.24,4.59,17.02,,,3.66,0.73,19.21,100.0,51.7,Avoid,avoid,2026-06-30 16:20:34
151045,HSBC Credit Risk Fund - Direct Growth,INF917K01UH8,HSBC Mutual Fund,Debt,Debt Scheme - Credit Risk Fund,37.3176,29-06-2026,867,1.36,2.24,3.35,6.45,14.15,11.9,,,0.34,0.73,0.38,100.0,47.8,Avoid,avoid,2026-06-30 16:22:41
151040,HSBC Infrastructure Fund - Direct Growth,INF917K01FW8,HSBC Mutual Fund,Sectoral,Equity Scheme - Sectoral/ Thematic,57.3838,29-06-2026,881,0.53,19.83,11.5,5.35,0.89,20.41,,,5.08,0.73,25.35,66.7,52.4,Avoid,avoid,2026-06-30 16:22:39
151087,HSBC Dynamic Bond Fund - Direct Growth,INF917K01HA0,HSBC Mutual Fund,Debt,Debt Scheme - Dynamic Bond,33.4382,29-06-2026,867,2.3,3.09,2.75,4.17,6.72,7.17,,,0.87,0.14,1.96,100.0,32.6,Avoid,avoid,2026-06-30 16:20:39
151067,HSBC Short Duration Fund - Direct Growth,INF917K01IQ4,HSBC Mutual Fund,Debt,Debt Scheme - Short Duration Fund,29.7471,29-06-2026,867,1.69,2.35,2.89,5.66,7.64,7.5,,,0.51,0.48,0.58,100.0,37.1,Avoid,avoid,2026-06-30 16:20:27
151130,HSBC Small Cap Fund - Direct Growth,INF917K01QA1,HSBC Mutual Fund,Small Cap,Equity Scheme - Small Cap Fund,96.7044,29-06-2026,881,4.93,27.2,11.73,3.69,1.74,17.49,,,5.18,0.58,27.16,66.7,45.3,Avoid,avoid,2026-06-30 16:23:12
151122,HSBC Aggressive Hybrid Fund - Direct Growth,INF917K01LE4,HSBC Mutual Fund,Hybrid,Hybrid Scheme - Aggressive Hybrid Fund,66.7243,29-06-2026,881,2.83,13.64,4.0,5.41,5.14,14.26,,,2.82,0.6,19.59,100.0,46.5,Avoid,avoid,2026-06-30 16:22:59
151054,HSBC Money Market Fund - Direct Growth,INF917K01FE6,HSBC Mutual Fund,Debt,Debt Scheme - Money Market Fund,29.5009,29-06-2026,867,1.09,1.89,3.21,6.33,7.24,7.31,,,0.22,0.82,0.16,100.0,40.6,Avoid,avoid,2026-06-30 16:22:41
151117,HSBC Low Duration Fund - Direct Growth,INF917K01GM7,HSBC Mutual Fund,Debt,Debt Scheme - Low Duration Fund,32.2781,29-06-2026,867,1.14,2.01,3.26,6.44,8.14,8.01,,,0.25,1.06,0.23,100.0,44.2,Avoid,avoid,2026-06-30 16:20:39
151113,HSBC Value Fund - Direct Growth,INF917K01HD4,HSBC Mutual Fund,Thematic,Equity Scheme - Value Fund,127.2474,29-06-2026,881,1.87,11.24,-0.09,1.24,3.63,20.21,,,3.36,0.84,19.61,100.0,58.6,Watch,watch,2026-06-30 16:20:39
151138,HSBC Arbitrage Fund - Direct Growth,INF917K01QR5,HSBC Mutual Fund,Hybrid,Hybrid Scheme - Arbitrage Fund,21.6341,29-06-2026,881,1.06,1.52,3.26,6.49,6.97,7.41,,,0.22,0.86,0.31,100.0,41.3,Avoid,avoid,2026-06-30 16:23:12
151129,HSBC Balanced Advantage Fund - Direct Growth,INF917K01IN1,HSBC Mutual Fund,Hybrid,Hybrid Scheme - Dynamic Asset Allocation or Balanced Advantage,51.2644,29-06-2026,881,2.55,6.7,0.02,2.06,4.77,10.87,,,1.84,0.55,8.67,100.0,41.6,Avoid,avoid,2026-06-30 16:23:00
151142,HSBC Business Cycles Fund - Direct Growth,INF917K01RI2,HSBC Mutual Fund,Sectoral,Equity Scheme - Sectoral/ Thematic,47.4274,29-06-2026,881,3.18,19.56,3.04,-3.49,2.66,17.65,,,4.85,0.63,23.41,66.7,46.7,Avoid,avoid,2026-06-30 16:23:12
151146,HSBC Medium Duration Fund - Direct Growth,INF917K01TK4,HSBC Mutual Fund,Debt,Debt Scheme - Medium Duration Fund,23.7704,29-06-2026,867,1.79,2.6,3.33,6.28,8.16,8.1,,,0.53,0.8,0.58,100.0,41.5,Avoid,avoid,2026-06-30 16:23:12
151160,HSBC NIFTY NEXT 50 INDEX FUND - Direct Growth,INF917K01D79,HSBC Mutual Fund,Index / ETF,Other Scheme - Index Funds,31.3288,29-06-2026,881,0.8,18.27,4.17,3.97,0.19,17.97,,,4.69,0.67,26.59,66.7,47.5,Avoid,avoid,2026-06-30 16:23:12
151157,HSBC NIFTY 50 INDEX FUND - Direct Growth,INF917K01D12,HSBC Mutual Fund,Index / ETF,Other Scheme - Index Funds,28.286,29-06-2026,881,1.97,7.66,-7.24,-5.3,0.77,8.68,,,3.54,0.16,15.51,66.7,28.2,Avoid,avoid,2026-06-30 16:23:12
151211,ICICI Prudential Nifty SDL Sep 2026 Index Fund - Direct Plan - Growth,INF109KC13P8,ICICI Prudential Mutual Fund,Index / ETF,Other Scheme - Index Funds,12.7844,29-06-2026,848,0.52,1.43,2.79,5.74,7.11,7.19,,,0.08,0.64,0.32,100.0,38.5,Avoid,avoid,2026-06-30 16:23:28
151218,Kotak Nifty SDL Jul 2026 Index Fund Direct Plan Growth,INF174KA1LC5,Kotak Mahindra Mutual Fund,Index / ETF,Other Scheme - Index Funds,12.7562,29-06-2026,844,0.47,1.39,2.77,5.7,7.04,7.11,,,0.07,0.54,0.34,100.0,37.4,Avoid,avoid,2026-06-30 16:23:28
151228,quant Gilt Fund - Growth Option - Direct Plan,INF966L01BF7,quant Mutual Fund,Debt,Debt Scheme - Gilt Fund,12.5479,29-06-2026,849,2.14,3.34,2.77,3.52,5.95,6.38,,,0.99,-0.15,2.24,100.0,28.3,Avoid,avoid,2026-06-30 16:23:28
151239,UTI CRISIL SDL Maturity June 2027 Index Fund - Direct Plan - Growth Option,INF789F1AWZ8,UTI Mutual Fund,Index / ETF,Other Scheme - Index Funds,12.8653,29-06-2026,833,0.86,1.65,3.04,6.07,7.56,7.48,,,0.2,0.77,0.38,100.0,40.3,Avoid,avoid,2026-06-30 16:23:43
151179,Axis Long Duration Fund - Direct Plan - Growth,INF846K014L3,Axis Mutual Fund,Debt,Debt Scheme - Long Duration Fund,1278.5437,29-06-2026,850,3.7,5.89,3.1,3.47,5.1,6.93,,,1.84,0.03,5.59,100.0,30.0,Avoid,avoid,2026-06-30 16:23:12
151183,HDFC Nifty G-Sec Sep 2032 Index Fund - Growth Option - Direct Plan,INF179KC1EL4,HDFC Mutual Fund,Index / ETF,Other Scheme - Index Funds,13.2092,29-06-2026,858,2.51,4.0,3.28,5.04,8.06,7.91,,,1.13,0.35,2.28,100.0,35.6,Avoid,avoid,2026-06-30 16:23:12
151273,Tata Nifty G-Sec Dec 2029 Index Fund - Direct Plan - Growth,INF277KA1737,Tata Mutual Fund,Index / ETF,Other Scheme - Index Funds,13.0233,29-06-2026,830,1.51,2.34,2.53,5.39,7.95,7.78,,,0.64,0.48,1.08,100.0,37.3,Avoid,avoid,2026-06-30 16:23:43
151267,WhiteOak Capital Balanced Advantage Fund Direct Plan Growth,INF03VN01738,WhiteOak Capital Mutual Fund,Hybrid,Hybrid Scheme - Dynamic Asset Allocation or Balanced Advantage,15.181,29-06-2026,827,2.04,8.55,-0.71,1.19,6.73,12.17,,,2.39,0.65,9.58,100.0,44.3,Avoid,avoid,2026-06-30 16:23:43
151185,UTI CRISIL SDL Maturity April 2033 Index Fund - Direct Plan - Growth Option,INF789F1AWX3,UTI Mutual Fund,Index / ETF,Other Scheme - Index Funds,13.0127,29-06-2026,848,2.57,3.18,3.55,3.83,7.29,7.45,,,1.07,0.22,2.16,100.0,33.6,Avoid,avoid,2026-06-30 16:23:12
151181,HDFC Nifty G-Sec Jun 2027 Index Fund - Growth Option - Direct Plan,INF179KC1EJ8,HDFC Mutual Fund,Index / ETF,Other Scheme - Index Funds,12.9046,29-06-2026,858,0.83,1.52,2.74,5.73,7.43,7.36,,,0.2,0.56,0.6,100.0,37.9,Avoid,avoid,2026-06-30 16:23:12
151232,Tata Multicap Fund - Direct Plan - Growth,INF277KA1679,Tata Mutual Fund,Multi Cap,Equity Scheme - Multi Cap Fund,16.0285,29-06-2026,829,1.99,17.34,4.27,7.21,4.04,13.53,,,3.77,0.47,22.39,100.0,44.0,Avoid,avoid,2026-06-30 16:23:36
151283,Baroda BNP Paribas Nifty SDL December 2026 Index Fund - Direct Plan - Growth Option,INF251K01RL0,Baroda BNP Paribas Mutual Fund,Index / ETF,Other Scheme - Index Funds,12.7778,29-06-2026,822,0.63,1.49,2.89,5.83,7.38,7.33,,,0.18,0.67,0.41,100.0,39.0,Avoid,avoid,2026-06-30 16:23:43
151214,SBI Long Duration Fund - Direct Plan - Growth,INF200KA16T4,SBI Mutual Fund,Debt,Debt Scheme - Long Duration Fund,12.8539,29-06-2026,853,3.05,5.04,2.56,3.52,5.18,7.04,,,1.52,0.04,4.45,100.0,30.7,Avoid,avoid,2026-06-30 16:23:28
151165,360 ONE ELSS Tax Saver Nifty 50 Index Fund - Direct Plan - Growth,INF579M01AN2,360 ONE Mutual Fund,Index / ETF,Equity Scheme - ELSS,13.5896,29-06-2026,856,1.95,7.61,-7.16,-5.23,0.81,8.6,,,3.51,0.15,15.39,66.7,28.0,Avoid,avoid,2026-06-30 16:23:11
151190,quant Overnight Fund - Growth Option - Direct Plan,INF966L01AZ7,quant Mutual Fund,Debt,Debt Scheme - Overnight Fund,12.4615,29-06-2026,1004,0.4,1.22,2.45,5.15,5.77,6.29,,,0.02,-1.78,0.0,100.0,25.9,Avoid,avoid,2026-06-30 16:23:28
151396,Aditya Birla Sun Life Crisil IBX AAA Mar 2024 Index Fund-Direct Growth,,Aditya Birla Sun Life Mutual Fund,Index / ETF,Other Scheme - Index Funds,10.8903,02-04-2024,278,0.0,0.0,0.0,0.0,0.0,1.81,,,0.0,-5.67,0.01,33.3,15.7,Avoid,avoid,2026-06-30 16:24:10
151364,UTI NIFTY SDL Plus AAA PSU Bond Apr 2026 75:25 Index Fund - Direct Plan - Growth Option,INF789F1AXL6,UTI Mutual Fund,Index / ETF,Other Scheme - Index Funds,12.5294,30-04-2026,773,0.0,0.42,1.78,4.73,6.47,6.73,,,0.17,-0.11,0.27,100.0,30.1,Avoid,avoid,2026-06-30 16:23:59
151300,Axis CRISIL IBX 50:50 Gilt Plus SDL June 2028 Index Fund - Direct Plan - Growth,INF846K010N7,Axis Mutual Fund,Debt,Other Scheme - Index Funds,12.8415,29-06-2026,831,1.24,1.86,2.5,5.31,7.61,7.52,,,0.47,0.48,0.81,100.0,37.0,Avoid,avoid,2026-06-30 16:23:43
151313,HDFC Long Duration Debt Fund - Growth Option - Direct Plan,INF179KC1ET7,HDFC Mutual Fund,Debt,Debt Scheme - Long Duration Fund,12.7035,29-06-2026,828,3.76,6.2,2.98,3.36,5.23,7.04,,,1.89,0.05,5.99,100.0,30.3,Avoid,avoid,2026-06-30 16:23:51
151301,Tata Nifty G Sec Dec 2026 Index Fund-Direct Plan-Growth,INF277KA1794,Tata Mutual Fund,Index / ETF,Other Scheme - Index Funds,12.7274,29-06-2026,828,0.6,1.48,2.77,5.64,7.12,7.17,,,0.1,0.48,0.56,100.0,36.8,Avoid,avoid,2026-06-30 16:23:43
151373,DSP Nifty SDL Plus G-Sec Sep 2027 50:50 Index Fund - Direct - Growth,INF740KA1SH4,DSP Mutual Fund,Index / ETF,Other Scheme - Index Funds,12.853,29-06-2026,813,0.96,1.55,2.81,5.77,7.48,7.44,,,0.25,0.61,0.34,100.0,38.5,Avoid,avoid,2026-06-30 16:24:20
151365,Edelweiss CRISIL IBX 50:50 Gilt Plus SDL Short Duration Index fund - Direct Plan - Growth,INF754K01RK5,Edelweiss Mutual Fund,Debt,Other Scheme - Index Funds,12.8184,29-06-2026,810,1.3,2.33,2.95,5.52,7.47,7.44,,,0.5,0.46,0.86,100.0,36.7,Avoid,avoid,2026-06-30 16:24:04
151320,TRUSTMF CORPORATE BOND FUND-DIRECT PLAN-GROWTH,INF0GCD01560,Trust Mutual Fund,Debt,Debt Scheme - Corporate Bond Fund,1268.0999,29-06-2026,827,1.57,2.33,2.78,5.04,7.09,7.05,,,0.52,0.16,0.57,100.0,32.9,Avoid,avoid,2026-06-30 16:24:04
151379,ITI Flexi Cap Fund- Direct Plan- Growth,INF00XX01CO7,ITI Mutual Fund,Multi Cap,Equity Scheme - Flexi Cap Fund,20.2716,29-06-2026,819,5.51,19.99,5.99,7.14,6.01,20.35,,,4.22,0.86,21.44,100.0,59.5,Watch,watch,2026-06-30 16:24:20
151390,Nippon India Nifty SDL Plus G-Sec-Jun 2029 Maturity 70:30 Index Fund-Direct Plan-Growth Option,INF204KC1AI7,Nippon India Mutual Fund,Index / ETF,Other Scheme - Index Funds,12.906,29-06-2026,806,1.66,2.04,2.67,5.27,7.84,7.67,,,0.59,0.46,0.94,100.0,36.9,Avoid,avoid,2026-06-30 16:24:20
151384,Kotak Banking & Financial Services Fund - Direct Plan - Growth,INF174KA1MD1,Kotak Mahindra Mutual Fund,Sectoral,Equity Scheme - Sectoral/ Thematic,17.18,29-06-2026,812,6.51,17.12,2.48,4.72,9.08,14.41,,,4.83,0.57,16.7,100.0,45.0,Avoid,avoid,2026-06-30 16:24:20
151329,DSP CRISIL-IBX 50:50 Gilt Plus SDL - April 2033 Index Fund - Direct - Growth,INF740KA1SB7,DSP Mutual Fund,Debt,Other Scheme - Index Funds,13.0649,29-06-2026,826,2.46,3.38,3.32,4.48,7.67,7.69,,,1.02,0.31,1.84,100.0,35.0,Avoid,avoid,2026-06-30 16:24:04
151290,HSBC Multi Cap Fund - Direct - Growth,INF336L01QN5,HSBC Mutual Fund,Multi Cap,Equity Scheme - Multi Cap Fund,20.5094,29-06-2026,833,3.0,17.7,4.87,5.68,5.3,21.48,,,3.99,0.92,20.07,100.0,61.5,Watch,watch,2026-06-30 16:23:43
151368,Axis Business Cycles Fund - Direct Plan - Growth,INF846K016N4,Axis Mutual Fund,Sectoral,Equity Scheme - Sectoral/ Thematic,17.24,29-06-2026,825,1.95,14.17,0.41,0.17,3.1,14.85,,,3.83,0.58,19.25,100.0,46.4,Avoid,avoid,2026-06-30 16:24:17
151307,Aditya Birla Sun Life Multi Asset Allocation Fund-Direct Growth,INF209KB15R9,Aditya Birla Sun Life Mutual Fund,Hybrid,Hybrid Scheme - Multi Asset Allocation,17.5128,29-06-2026,834,0.88,9.73,2.31,13.46,12.62,17.12,,,3.13,1.02,12.83,100.0,60.6,Watch,watch,2026-06-30 16:23:51
151407,"PGIM India CRISIL IBX Gilt Index - Apr 2028 Fund - Direct Plan, Growth Option",INF663L01X21,PGIM India Mutual Fund,Debt,Other Scheme - Index Funds,12.7906,29-06-2026,802,0.89,1.63,2.45,5.4,7.34,7.28,,,0.34,0.36,0.66,100.0,35.6,Avoid,avoid,2026-06-30 16:24:36
151408,BANDHAN CRISIL IBX GILT APRIL 2032 INDEX FUND - DIRECT GROWTH,INF194KB1FF5,Bandhan Mutual Fund,Debt,Other Scheme - Index Funds,13.071,29-06-2026,818,2.09,3.54,3.14,5.01,8.05,7.91,,,1.01,0.38,1.99,100.0,36.0,Avoid,avoid,2026-06-30 16:24:36
151427,Aditya Birla Sun Life CRISIL IBX SDL Jun 2032 INDEX FUND - Direct Growth,INF209KB14S0,Aditya Birla Sun Life Mutual Fund,Index / ETF,Other Scheme - Index Funds,12.9828,29-06-2026,810,2.32,2.99,3.28,4.42,7.52,7.56,,,1.16,0.26,2.21,100.0,34.1,Avoid,avoid,2026-06-30 16:24:36
151489,HDFC Nifty G-Sec Jun 2036 Index Fund - Growth Option - Direct Plan,INF179KC1FS6,HDFC Mutual Fund,Index / ETF,Other Scheme - Index Funds,13.1308,29-06-2026,792,2.09,3.93,3.12,4.53,7.65,7.99,,,1.13,0.34,3.18,100.0,35.6,Avoid,avoid,2026-06-30 16:25:00
151440,Nippon India Nifty G-Sec Oct 2028 Maturity Index Fund-Direct Plan-Growth Option,INF204KC1AO5,Nippon India Mutual Fund,Index / ETF,Other Scheme - Index Funds,12.902,29-06-2026,796,1.27,2.19,2.45,5.64,7.74,7.59,,,0.56,0.47,1.12,100.0,37.1,Avoid,avoid,2026-06-30 16:24:48
151420,Kotak Nifty SDL Jul 2033 Index Fund Direct Plan Growth Option,INF174KA1MJ8,Kotak Mahindra Mutual Fund,Index / ETF,Other Scheme - Index Funds,12.9413,29-06-2026,805,2.58,3.32,3.54,3.82,7.26,7.41,,,1.09,0.21,2.33,100.0,33.4,Avoid,avoid,2026-06-30 16:24:36
151456,HDFC Nifty SDL Oct 2026 Index Fund - Growth Option - Direct Plan,INF179KC1FI7,HDFC Mutual Fund,Index / ETF,Other Scheme - Index Funds,12.7338,29-06-2026,804,0.52,1.44,2.8,5.78,7.16,7.19,,,0.09,0.63,0.17,100.0,38.4,Avoid,avoid,2026-06-30 16:25:00
151435,AXIS CRISIL IBX 50:50 Gilt Plus SDL September 2027 Index Fund- DIRECT PLAN-GROWTH,INF846K012O1,Axis Mutual Fund,Debt,Other Scheme - Index Funds,12.8265,29-06-2026,808,0.94,1.55,2.85,5.78,7.49,7.41,,,0.23,0.61,0.37,100.0,38.5,Avoid,avoid,2026-06-30 16:24:47
151495,HDFC Nifty G-Sec Apr 2029 Index Fund - Growth Option - Direct Plan,INF179KC1FQ0,HDFC Mutual Fund,Index / ETF,Other Scheme - Index Funds,12.9573,29-06-2026,795,1.38,2.28,2.44,5.43,7.9,7.75,,,0.6,0.48,0.94,100.0,37.3,Avoid,avoid,2026-06-30 16:25:06
151443,Bank of India Multi Cap Fund Direct Plan - Growth,INF761K01FR0,Bank of India Mutual Fund,Multi Cap,Equity Scheme - Multi Cap Fund,20.21,29-06-2026,812,3.75,17.09,5.92,9.72,7.25,21.06,,,3.77,0.97,20.31,100.0,63.7,Watch,watch,2026-06-30 16:24:53
151479,HSBC CRISIL IBX Gilt June 2027 Index Fund - Direct - Growth,INF336L01QT2,HSBC Mutual Fund,Debt,Other Scheme - Index Funds,12.676,29-06-2026,785,0.81,1.52,2.75,5.76,7.41,7.37,,,0.19,0.58,0.52,100.0,38.1,Avoid,avoid,2026-06-30 16:25:00
151523,UTI Long Duration Fund - Direct Plan - Growth Option,INF789F1AYB5,UTI Mutual Fund,Debt,Debt Scheme - Long Duration Fund,12.407,29-06-2026,787,2.8,4.97,2.45,2.6,4.51,6.29,,,1.71,-0.1,5.68,100.0,27.8,Avoid,avoid,2026-06-30 16:25:12
151471,NAVI ELSS TAX SAVER NIFTY 50 INDEX FUND - DIRECT PLAN GROWTH,INF959L01GR6,Navi Mutual Fund,Index / ETF,Equity Scheme - ELSS,14.5343,29-06-2026,803,1.97,7.67,-7.24,-5.32,0.79,8.64,,,3.54,0.16,15.48,66.7,28.1,Avoid,avoid,2026-06-30 16:25:00
151487,UTI NIFTY SDL Plus AAA PSU Bond Apr 2028- 75:25 Index Fund - Direct Plan - Growth Option,INF789F1AXR3,UTI Mutual Fund,Index / ETF,Other Scheme - Index Funds,12.8347,29-06-2026,796,1.38,1.77,2.6,5.33,7.62,7.5,,,0.47,0.47,0.68,100.0,36.9,Avoid,avoid,2026-06-30 16:25:00
151458,HDFC MNC Fund - Growth Option - Direct Plan,INF179KC1FC0,HDFC Mutual Fund,Thematic,Equity Scheme - Sectoral/ Thematic,13.972,29-06-2026,810,0.9,14.05,0.55,2.66,-2.72,7.85,,,4.13,0.11,24.53,66.7,24.9,Avoid,avoid,2026-06-30 16:25:00
151412,Mirae Asset Flexi Cap Fund - Direct Plan - Growth,INF769K01JJ2,Mirae Asset Mutual Fund,Multi Cap,Equity Scheme - Flexi Cap Fund,16.74,29-06-2026,817,2.01,11.85,-1.92,1.63,5.09,14.22,,,3.56,0.56,16.11,100.0,45.6,Avoid,avoid,2026-06-30 16:24:36
151551,Motilal Oswal Nifty G-sec May 2029 Index Fund- Direct Plan Growth Option,,Motilal Oswal Mutual Fund,Index / ETF,Other Scheme - Index Funds,10.4561,01-09-2023,116,0.0,0.0,0.0,0.0,0.0,0.28,,,0.0,-32.4,0.4,33.3,15.6,Avoid,avoid,2026-06-30 16:25:02
151562,Aditya Birla Sun Life Nifty SDL SEP 2027 Index Fund-Direct Growth,INF209KB16T3,Aditya Birla Sun Life Mutual Fund,Index / ETF,Other Scheme - Index Funds,12.838,29-06-2026,794,1.02,1.57,2.86,5.82,7.54,7.5,,,0.27,0.66,0.36,100.0,39.1,Avoid,avoid,2026-06-30 16:25:14
151570,HDFC NIFTY SDL Plus G-Sec Jun 2027 40:60 Index Fund - Growth Option - Direct Plan,INF179KC1GA2,HDFC Mutual Fund,Index / ETF,Other Scheme - Index Funds,12.6777,29-06-2026,787,0.81,1.53,2.84,5.86,7.47,7.38,,,0.18,0.64,0.41,100.0,38.8,Avoid,avoid,2026-06-30 16:25:19
151608,Kotak Nifty SDL Jul 2028 Index Fund - Direct Plan - Growth,,Kotak Mahindra Mutual Fund,Index / ETF,Other Scheme - Index Funds,10.4711,21-11-2023,153,0.0,0.0,0.0,0.0,0.0,0.65,,,0.0,-13.05,0.49,33.3,15.6,Avoid,avoid,2026-06-30 16:25:36
151735,Baroda BNP Paribas Floater Fund - Direct Plan - Growth Option,,Baroda BNP Paribas Mutual Fund,Debt,Debt Scheme - Floater Fund,11.2381,10-09-2024,332,0.0,0.0,0.0,0.0,1.02,3.45,,,0.0,-2.56,0.17,66.7,19.6,Avoid,avoid,2026-06-30 16:26:22
151649,Kotak Nifty Smallcap 50 Index Fund - Direct Plan - Growth,INF174KA1NB3,Kotak Mahindra Mutual Fund,Index / ETF,Other Scheme - Index Funds,21.555,29-06-2026,786,3.24,23.76,8.22,0.48,3.82,23.25,,,5.37,0.74,25.01,100.0,61.0,Watch,watch,2026-06-30 16:25:47
151603,Kotak Silver ETF Fund of Fund - Direct Plan - Growth Option,INF174KA1MQ3,Kotak Mahindra Mutual Fund,Gold,Other Scheme - FoF Domestic,29.0766,29-06-2026,790,-16.49,-4.72,-4.8,102.63,55.3,44.91,,,14.96,0.99,45.61,100.0,80.1,Strong Pick,strong,2026-06-30 16:25:26
151593,Invesco India Nifty G-sec Jul 2027 Index Fund - Direct Plan - Growth,INF205KA1775,Invesco Mutual Fund,Index / ETF,Other Scheme - Index Funds,1267.2304,29-06-2026,787,0.81,1.53,2.76,5.78,7.45,7.39,,,0.19,0.59,0.53,100.0,38.3,Avoid,avoid,2026-06-30 16:25:26
151691,Mirae Asset Nifty SDL June 2028 Index Fund - Direct Plan - Growth,INF769K01JZ8,Mirae Asset Mutual Fund,Index / ETF,Other Scheme - Index Funds,12.7344,29-06-2026,780,1.35,1.68,2.55,5.17,7.72,7.61,,,0.51,0.51,0.92,100.0,37.3,Avoid,avoid,2026-06-30 16:26:05
151577,Aditya Birla Sun Life Crisil IBX Gilt Apr 2028 Index Fund-Direct Growth,INF209KB11U2,Aditya Birla Sun Life Mutual Fund,Debt,Other Scheme - Index Funds,12.6036,29-06-2026,791,0.87,1.73,2.54,5.39,7.19,7.14,,,0.34,0.25,0.68,100.0,34.3,Avoid,avoid,2026-06-30 16:25:26
151574,Baroda BNP Paribas NIFTY SDL December 2028 Index Fund - Direct Plan - Growth Option,INF251K01RR7,Baroda BNP Paribas Mutual Fund,Index / ETF,Other Scheme - Index Funds,12.8297,29-06-2026,784,1.75,1.7,2.36,4.6,7.75,7.57,,,0.67,0.41,1.18,100.0,36.0,Avoid,avoid,2026-06-30 16:25:24
151611,NJ ELSS Tax Saver Scheme Direct Growth,INF0J8L01115,NJ Mutual Fund,ELSS,Equity Scheme - ELSS,14.41,29-06-2026,743,0.77,9.92,-0.96,-6.79,-1.66,12.39,,,2.61,0.38,22.8,66.7,36.8,Avoid,avoid,2026-06-30 16:25:47
151724,HDFC NIFTY Midcap 150 Index Fund - Growth Option - Direct Plan,INF179KC1GC8,HDFC Mutual Fund,Index / ETF,Other Scheme - Index Funds,19.357,29-06-2026,783,0.54,16.73,2.88,3.36,4.5,19.21,,,4.2,0.77,21.08,100.0,55.4,Watch,watch,2026-06-30 16:26:05
151597,Invesco India Nifty G-sec Sep 2032 Index Fund - Direct Plan - Growth,INF205KA1817,Invesco Mutual Fund,Index / ETF,Other Scheme - Index Funds,1291.6294,29-06-2026,782,2.16,3.61,3.17,4.98,8.06,7.91,,,1.03,0.38,2.03,100.0,36.0,Avoid,avoid,2026-06-30 16:25:26
151727,HDFC NIFTY Smallcap 250 Index Fund - Growth Option - Direct Plan,INF179KC1GE4,HDFC Mutual Fund,Index / ETF,Other Scheme - Index Funds,19.1826,29-06-2026,783,3.71,23.32,6.78,-0.9,1.49,18.61,,,4.9,0.59,26.19,66.7,47.7,Avoid,avoid,2026-06-30 16:26:05
151580,ICICI Prudential Innovation Fund - Direct Plan - Growth,INF109KC12T2,ICICI Prudential Mutual Fund,Thematic,Equity Scheme - Sectoral/ Thematic,19.47,29-06-2026,776,1.78,13.93,-1.32,2.58,5.72,21.26,,,3.72,0.98,16.51,100.0,61.8,Watch,watch,2026-06-30 16:25:26
151728,HDFC BSE 500 Index Fund - Growth Option - Direct Plan,INF179KC1GG9,HDFC Mutual Fund,Index / ETF,Other Scheme - Index Funds,15.5117,29-06-2026,783,1.69,11.98,-2.91,-2.31,1.07,11.89,,,3.78,0.38,18.82,66.7,35.4,Avoid,avoid,2026-06-30 16:26:05
151713,quant Dynamic Asset Allocation Fund - Growth Option - Direct Plan,INF966L01BL5,quant Mutual Fund,Hybrid,Hybrid Scheme - Dynamic Asset Allocation or Balanced Advantage,17.4393,29-06-2026,788,-0.17,14.75,1.4,-0.28,1.49,17.68,,,3.91,0.69,18.43,66.7,48.5,Avoid,avoid,2026-06-30 16:26:05
151731,UTI Silver ETF Fund of Fund - Direct Plan - Growth Option,INF789F1AYL4,UTI Mutual Fund,Gold,Other Scheme - FoF Domestic,27.9017,29-06-2026,781,-16.42,-4.23,-3.96,101.87,53.9,44.92,,,15.06,0.98,45.48,100.0,80.1,Strong Pick,strong,2026-06-30 16:24:04
151739,UTI Nifty 500 Value 50 Index Fund - Direct Plan - Growth Option,INF789F1AYN0,UTI Mutual Fund,Index / ETF,Other Scheme - Index Funds,22.3619,29-06-2026,769,-2.74,7.92,5.69,13.15,5.35,28.44,,,4.33,1.17,22.63,66.7,70.0,Watch,watch,2026-06-30 16:26:27
151745,WhiteOak Capital Multi Asset Allocation Fund Direct Plan Growth,INF03VN01761,WhiteOak Capital Mutual Fund,Hybrid,Hybrid Scheme - Multi Asset Allocation,16.225,29-06-2026,750,0.69,5.27,3.76,12.06,14.5,16.72,,,1.94,1.6,6.08,100.0,66.1,Watch,watch,2026-06-30 16:26:30
151750,HDFC Defence Fund - Growth Option - Direct Plan,INF179KC1GI5,HDFC Mutual Fund,Sectoral,Equity Scheme - Sectoral/ Thematic,30.228,29-06-2026,754,5.03,34.48,27.46,14.97,12.93,43.71,,,6.78,1.18,34.54,100.0,72.1,Watch,watch,2026-06-30 16:26:30
151753,Samco Active Momentum Fund - Direct Plan - Growth Option,INF0K1H01081,Samco Mutual Fund,Thematic,Equity Scheme - Sectoral/ Thematic,15.09,29-06-2026,727,4.14,23.08,12.7,1.48,3.27,,,,4.21,0.55,25.0,100.0,43.1,Avoid,avoid,2026-06-30 16:26:30
151755,Baroda BNP Paribas Value Fund - Direct Plan - Growth option,INF251K01SD5,Baroda BNP Paribas Mutual Fund,Thematic,Equity Scheme - Value Fund,14.2179,29-06-2026,749,0.11,9.57,-2.47,-2.1,-1.54,11.77,,,3.51,0.39,19.78,33.3,31.5,Avoid,avoid,2026-06-30 16:26:30
151762,UTI Nifty50 Equal Weight Index Fund - Direct Plan - Growth Option,INF789F1AYP5,UTI Mutual Fund,Index / ETF,Other Scheme - Index Funds,15.0088,29-06-2026,749,0.35,10.07,-1.43,1.91,4.07,13.57,,,3.57,0.54,18.12,100.0,44.0,Avoid,avoid,2026-06-30 16:24:20
151757,quant Business Cycle Fund - Growth Option - Direct Plan,INF966L01BR2,quant Mutual Fund,Sectoral,Equity Scheme - Sectoral/ Thematic,17.5338,29-06-2026,756,0.62,24.97,8.97,3.15,0.16,18.8,,,5.41,0.66,29.25,66.7,48.0,Avoid,avoid,2026-06-30 16:24:20
151764,UTI BSE Housing Index Fund - Direct Plan - Growth Option,INF789F1AYR1,UTI Mutual Fund,Index / ETF,Other Scheme - Index Funds,13.7653,29-06-2026,749,0.96,15.16,-2.07,-7.94,-6.76,10.68,,,5.35,0.28,26.63,33.3,26.5,Avoid,avoid,2026-06-30 16:24:20
151796,360 ONE FLEXICAP FUND-DIRECT PLAN- GROWTH,INF579M01AS1,360 ONE Mutual Fund,Multi Cap,Equity Scheme - Flexi Cap Fund,16.2459,29-06-2026,731,3.43,18.37,3.31,2.9,3.69,,,,3.92,0.75,18.12,100.0,47.3,Avoid,avoid,2026-06-30 16:26:58
151769,SBI BSE Sensex Index Fund - Direct Plan - Growth,INF200KA16Y4,SBI Mutual Fund,Index / ETF,Other Scheme - Index Funds,12.6348,29-06-2026,765,2.89,7.09,-8.99,-7.58,-0.7,6.76,,,3.62,0.01,16.09,66.7,23.3,Avoid,avoid,2026-06-30 16:24:33
151781,Kotak Nifty 200 Momentum 30 Index Fund - Direct Plan - Growth Option,INF174KA1OB1,Kotak Mahindra Mutual Fund,Index / ETF,Other Scheme - Index Funds,14.751,29-06-2026,742,1.46,14.27,0.3,-3.06,-6.05,13.44,,,4.36,0.42,31.6,33.3,32.9,Avoid,avoid,2026-06-30 16:24:36
151785,Axis Nifty IT Index Fund - Direct Plan - Growth,INF846K017R3,Axis Mutual Fund,Index / ETF,Other Scheme - Index Funds,9.4926,29-06-2026,731,-7.03,-6.51,-28.2,-29.26,-12.02,,,,6.89,-0.29,39.51,50.0,16.5,Avoid,avoid,2026-06-30 16:24:36
151777,ITI Focused Fund - Direct Plan - Growth,INF00XX01CS8,ITI Mutual Fund,Thematic,Equity Scheme - Focused Fund,17.1558,29-06-2026,740,1.08,17.21,4.37,6.57,8.1,19.59,,,3.8,0.92,18.44,100.0,59.0,Watch,watch,2026-06-30 16:24:36
151792,Edelweiss Multi Asset Allocation Fund - Direct Plan - Growth,INF754K01RS8,Edelweiss Mutual Fund,Hybrid,Hybrid Scheme - Multi Asset Allocation,12.5162,29-06-2026,726,1.29,2.05,3.82,6.49,7.71,7.7,,,0.61,0.6,1.77,100.0,38.9,Avoid,avoid,2026-06-30 16:26:57
151791,quant BFSI Fund - Growth Option - Direct Plan,INF966L01BX0,quant Mutual Fund,Thematic,Equity Scheme - Sectoral/ Thematic,21.3244,29-06-2026,741,4.1,21.82,6.59,17.99,11.13,27.34,,,4.32,1.2,22.34,100.0,77.1,Strong Pick,strong,2026-06-30 16:26:55
151952,LIC MF Equity Savings Fund-Direct Plan-Growth,INF397L01AZ5,LIC Mutual Fund,Hybrid,Hybrid Scheme - Equity Savings,31.8744,29-06-2026,714,-0.09,5.15,0.46,1.58,5.6,,,,1.45,0.4,7.47,100.0,46.7,Avoid,avoid,2026-06-30 16:25:26
152004,LIC MF Small Cap Fund-Direct Plan-Growth,INF397L01JS1,LIC Mutual Fund,Small Cap,Equity Scheme - Small Cap Fund,37.7718,29-06-2026,714,4.73,28.92,15.11,10.43,4.2,,,,5.04,0.68,27.01,50.0,39.6,Avoid,avoid,2026-06-30 16:28:01
152056,DSP Multi Asset Allocation Fund - Direct - Growth,INF740KA1TE9,DSP Mutual Fund,Hybrid,Hybrid Scheme - Multi Asset Allocation,16.5279,29-06-2026,626,-0.99,5.82,3.61,17.5,16.21,,,,2.87,1.58,9.71,100.0,73.2,Watch,watch,2026-06-30 16:28:24
152018,LIC MF Value Fund-Direct Plan-Growth,INF397L01KU5,LIC Mutual Fund,Thematic,Equity Scheme - Value Fund,29.9823,29-06-2026,714,4.32,22.5,14.29,15.28,8.03,,,,4.12,0.69,25.2,100.0,54.5,Avoid,avoid,2026-06-30 16:28:02
152032,HSBC Consumption Fund - Direct Growth,INF336L01QZ9,HSBC Mutual Fund,Sectoral,Equity Scheme - Sectoral/ Thematic,14.7885,29-06-2026,690,2.95,14.71,-1.83,-0.75,3.94,,,,4.41,0.57,21.2,50.0,34.6,Avoid,avoid,2026-06-30 16:28:02
152059,HDFC Technology Fund - Growth Option - Direct Plan,INF179KC1HI3,HDFC Mutual Fund,Sectoral,Equity Scheme - Sectoral/ Thematic,10.979,29-06-2026,686,-3.08,0.75,-22.53,-23.99,-5.16,,,,5.32,-0.09,29.72,50.0,22.7,Avoid,avoid,2026-06-30 16:28:24
152002,LIC MF Mid Cap Fund-Direct Plan-Growth,INF397L01JK8,LIC Mutual Fund,Mid Cap,Equity Scheme - Mid Cap Fund,33.965,29-06-2026,714,2.34,20.16,4.72,1.64,2.97,,,,4.33,0.71,21.47,100.0,45.8,Avoid,avoid,2026-06-30 16:25:26
152045,Mahindra Manulife Business Cycle Fund - Direct Plan - Growth,INF174V01BQ4,Mahindra Manulife Mutual Fund,Sectoral,Equity Scheme - Sectoral/ Thematic,16.262,29-06-2026,683,1.33,12.1,2.32,5.9,5.04,,,,3.43,0.82,21.44,100.0,49.2,Avoid,avoid,2026-06-30 16:28:12
152051,Shriram Multi Asset Allocation Fund - Direct Growth,INF680P01406,Shriram Mutual Fund,Hybrid,Hybrid Scheme - Multi Asset Allocation,13.6237,29-06-2026,681,0.05,6.04,-0.98,7.03,2.74,,,,2.89,0.51,15.33,50.0,38.2,Avoid,avoid,2026-06-30 16:28:12
152010,LIC MF Focused Fund-Direct Plan-Growth,INF397L01KA7,LIC Mutual Fund,Thematic,Equity Scheme - Focused Fund,23.7557,29-06-2026,714,4.15,16.4,1.03,-2.36,2.89,,,,3.58,0.29,21.12,50.0,31.5,Avoid,avoid,2026-06-30 16:28:02
152024,LIC MF Healthcare Fund-Direct Plan-Growth,INF397L01LK4,LIC Mutual Fund,Sectoral,Equity Scheme - Sectoral/ Thematic,34.8701,29-06-2026,714,3.06,15.8,10.06,10.05,14.44,,,,3.71,1.01,15.1,100.0,56.4,Watch,watch,2026-06-30 16:28:02
151974,LIC MF Gold ETF Fund of Fund-Direct Plan-Growth,INF397L01BU4,LIC Mutual Fund,Gold,Other Scheme - FoF Domestic,38.4907,29-06-2026,703,-9.18,-2.67,4.64,44.96,38.16,,,,8.55,1.23,24.48,100.0,76.0,Strong Pick,strong,2026-06-30 16:25:26
152039,Kotak BSE Housing Index Fund - Direct Plan - Growth Option,INF174KA1OX5,Kotak Mahindra Mutual Fund,Index / ETF,Other Scheme - Index Funds,12.835,29-06-2026,690,1.06,15.31,-1.99,-7.81,-6.71,,,,5.37,0.13,26.59,0.0,17.2,Avoid,avoid,2026-06-30 16:28:02
152033,Nippon India Innovation Fund-Direct Plan-Growth Option,INF204KC1BO3,Nippon India Mutual Fund,Thematic,Equity Scheme - Sectoral/ Thematic,14.914,29-06-2026,691,2.62,17.98,1.33,2.1,2.61,,,,4.1,0.55,21.47,100.0,43.7,Avoid,avoid,2026-06-30 16:28:02
152041,Bandhan Nifty IT Index Fund - Direct Plan - Growth,INF194KB1GK3,Bandhan Mutual Fund,Index / ETF,Other Scheme - Index Funds,9.1918,29-06-2026,700,-7.09,-6.61,-28.32,-29.43,-12.06,,,,6.9,-0.37,39.62,50.0,15.3,Avoid,avoid,2026-06-30 16:28:02
152071,WhiteOak Capital Multi Cap Fund Direct Plan Growth,INF03VN01803,WhiteOak Capital Mutual Fund,Multi Cap,Equity Scheme - Multi Cap Fund,16.271,29-06-2026,676,2.9,16.21,2.57,4.44,9.42,,,,3.73,0.86,16.93,100.0,49.3,Avoid,avoid,2026-06-30 16:28:24
152076,360 ONE Balanced Hybrid Fund- Direct Plan - Growth,INF579M01AY9,360 ONE Mutual Fund,Hybrid,Hybrid Scheme - Balanced Hybrid Fund,13.6446,29-06-2026,660,2.88,9.66,3.29,4.06,5.67,,,,2.3,0.68,6.67,100.0,49.9,Avoid,avoid,2026-06-30 16:28:43
152107,QUANTUM SMALL CAP FUND - DIRECT PLAN GROWTH OPTION,INF082J01432,Quantum Mutual Fund,Small Cap,Equity Scheme - Small Cap Fund,13.78,29-06-2026,647,3.22,21.95,6.99,5.19,8.02,,,,3.69,0.43,18.21,100.0,43.1,Avoid,avoid,2026-06-30 16:26:29
152087,UTI Innovation Fund - Direct Plan - Growth Option,INF789F1AZA4,UTI Mutual Fund,Thematic,Equity Scheme - Sectoral/ Thematic,11.2015,29-06-2026,661,1.01,21.54,-5.05,-5.52,-1.82,,,,5.75,-0.06,31.51,50.0,22.4,Avoid,avoid,2026-06-30 16:28:43
152092,Groww Nifty Total Market Index Fund - Direct Plan - Growth,INF666M01HM4,Groww Mutual Fund,Index / ETF,Other Scheme - Index Funds,13.8302,29-06-2026,657,1.8,12.94,-2.11,-1.97,1.59,,,,3.83,0.41,18.89,50.0,33.3,Avoid,avoid,2026-06-30 16:28:43
152082,HDFC Pharma and Healthcare Fund - Growth Option - Direct Plan,INF179KC1HO1,HDFC Mutual Fund,Sectoral,Equity Scheme - Sectoral/ Thematic,20.924,29-06-2026,671,5.0,19.61,19.46,21.71,25.73,,,,3.93,1.62,14.91,100.0,75.7,Strong Pick,strong,2026-06-30 16:28:43
152128,Baroda BNP Paribas Small Cap Fund - Direct Plan - Growth option,INF251K01SR5,Baroda BNP Paribas Mutual Fund,Small Cap,Equity Scheme - Small Cap Fund,14.1912,30-06-2026,653,4.3,15.9,6.84,4.41,1.7,,,,3.97,0.42,25.0,50.0,32.4,Avoid,avoid,2026-07-01 16:07:29
152077,Bajaj Finserv Arbitrage Fund-Direct Plan-Growth,INF0QA701524,Bajaj Finserv Mutual Fund,Index / ETF,Hybrid Scheme - Arbitrage Fund,12.102,29-06-2026,680,0.95,1.52,3.28,6.47,6.83,,,,0.18,0.36,0.24,100.0,50.0,Avoid,avoid,2026-06-30 16:28:43
152102,Bandhan Retirement Fund - Direct Plan - Growth,INF194KB1GU2,Bandhan Mutual Fund,Other,Solution Oriented Scheme - Retirement Fund,13.125,29-06-2026,669,1.73,7.95,-1.36,0.88,3.79,,,,2.55,0.47,9.77,100.0,46.1,Avoid,avoid,2026-06-30 16:26:30
152098,Kotak Nifty G-Sec July 2033 Index Fund - Direct Plan - Growth,INF174KA1PJ1,Kotak Mahindra Mutual Fund,Index / ETF,Other Scheme - Index Funds,12.4533,29-06-2026,652,2.33,3.32,3.06,4.93,7.9,,,,0.96,0.58,2.09,100.0,50.7,Avoid,avoid,2026-06-30 16:26:30
152135,Helios Flexi Cap Fund - Direct Plan - Growth Option,INF0R8701046,Helios Mutual Fund,Multi Cap,Equity Scheme - Flexi Cap Fund,15.73,29-06-2026,644,3.01,18.0,2.08,6.5,7.55,,,,4.19,0.64,18.23,100.0,46.8,Avoid,avoid,2026-06-30 16:29:13
152109,Parag Parikh Arbitrage Fund - Direct Plan Growth,INF879O01225,PPFAS Mutual Fund,Hybrid,Hybrid Scheme - Arbitrage Fund,11.9813,29-06-2026,650,0.85,1.45,3.14,6.25,6.72,,,,0.15,0.34,0.22,100.0,49.5,Avoid,avoid,2026-06-30 16:26:30
152094,Edelweiss Multi Cap Fund - Direct Plan - Growth,INF754K01SD8,Edelweiss Mutual Fund,Multi Cap,Equity Scheme - Multi Cap Fund,16.0843,29-06-2026,655,2.19,14.81,2.03,2.25,4.74,,,,3.89,0.69,20.19,100.0,46.2,Avoid,avoid,2026-06-30 16:28:43
152090,Motilal Oswal Developed Market Ex US ETFs Fund of Funds Direct Plan Growth,INF247L01BT3,Motilal Oswal Mutual Fund,Index / ETF,Other Scheme - FoF Overseas,18.1863,29-06-2026,674,-0.84,9.21,15.42,33.08,26.46,,,,2.82,1.17,14.27,100.0,80.8,Strong Pick,strong,2026-06-30 16:28:43
152132,WhiteOak Capital Balanced Hybrid Fund Direct Plan Growth,INF03VN01829,WhiteOak Capital Mutual Fund,Hybrid,Hybrid Scheme - Balanced Hybrid Fund,13.62,29-06-2026,642,2.15,7.74,-0.04,2.76,6.53,,,,2.4,0.62,8.39,100.0,48.7,Avoid,avoid,2026-06-30 16:29:02
152140,Aditya Birla Sun Life US Treasury 1-3 Year Bond ETFs Fund Of Funds-Direct Growth,INF209KB16W7,Aditya Birla Sun Life Mutual Fund,Index / ETF,Other Scheme - FoF Overseas,12.7239,29-06-2026,650,-0.38,1.19,6.05,13.49,10.92,,,,1.05,0.74,2.69,100.0,60.5,Watch,watch,2026-06-30 16:29:11
152156,Zerodha Nifty LargeMidcap 250 Index Fund - Direct Plan - Growth option,INF0R8F01018,Zerodha Mutual Fund,Index / ETF,Other Scheme - Index Funds,14.1998,29-06-2026,645,1.15,13.34,-0.91,0.39,3.21,,,,3.87,0.54,18.75,100.0,44.3,Avoid,avoid,2026-06-30 16:29:13
152157,Zerodha ELSS Tax Saver Nifty LargeMidcap 250 Index Fund - Direct Plan - Growth option,INF0R8F01026,Zerodha Mutual Fund,Index / ETF,Other Scheme - Index Funds,14.2291,29-06-2026,645,1.17,13.39,-0.85,0.47,3.31,,,,3.87,0.55,18.72,100.0,44.4,Avoid,avoid,2026-06-30 16:29:13
152188,Samco Dynamic Asset Allocation Fund - Direct Plan - Growth Option,INF0K1H01131,Samco Mutual Fund,Hybrid,Hybrid Scheme - Dynamic Asset Allocation or Balanced Advantage,10.75,29-06-2026,609,-0.19,7.5,0.75,-0.65,-0.55,,,,1.99,-0.36,15.25,0.0,15.6,Avoid,avoid,2026-06-30 16:29:27
152194,Bajaj Finserv Balanced Advantage Fund-Direct Plan-Growth,INF0QA701656,Bajaj Finserv Mutual Fund,Index / ETF,Hybrid Scheme - Dynamic Asset Allocation or Balanced Advantage,11.865,29-06-2026,621,2.06,8.53,-1.62,0.26,3.16,,,,3.04,0.02,12.52,100.0,38.6,Avoid,avoid,2026-06-30 16:29:47
152162,Bajaj Finserv Banking and PSU Fund-Direct Plan- Growth,INF0QA701607,Bajaj Finserv Mutual Fund,Debt,Debt Scheme - Banking and PSU Fund,12.1526,29-06-2026,631,1.84,2.38,2.68,5.22,7.52,,,,0.62,0.45,0.76,100.0,49.6,Avoid,avoid,2026-06-30 16:29:27
152158,Aditya Birla Sun Life Transportation and Logistics Fund-Direct Growth,INF209KB15X7,Aditya Birla Sun Life Mutual Fund,Sectoral,Equity Scheme - Sectoral/ Thematic,16.01,29-06-2026,639,4.64,19.12,2.3,13.06,4.79,,,,4.58,0.67,28.25,50.0,42.1,Avoid,avoid,2026-06-30 16:29:13
152150,Aditya Birla Sun Life US Treasury 3-10 Year Bond ETFs Fund Of Funds-Direct Growth,INF209KB12X4,Aditya Birla Sun Life Mutual Fund,Index / ETF,Other Scheme - FoF Overseas,12.9987,29-06-2026,650,-0.18,0.96,5.16,13.23,11.11,,,,0.98,0.68,3.31,100.0,59.4,Watch,watch,2026-06-30 16:29:13
152189,quant Momentum Fund - Growth Option - Direct Plan,INF966L01CZ3,quant Mutual Fund,Thematic,Equity Scheme - Sectoral/ Thematic,15.8634,29-06-2026,639,1.81,22.3,7.98,6.01,1.12,,,,5.05,0.62,22.67,50.0,35.3,Avoid,avoid,2026-06-30 16:29:46
152183,DSP Gold ETF Fund of Fund - Direct - Growth,INF740KA1TK6,DSP Mutual Fund,Gold,Other Scheme - FoF Domestic,22.1802,29-06-2026,640,-9.49,-4.8,4.89,45.65,38.32,,,,7.71,1.37,25.22,100.0,78.3,Strong Pick,strong,2026-06-30 16:29:27
152206,DSP Banking & Financial Services Fund - Direct - Growth,INF740KA1TQ3,DSP Mutual Fund,Sectoral,Equity Scheme - Sectoral/ Thematic,15.233,29-06-2026,626,5.54,17.55,4.9,9.6,16.28,,,,4.52,0.82,14.69,100.0,52.4,Avoid,avoid,2026-06-30 16:29:47
152169,Kotak Consumption Fund - Direct plan - Growth Option,INF174KA1PP8,Kotak Mahindra Mutual Fund,Sectoral,Equity Scheme - Sectoral/ Thematic,14.337,29-06-2026,638,3.79,13.74,-3.47,3.34,7.11,,,,4.26,0.5,20.6,100.0,42.9,Avoid,avoid,2026-06-30 16:29:27
152202,Axis India Manufacturing Fund - Direct Plan - Growth,INF846K016S3,Axis Mutual Fund,Sectoral,Equity Scheme - Sectoral/ Thematic,15.68,29-06-2026,623,0.77,15.63,9.27,11.05,5.75,,,,3.84,0.77,22.99,100.0,52.5,Avoid,avoid,2026-06-30 16:29:45
152152,Helios Overnight Fund - Direct Plan - Growth Option,INF0R8701079,Helios Mutual Fund,Debt,Debt Scheme - Overnight Fund,1169.5379,29-06-2026,691,0.4,1.24,2.48,5.17,5.72,,,,0.02,-3.74,0,100.0,36.5,Avoid,avoid,2026-06-30 16:29:13
152177,Bandhan Nifty Alpha 50 Index Fund - Direct Plan - Growth,INF194KB1HA2,Bandhan Mutual Fund,Index / ETF,Other Scheme - Index Funds,14.0739,29-06-2026,654,1.26,20.2,7.27,-1.17,-3.16,,,,4.77,0.37,31.84,0.0,20.6,Avoid,avoid,2026-06-30 16:29:27
152214,Kotak Healthcare Fund - Direct Plan - Growth Option,INF174KA1PZ7,Kotak Mahindra Mutual Fund,Sectoral,Equity Scheme - Sectoral/ Thematic,16.574,29-06-2026,621,6.35,21.38,21.96,20.14,19.14,,,,4.3,0.9,18.05,100.0,62.9,Watch,watch,2026-06-30 16:29:47
152219,Union Children's Fund - Direct Plan - Growth Option,INF582M01JK3,Union Mutual Fund,Other,Solution Oriented Scheme - Children’s Fund,13.08,29-06-2026,618,3.4,14.74,1.16,2.19,5.55,,,,3.66,0.31,17.4,100.0,41.4,Avoid,avoid,2026-06-30 16:29:47
152226,Whiteoak Capital Large & Mid Cap Fund Direct Plan Growth,INF03VN01845,WhiteOak Capital Mutual Fund,Mid Cap,Equity Scheme - Large & Mid Cap Fund,13.997,29-06-2026,616,1.83,13.15,0.67,2.84,7.19,,,,3.51,0.51,16.02,100.0,44.6,Avoid,avoid,2026-06-30 16:29:54
152240,Axis US Specific Treasury Dynamic Debt Passive FOF - Direct Plan - Growth Option,INF846K017T9,Axis Mutual Fund,Debt,Other Scheme - FoF Overseas,12.2535,29-06-2026,606,-0.52,0.26,4.79,13.68,10.97,,,,1.07,0.33,4.94,100.0,54.4,Avoid,avoid,2026-06-30 16:30:05
152314,Sundaram Multi Asset Allocation Fund Direct Plan Growth,INF903JA1LK9,Sundaram Mutual Fund,Hybrid,Hybrid Scheme - Multi Asset Allocation,13.4279,29-06-2026,594,-0.56,5.78,-1.6,6.88,9.59,,,,3.13,0.64,13.1,100.0,49.1,Avoid,avoid,2026-06-30 16:30:40
152267,Aditya Birla Sun Life Crisil IBX Gilt Apr 2033 Index Fund-Direct Growth,INF209KB19Y7,Aditya Birla Sun Life Mutual Fund,Debt,Other Scheme - Index Funds,12.1843,29-06-2026,605,2.25,3.08,3.18,5.04,7.93,,,,0.87,0.5,1.78,100.0,49.7,Avoid,avoid,2026-06-30 16:30:05
152329,Baroda BNP Paribas Nifty 50 Index Fund - Direct Plan - Growth option,INF251K01SY1,Baroda BNP Paribas Mutual Fund,Index / ETF,Other Scheme - Index Funds,11.2813,29-06-2026,593,1.97,7.65,-7.3,-5.39,0.68,,,,3.53,-0.08,15.52,50.0,27.0,Avoid,avoid,2026-06-30 16:30:41
152254,Groww Banking & Financial Services Fund - Direct Plan - Growth,INF666M01HS1,Groww Mutual Fund,Sectoral,Equity Scheme - Sectoral/ Thematic,13.1294,29-06-2026,587,4.26,19.73,6.8,7.01,9.42,,,,4.35,0.44,16.35,100.0,44.4,Avoid,avoid,2026-06-30 16:30:05
152310,DSP Multicap Fund - Direct - Growth,INF740KA1UC1,DSP Mutual Fund,Multi Cap,Equity Scheme - Multi Cap Fund,12.6,29-06-2026,592,3.11,17.63,2.16,0.59,2.89,,,,4.15,0.29,21.27,100.0,39.9,Avoid,avoid,2026-06-30 16:30:41
152321,WhiteOak Capital Banking & Financial Services Fund - Direct Growth,INF03VN01860,WhiteOak Capital Mutual Fund,Sectoral,Equity Scheme - Sectoral/ Thematic,13.42,29-06-2026,587,5.16,16.31,0.58,3.06,10.55,,,,4.59,0.52,16.19,100.0,43.5,Avoid,avoid,2026-06-30 16:30:41
152243,DSP Nifty Smallcap250 Quality 50 Index Fund - Direct - Growth,INF740KA1TW1,DSP Mutual Fund,Index / ETF,Other Scheme - Index Funds,10.9582,29-06-2026,616,-0.07,14.53,-1.43,-11.13,-4.74,,,,3.92,-0.09,30.71,50.0,24.1,Avoid,avoid,2026-06-30 16:30:02
152255,quant Commodities Fund - Growth Option - Direct Plan,INF966L01DF3,quant Mutual Fund,Sectoral,Equity Scheme - Sectoral/ Thematic,15.3598,29-06-2026,614,-2.12,27.55,12.77,10.89,7.65,,,,6.98,0.61,25.93,100.0,46.0,Avoid,avoid,2026-06-30 16:30:05
152264,BANDHAN Nifty Smallcap 250 Index Fund - Direct Plan - Growth,INF194KB1HG9,Bandhan Mutual Fund,Index / ETF,Other Scheme - Index Funds,12.7706,29-06-2026,625,3.72,23.35,6.82,-0.82,1.47,,,,4.9,0.16,26.12,50.0,27.3,Avoid,avoid,2026-06-30 16:30:05
152324,Bandhan Multi Asset Allocation Fund - Direct Plan - Growth,INF194KB1HM7,Bandhan Mutual Fund,Hybrid,Hybrid Scheme - Multi Asset Allocation,14.529,29-06-2026,600,0.06,9.12,3.74,15.22,13.34,,,,2.66,1.06,10.02,100.0,63.8,Watch,watch,2026-06-30 16:30:41
152287,Tata Gold ETF Fund of Fund Direct Plan Growth Option,INF277KA1869,Tata Mutual Fund,Gold,Other Scheme - FoF Domestic,21.5538,30-06-2026,597,-8.83,-5.75,4.53,41.81,37.54,,,,7.77,1.34,24.32,100.0,77.9,Strong Pick,strong,2026-07-01 16:07:28
152293,Tata Silver ETF Fund of Fund Direct Plan Growth Option,INF277KA1943,Tata Mutual Fund,Gold,Other Scheme - FoF Domestic,29.2369,30-06-2026,597,-14.5,-5.42,-0.95,100.42,55.27,,,,15.99,1.17,42.93,100.0,72.3,Watch,watch,2026-07-01 16:07:28
152237,Motilal Oswal Small Cap Fund - Direct - Growth,INF247L01BY3,Motilal Oswal Mutual Fund,Small Cap,Equity Scheme - Small Cap Fund,16.4715,29-06-2026,613,7.06,31.18,16.09,13.63,15.89,,,,5.3,0.78,23.69,100.0,53.2,Avoid,avoid,2026-06-30 16:30:05
152344,Mirae Asset Multi Asset Allocation Fund - Direct Plan - Growth,INF769K01KZ6,Mirae Asset Mutual Fund,Hybrid,Hybrid Scheme - Multi Asset Allocation,13.792,29-06-2026,591,0.03,6.17,1.34,10.7,11.91,,,,2.44,0.95,9.09,100.0,58.5,Watch,watch,2026-06-30 16:31:03
152396,Bank of India Multi Asset Allocation Fund-Direct Plan-Growth,INF761K01FZ3,Bank of India Mutual Fund,Hybrid,Hybrid Scheme - Multi Asset Allocation,12.8348,30-06-2026,560,1.57,6.98,4.91,10.93,8.31,,,,2.16,0.62,9.36,100.0,54.2,Avoid,avoid,2026-07-01 16:07:28
152389,Nippon India Nifty Bank Index Fund - Direct Plan - Growth Option,INF204KC1BY2,Nippon India Mutual Fund,Index / ETF,Other Scheme - Index Funds,12.4581,29-06-2026,574,6.69,15.23,-2.17,1.21,5.47,,,,5.23,0.25,18.34,100.0,38.6,Avoid,avoid,2026-06-30 16:28:42
152380,HSBC Multi Asset Allocation Fund - Direct - Growth,INF336L01RI3,HSBC Mutual Fund,Hybrid,Hybrid Scheme - Multi Asset Allocation,14.1678,29-06-2026,570,-0.3,10.31,5.12,16.91,11.31,,,,3.19,0.73,18.69,100.0,58.6,Watch,watch,2026-06-30 16:31:15
152358,Old Bridge Focused Fund - Direct Growth,INF0S5R01042,Old Bridge Mutual Fund,Thematic,Equity Scheme - Focused Fund,13.37,29-06-2026,596,3.4,17.69,5.11,7.82,9.02,,,,4.14,0.47,18.94,100.0,45.5,Avoid,avoid,2026-06-30 16:31:02
152365,ICICI Prudential Nifty50 Value 20 Index Fund - Direct Plan - Growth,INF109KC16T3,ICICI Prudential Mutual Fund,Index / ETF,Other Scheme - Index Funds,10.1915,29-06-2026,589,-0.31,3.39,-9.13,-6.85,-3.01,,,,3.24,-0.47,19.19,50.0,21.1,Avoid,avoid,2026-06-30 16:31:02
152382,PGIM India Large and Midcap Fund - Direct Plan - Growth Option,INF663L01Y12,PGIM India Mutual Fund,Mid Cap,Equity Scheme - Large & Mid Cap Fund,12.76,29-06-2026,580,2.82,12.92,-0.62,-1.92,4.57,,,,3.81,0.3,15.46,50.0,32.2,Avoid,avoid,2026-06-30 16:31:15
152336,quant Consumption Fund - Growth Option - Direct Plan,INF966L01DN7,quant Mutual Fund,Sectoral,Equity Scheme - Sectoral/ Thematic,10.3873,29-06-2026,595,4.66,22.7,6.88,-0.93,-3.11,,,,4.36,-0.33,30.41,0.0,11.1,Avoid,avoid,2026-06-30 16:30:51
152409,Union Business Cycle Fund - Direct Plan - Growth Option,INF582M01JQ0,Union Mutual Fund,Sectoral,Equity Scheme - Sectoral/ Thematic,12.1,30-06-2026,565,4.76,15.13,3.77,4.94,2.71,,,,4.35,0.22,19.9,100.0,38.9,Avoid,avoid,2026-07-01 16:07:45
152370,SBI Nifty50 Equal Weight Index Fund - Direct Plan - Growth,INF200KB1027,SBI Mutual Fund,Index / ETF,Other Scheme - Index Funds,12.103,29-06-2026,597,0.31,10.02,-1.5,1.77,4.06,,,,3.57,0.13,18.09,100.0,38.7,Avoid,avoid,2026-06-30 16:31:15
152371,SBI Nifty50 Equal Weight Index Fund - Direct Plan - Income Distribution Cum Capital Withdrawal Option,INF200KB1035,SBI Mutual Fund,Index / ETF,Other Scheme - Index Funds,12.1022,29-06-2026,597,0.31,10.02,-1.5,1.77,4.06,,,,3.57,0.13,18.09,100.0,38.7,Avoid,avoid,2026-06-30 16:31:15
152392,Nippon India Nifty IT Index Fund - Direct Plan - Growth Option,INF204KC1CE2,Nippon India Mutual Fund,Index / ETF,Other Scheme - Index Funds,7.4074,29-06-2026,574,-7.04,-6.54,-28.15,-29.23,-11.95,,,,6.87,-0.64,39.41,50.0,13.5,Avoid,avoid,2026-06-30 16:28:43
152408,Bajaj Finserv Large and Mid Cap Fund- Direct Plan- Growth,INF0QA701763,Bajaj Finserv Mutual Fund,Index / ETF,Equity Scheme - Large & Mid Cap Fund,12.626,30-06-2026,572,4.13,10.7,-2.22,-0.89,3.19,,,,4.0,0.36,16.2,50.0,32.8,Avoid,avoid,2026-07-01 16:07:29
152349,WhiteOak Capital Pharma and Heathcare Fund Direct Plan Growth,INF03VN01886,WhiteOak Capital Mutual Fund,Sectoral,Equity Scheme - Sectoral/ Thematic,16.508,29-06-2026,587,6.03,18.76,17.1,18.99,24.62,,,,3.89,1.12,15.39,100.0,65.9,Watch,watch,2026-06-30 16:31:02
152354,Motilal Oswal Large Cap Direct Plan Growth,INF247L01CE3,Motilal Oswal Mutual Fund,Large Cap,Equity Scheme - Large Cap Fund,13.9401,29-06-2026,584,3.12,11.97,-4.04,-2.41,8.15,,,,3.83,0.58,15.82,50.0,36.2,Avoid,avoid,2026-06-30 16:31:02
152415,quant PSU Fund - Growth Option - Direct Plan,INF966L01DT4,quant Mutual Fund,Sectoral,Equity Scheme - Sectoral/ Thematic,11.0243,29-06-2026,577,-1.26,21.01,4.93,2.48,-2.34,,,,6.47,0.03,31.06,50.0,22.9,Avoid,avoid,2026-06-30 16:31:38
152431,Groww Nifty Smallcap 250 Index Fund - Direct Plan - Growth,INF666M01HY9,Groww Mutual Fund,Index / ETF,Other Scheme - Index Funds,11.7491,29-06-2026,570,3.69,23.32,6.86,-0.77,1.56,,,,4.89,0.23,26.23,50.0,28.4,Avoid,avoid,2026-06-30 16:31:49
152468,Parag Parikh Dynamic Asset Allocation Fund - Direct Plan Growth,INF879O01266,PPFAS Mutual Fund,Hybrid,Hybrid Scheme - Dynamic Asset Allocation or Balanced Advantage,11.8188,29-06-2026,563,1.71,3.19,2.68,4.08,6.26,,,,1.07,0.2,2.36,100.0,45.0,Avoid,avoid,2026-06-30 16:31:59
152450,Canara Robeco Manufacturing Fund - Direct Plan - Growth Option,INF760K01KZ5,Canara Robeco Mutual Fund,Sectoral,Equity Scheme - Sectoral/ Thematic,14.11,29-06-2026,561,2.1,21.01,12.25,10.84,6.12,,,,4.4,0.49,24.24,100.0,47.4,Avoid,avoid,2026-06-30 16:31:49
152470,Baroda BNP Paribas Innovation Fund Direct plan - Growth Option,INF251K01TE1,Baroda BNP Paribas Mutual Fund,Thematic,Equity Scheme - Sectoral/ Thematic,13.4731,29-06-2026,566,1.75,14.89,4.63,7.33,6.27,,,,3.61,0.49,22.27,100.0,45.4,Avoid,avoid,2026-06-30 16:32:00
152459,Mirae Asset Nifty Smallcap 250 Momentum Quality 100 ETF Fund of Fund - Direct Plan - Growth,INF769K01LG4,Mirae Asset Mutual Fund,Index / ETF,Other Scheme - FoF Domestic,10.254,29-06-2026,569,2.68,22.63,5.65,-4.81,-4.72,,,,4.77,-0.07,30.91,0.0,14.3,Avoid,avoid,2026-06-30 16:32:01
152443,Mahindra Manulife Multi Asset Allocation Fund- Direct Plan - Growth,INF174V01BW2,Mahindra Manulife Mutual Fund,Hybrid,Hybrid Scheme - Multi Asset Allocation,14.0791,29-06-2026,561,1.51,7.1,2.62,14.66,13.31,,,,2.48,0.96,9.53,100.0,62.1,Watch,watch,2026-06-30 16:31:49
152430,HDFC NIFTY200 Momentum 30 Index Fund - Direct Plan,INF179KC1IC4,HDFC Mutual Fund,Index / ETF,Other Scheme - Index Funds,10.3521,29-06-2026,572,1.43,14.21,0.2,-3.23,-6.42,,,,4.36,-0.29,31.85,0.0,11.5,Avoid,avoid,2026-06-30 16:31:49
152474,Quantum Multi Asset Allocation Fund - Direct Plan Growth Option,INF082J01457,Quantum Mutual Fund,Hybrid,Hybrid Scheme - Multi Asset Allocation,12.11,29-06-2026,565,-0.49,3.5,-3.04,2.89,6.73,,,,2.5,0.29,10.49,100.0,43.4,Avoid,avoid,2026-06-30 16:32:00
152437,Edelweiss Technology Fund - Direct Plan - Growth,INF754K01SK3,Edelweiss Mutual Fund,Sectoral,Equity Scheme - Sectoral/ Thematic,11.9503,29-06-2026,565,-3.52,11.32,-5.61,-1.42,4.34,,,,4.61,0.16,26.24,50.0,27.7,Avoid,avoid,2026-06-30 16:31:49
152417,SBI Energy Opportunities Fund - Direct Plan - Growth,INF200KB1126,SBI Mutual Fund,Sectoral,Equity Scheme - Sectoral/ Thematic,11.3931,29-06-2026,579,-1.79,13.78,5.87,3.94,0.59,,,,5.01,0.0,27.97,50.0,24.6,Avoid,avoid,2026-06-30 16:31:37
152420,SBI Energy Opportunities Fund - Direct Plan - Income Distribution Cum Capital Withdrawal Option,INF200KB1134,SBI Mutual Fund,Sectoral,Equity Scheme - Sectoral/ Thematic,11.3929,29-06-2026,579,-1.79,13.78,5.87,3.94,0.59,,,,5.01,0.0,27.97,50.0,24.6,Avoid,avoid,2026-06-30 16:31:38
152422,Axis BSE Sensex Index Fund - Direct Plan - Growth,INF846K012V6,Axis Mutual Fund,Index / ETF,Other Scheme - Index Funds,10.7784,29-06-2026,579,2.91,7.13,-8.8,-7.21,-0.44,,,,3.6,-0.24,15.95,50.0,24.5,Avoid,avoid,2026-06-30 16:31:49
152462,Kotak Technology Fund - Direct Plan - Growth Option,INF174KA1QZ5,Kotak Mahindra Mutual Fund,Sectoral,Equity Scheme - Sectoral/ Thematic,9.588,29-06-2026,566,-4.08,-1.28,-21.08,-21.55,-5.69,,,,4.92,-0.35,28.1,50.0,19.6,Avoid,avoid,2026-06-30 16:32:01
152449,Canara Robeco Manufacturing Fund - Direct Plan - IDWC Option,INF760K01KY8,Canara Robeco Mutual Fund,Sectoral,Equity Scheme - Sectoral/ Thematic,14.11,29-06-2026,561,2.1,21.01,12.25,10.75,6.12,,,,4.4,0.49,24.22,100.0,47.3,Avoid,avoid,2026-06-30 16:31:49
152482,ICICI Prudential Nifty LargeMidcap 250 Index Fund - Direct Plan - Growth,INF109KC12U0,ICICI Prudential Mutual Fund,Index / ETF,Other Scheme - Index Funds,12.3589,29-06-2026,562,1.09,13.14,-1.22,-0.12,2.71,,,,3.86,0.06,18.91,50.0,28.2,Avoid,avoid,2026-06-30 16:32:00
152515,Axis CRISIL IBX SDL June 2034 Debt Index Fund - Direct Plan - Growth Option,INF846K019V1,Axis Mutual Fund,Debt,Other Scheme - Index Funds,11.3165,04-02-2026,457,0.0,0.0,-0.03,-0.48,5.03,,,,0.75,-0.37,2.63,50.0,27.9,Avoid,avoid,2026-06-30 16:32:17
152520,Bandhan Long Duration Fund - Direct Plan - Growth,INF194KB1HY2,Bandhan Mutual Fund,Debt,Debt Scheme - Long Duration Fund,11.5322,29-06-2026,555,3.7,5.67,3.71,4.41,5.7,,,,1.7,0.01,4.57,100.0,41.2,Avoid,avoid,2026-06-30 16:32:19
152509,Helios Balanced Advantage Fund- Direct Plan- Growth Option,INF0R8701145,Helios Mutual Fund,Hybrid,Hybrid Scheme - Dynamic Asset Allocation or Balanced Advantage,11.82,29-06-2026,553,1.46,9.24,-1.09,2.25,3.94,,,,2.9,-0.03,11.05,100.0,38.2,Avoid,avoid,2026-06-30 16:32:19
152491,Kotak Long Duration Fund - Direct Plan - Growth,INF174KA1RF5,Kotak Mahindra Mutual Fund,Debt,Debt Scheme - Long Duration Fund,11.3023,29-06-2026,553,3.2,5.38,2.99,2.28,4.82,,,,1.71,-0.24,6.11,100.0,37.3,Avoid,avoid,2026-06-30 16:32:19
152549,Kotak Nifty AAA Bond Jun 2025 HTM Index Fund - Direct Plan - Growth option,INF174KA1RN9,Kotak Mahindra Mutual Fund,Index / ETF,Other Scheme - Index Funds,10.95363,30-06-2025,302,0.0,0.0,0.0,0.0,3.69,,,,0.0,-2.51,0.04,50.0,27.3,Avoid,avoid,2026-06-30 16:29:52
152528,DSP US Specific Debt Passive FoF - Direct - Growth,INF740KA1UJ6,DSP Mutual Fund,Debt,Other Scheme - FoF Overseas,12.5267,29-06-2026,534,-0.62,0.22,4.92,13.74,10.9,,,,1.03,0.8,4.06,100.0,61.4,Watch,watch,2026-06-30 16:32:19
152570,Tata Nifty Realty Index Fund - Direct Plan - Growth,INF277KA1AO9,Tata Mutual Fund,Index / ETF,Other Scheme - Index Funds,8.3889,29-06-2026,532,4.58,25.58,-6.18,-17.08,-14.09,,,,8.41,-0.31,43.55,0.0,5.3,Avoid,avoid,2026-06-30 16:30:05
152600,HDFC Manufacturing fund - Growth Option - Direct Plan,INF179KC1II1,HDFC Mutual Fund,Sectoral,Equity Scheme - Sectoral/ Thematic,11.625,30-06-2026,522,1.71,12.74,2.81,6.83,3.62,,,,4.48,-0.03,21.54,100.0,36.5,Avoid,avoid,2026-07-01 16:07:45
152584,TRUSTMF Flexi Cap Fund-Direct Plan- Growth,INF0GCD01743,Trust Mutual Fund,Multi Cap,Equity Scheme - Flexi Cap Fund,12.01,29-06-2026,534,2.47,14.71,1.95,1.09,4.49,,,,3.5,0.24,18.88,100.0,40.3,Avoid,avoid,2026-06-30 16:30:05
152577,Tata Nifty Financial Services Index Fund - Direct Plan - Growth,INF277KA1BA6,Tata Mutual Fund,Index / ETF,Other Scheme - Index Funds,12.5031,29-06-2026,532,5.18,13.48,-2.63,-1.83,6.74,,,,4.78,0.38,17.38,50.0,32.0,Avoid,avoid,2026-06-30 16:30:05
152537,PGIM India Retirement Fund - Direct Plan - Growth Option,INF663L01Y61,PGIM India Mutual Fund,Other,Solution Oriented Scheme - Retirement Fund,12.42,29-06-2026,539,3.33,16.07,2.64,-0.8,5.54,,,,3.82,0.3,16.53,50.0,32.1,Avoid,avoid,2026-06-30 16:29:46
152586,Samco Special Opportunities Fund - Direct Plan - Growth,INF0K1H01180,Samco Mutual Fund,Thematic,Equity Scheme - Sectoral/ Thematic,8.91,29-06-2026,502,2.41,21.06,3.01,0.45,-6.72,,,,4.88,-0.67,32.21,50.0,16.8,Avoid,avoid,2026-06-30 16:30:05
152595,Tata Nifty500 Multicap Infrastructure 50:30:20 Index Fund - Direct Plan - Growth,INF277KA1BS8,Tata Mutual Fund,Index / ETF,Other Scheme - Index Funds,11.2101,30-06-2026,533,3.05,13.39,1.25,0.96,0.58,,,,5.08,0.08,22.53,100.0,35.6,Avoid,avoid,2026-07-01 16:07:38
152607,Bandhan Innovation Fund - Direct Plan - Growth,INF194KB1IE2,Bandhan Mutual Fund,Thematic,Equity Scheme - Sectoral/ Thematic,14.734,30-06-2026,541,5.11,19.96,8.0,13.7,14.89,,,,4.57,0.78,19.69,100.0,54.7,Avoid,avoid,2026-07-01 16:07:45
152564,Tata Nifty MidSmall Healthcare Index Fund - Direct Plan - Growth,INF277KA1BG3,Tata Mutual Fund,Index / ETF,Other Scheme - Index Funds,14.5175,29-06-2026,532,3.44,18.48,14.1,13.57,17.44,,,,3.54,0.88,17.54,100.0,57.5,Watch,watch,2026-06-30 16:30:05
152588,Tata Nifty500 Multicap India Manufacturing 50:30:20 Index Fund -Direct Plan-Growth,INF277KA1BM1,Tata Mutual Fund,Index / ETF,Other Scheme - Index Funds,11.995,29-06-2026,532,-0.07,12.63,2.56,5.91,3.87,,,,3.98,0.23,21.28,100.0,40.1,Avoid,avoid,2026-06-30 16:30:05
152521,HDFC NIFTY Realty Index Fund - Direct Plan,INF179KC1IE0,HDFC Mutual Fund,Index / ETF,Other Scheme - Index Funds,9.179,29-06-2026,555,4.59,25.6,-6.04,-17.08,-14.0,,,,8.38,-0.35,43.46,0.0,4.7,Avoid,avoid,2026-06-30 16:32:19
152557,Tata Nifty Auto Index Fund - Direct Plan - Growth,INF277KA1AU6,Tata Mutual Fund,Index / ETF,Other Scheme - Index Funds,11.9982,29-06-2026,532,0.38,11.28,-5.13,11.2,2.79,,,,5.28,0.13,28.36,50.0,31.8,Avoid,avoid,2026-06-30 16:30:04
152535,Navi NiftyIT Index Fund - Direct Plan- Growth,INF959L01HM5,Navi Mutual Fund,Index / ETF,Other Scheme - Index Funds,8.0686,29-06-2026,554,-6.99,-6.54,-28.08,-29.18,-11.94,,,,6.83,-0.56,39.34,50.0,13.6,Avoid,avoid,2026-06-30 16:29:47
152614,JM Small Cap Fund (Direct) - Growth Option,INF192K01NH3,JM Financial Mutual Fund,Small Cap,Equity Scheme - Small Cap Fund,11.6085,30-06-2026,497,9.01,33.01,16.87,10.67,7.44,,,,6.54,0.09,24.36,100.0,39.0,Avoid,avoid,2026-07-01 16:07:45
152616,Edelweiss Nifty Alpha Low Volatility 30 Index Fund - Direct Plan - Growth,INF754K01SS6,Edelweiss Mutual Fund,Index / ETF,Other Scheme - Index Funds,9.8772,30-06-2026,521,3.7,8.84,-2.91,-3.06,-3.07,,,,4.17,-0.51,24.85,0.0,9.7,Avoid,avoid,2026-07-01 16:07:45
152672,Mahindra Manulife Manufacturing Fund - Direct Plan - Growth,INF174V01CC2,Mahindra Manulife Mutual Fund,Sectoral,Equity Scheme - Sectoral/ Thematic,10.7256,29-06-2026,494,3.16,15.76,6.11,7.33,3.27,,,,3.82,-0.2,23.2,50.0,25.9,Avoid,avoid,2026-06-30 16:31:02
152639,Bajaj Finserv Multi Asset Allocation Fund - Direct Growth,INF0QA701821,Bajaj Finserv Mutual Fund,Index / ETF,Hybrid Scheme - Multi Asset Allocation,12.3482,29-06-2026,507,-0.1,5.25,-1.43,9.23,9.17,,,,3.1,0.36,13.21,100.0,47.2,Avoid,avoid,2026-06-30 16:30:41
152628,Baroda BNP Paribas Retirement Fund - Direct plan - Growth option,INF251K01TJ0,Baroda BNP Paribas Mutual Fund,Other,Solution Oriented Scheme - Retirement Fund,11.8418,30-06-2026,512,3.22,9.63,-0.35,3.18,5.78,,,,3.15,0.11,12.36,100.0,39.8,Avoid,avoid,2026-07-01 16:07:45
152659,Aditya Birla Sun Life Crisil IBX Gilt June 2027 Index Fund-Direct Growth,INF209KC1076,Aditya Birla Sun Life Mutual Fund,Debt,Other Scheme - Index Funds,11.5955,29-06-2026,500,0.8,1.46,2.67,5.6,7.32,,,,0.19,0.64,0.24,100.0,53.2,Avoid,avoid,2026-06-30 16:30:50
152663,Kotak NIFTY 100 Low Volatility 30 Index Fund - Direct plan - Growth option,INF174KA1RZ3,Kotak Mahindra Mutual Fund,Index / ETF,Other Scheme - Index Funds,10.6607,29-06-2026,503,1.33,8.2,-5.58,-1.43,2.25,,,,3.64,-0.4,18.22,50.0,21.8,Avoid,avoid,2026-06-30 16:30:51
152655,SBI Automotive Opportunities Fund - Direct Plan - Income Distribution Cum Capital Withdrawal Option,INF200KB1191,SBI Mutual Fund,Sectoral,Equity Scheme - Sectoral/ Thematic,12.3129,29-06-2026,512,4.01,18.09,8.14,25.03,8.82,,,,4.57,0.2,29.2,50.0,46.0,Avoid,avoid,2026-06-30 16:30:41
152654,DSP Nifty Bank Index Fund - Direct - Growth,INF740KA1UO6,DSP Mutual Fund,Index / ETF,Other Scheme - Index Funds,11.8909,29-06-2026,511,6.71,15.24,-2.16,1.23,5.5,,,,5.23,0.15,18.34,100.0,37.1,Avoid,avoid,2026-06-30 16:30:41
152637,Groww Nifty Non-Cyclical Consumer Index Fund - Direct Plan Growth,INF666M01IE9,Groww Mutual Fund,Index / ETF,Other Scheme - Index Funds,10.244,30-06-2026,517,4.59,10.14,-6.18,-7.18,-1.36,,,,4.32,-0.38,26.7,50.0,20.1,Avoid,avoid,2026-07-01 16:07:45
152645,Mirae Asset Nifty MidSmallcap400 Momentum Quality 100 ETF Fund of Fund - Direct Plan - Growth,INF769K01LN0,Mirae Asset Mutual Fund,Index / ETF,Other Scheme - FoF Domestic,10.227,29-06-2026,511,-0.48,17.81,7.07,-1.67,-1.62,,,,4.27,-0.26,26.0,0.0,12.9,Avoid,avoid,2026-06-30 16:30:41
152651,Motilal Oswal Multi Cap Fund-Direct Plan Growth,INF247L01CL8,Motilal Oswal Mutual Fund,Multi Cap,Equity Scheme - Multi Cap Fund,13.4557,29-06-2026,497,2.89,21.97,0.38,-3.03,13.08,,,,5.14,0.36,24.13,50.0,30.3,Avoid,avoid,2026-06-30 16:30:41
152644,WhiteOak Capital Special Opportunities Fund - Direct Growth,INF03VN01902,WhiteOak Capital Mutual Fund,Thematic,Equity Scheme - Sectoral/ Thematic,14.296,29-06-2026,508,4.19,20.13,5.9,7.05,13.0,,,,4.19,0.56,16.97,100.0,46.3,Avoid,avoid,2026-06-30 16:30:41
152629,Axis Nifty Bank Index Fund - Direct Plan - Growth Option,INF846K015W7,Axis Mutual Fund,Index / ETF,Other Scheme - Index Funds,11.888,30-06-2026,522,7.55,12.28,-3.12,0.69,5.24,,,,5.33,0.15,18.33,100.0,37.0,Avoid,avoid,2026-07-01 16:07:45
152657,SBI Automotive Opportunities Fund - Direct Plan - Growth,INF200KB1183,SBI Mutual Fund,Sectoral,Equity Scheme - Sectoral/ Thematic,12.3133,29-06-2026,512,4.01,18.09,8.13,25.03,8.82,,,,4.57,0.2,29.2,50.0,46.0,Avoid,avoid,2026-06-30 16:30:41
152677,Sundaram Business Cycle Fund Direct Plan Growth,INF903JA1LQ6,Sundaram Mutual Fund,Sectoral,Equity Scheme - Sectoral/ Thematic,11.1923,29-06-2026,494,3.58,20.56,1.29,-0.39,5.73,,,,4.33,-0.02,19.49,50.0,26.4,Avoid,avoid,2026-06-30 16:30:57
152679,Helios Financial Services Fund - Direct Plan - Growth Option,INF0R8701202,Helios Mutual Fund,Sectoral,Equity Scheme - Sectoral/ Thematic,11.85,29-06-2026,495,4.5,16.18,-2.55,-0.84,7.79,,,,4.58,0.15,17.68,50.0,28.8,Avoid,avoid,2026-06-30 16:31:02
152713,HDFC NIFTY100 Low Volatility 30 Index Fund - Direct Plan,INF179KC1IM3,HDFC Mutual Fund,Index / ETF,Other Scheme - Index Funds,10.2247,29-06-2026,484,1.26,8.09,-5.62,-1.48,,,,,3.62,-0.39,18.24,0.0,12.9,Avoid,avoid,2026-06-30 16:31:15
152688,Canara Robeco Balanced Advantage Fund - Direct Plan - Growth Option,INF760K01LD0,Canara Robeco Mutual Fund,Hybrid,Hybrid Scheme - Dynamic Asset Allocation or Balanced Advantage,10.38,29-06-2026,466,1.86,7.56,-2.35,-1.14,,,,,2.52,-0.51,11.02,0.0,13.6,Avoid,avoid,2026-06-30 16:31:02
152684,Aditya Birla Sun Life Quant Fund - Direct Growth,INF209KC1118,Aditya Birla Sun Life Mutual Fund,Thematic,Equity Scheme - Sectoral/ Thematic,10.3,29-06-2026,491,0.98,12.69,0.29,4.25,,,,,4.32,-0.31,22.88,100.0,30.8,Avoid,avoid,2026-06-30 16:31:02
152718,Mirae Asset Nifty200 Alpha 30 ETF Fund of Fund - Direct Plan - Growth,INF769K01LU5,Mirae Asset Mutual Fund,Index / ETF,Other Scheme - FoF Domestic,9.176,29-06-2026,472,1.0,19.39,5.87,0.61,,,,,4.76,-0.51,30.12,100.0,26.4,Avoid,avoid,2026-06-30 16:31:15
152735,SBI Silver ETF Fund of Fund- Direct Plan - Growth,INF200KB1233,SBI Mutual Fund,Gold,Other Scheme - FoF Domestic,24.164,02-07-2026,484,-12.3,0.09,-2.12,108.43,,,,,12.34,1.57,45.01,100.0,77.8,Strong Pick,strong,2026-07-03 15:34:53
152710,Edelweiss Business Cycle Fund - Direct Plan - Growth,INF754K01TA2,Edelweiss Mutual Fund,Sectoral,Equity Scheme - Sectoral/ Thematic,9.0602,29-06-2026,470,0.04,10.57,-1.22,-2.63,,,,,3.59,-0.59,26.39,0.0,10.1,Avoid,avoid,2026-06-30 16:31:15
152694,Motilal Oswal Quant Fund - Direct - Growth,INF247L01CS3,Motilal Oswal Mutual Fund,Thematic,Equity Scheme - Sectoral/ Thematic,10.0563,29-06-2026,505,-2.72,8.95,-3.17,-5.12,-2.97,,,,3.79,-0.37,26.72,0.0,11.7,Avoid,avoid,2026-06-30 16:31:15
152712,Motilal Oswal Nifty India Defence Index Fund Direct Plan Growth,INF247L01CW5,Motilal Oswal Mutual Fund,Index / ETF,Other Scheme - Index Funds,12.3051,29-06-2026,485,3.08,30.03,22.89,5.91,,,,,7.23,0.17,38.18,100.0,32.9,Avoid,avoid,2026-06-30 16:31:15
152716,Bandhan Nifty Total Market Index Fund - Direct Plan - Growth,INF194KB1IK9,Bandhan Mutual Fund,Index / ETF,Other Scheme - Index Funds,10.1107,29-06-2026,491,1.75,12.89,-2.13,-2.02,,,,,3.83,-0.39,18.95,0.0,12.6,Avoid,avoid,2026-06-30 16:31:15
152728,ICICI PRUDENTIAL ENERGY OPPORTUNITIES FUND - Direct Plan - Growth,INF109KC12W6,ICICI Prudential Mutual Fund,Sectoral,Equity Scheme - Sectoral/ Thematic,11.92,30-06-2026,477,1.45,13.09,11.61,14.51,,,,,4.67,0.23,18.74,100.0,47.5,Avoid,avoid,2026-07-01 16:07:45
152697,Baroda BNP Paribas Manufacturing Fund - Direct Plan - Growth Option,INF251K01TP7,Baroda BNP Paribas Mutual Fund,Sectoral,Equity Scheme - Sectoral/ Thematic,11.038,29-06-2026,489,-1.3,13.2,7.74,11.96,,,,,3.79,-0.08,22.04,100.0,41.2,Avoid,avoid,2026-06-30 16:31:15
152702,Kotak Special Opportunities Fund - Direct Plan - Growth Option,INF174KA1SF3,Kotak Mahindra Mutual Fund,Thematic,Equity Scheme - Sectoral/ Thematic,10.852,29-06-2026,487,3.25,23.82,6.65,10.72,,,,,5.16,-0.07,23.13,100.0,38.5,Avoid,avoid,2026-06-30 16:31:15
152731,Axis Nifty 500 Index Fund - Direct Plan - Growth Option,INF846K019W9,Axis Mutual Fund,Index / ETF,Other Scheme - Index Funds,10.0873,30-06-2026,489,2.68,10.15,-3.44,-2.01,,,,,4.0,-0.31,18.57,0.0,13.6,Avoid,avoid,2026-07-01 16:07:45
152739,Franklin India Multi Cap Fund - Direct - Growth,INF090I01XA7,Franklin Templeton Mutual Fund,Multi Cap,Equity Scheme - Multi Cap Fund,10.9615,02-07-2026,474,4.99,15.86,-0.13,4.84,,,,,4.51,-0.02,18.68,100.0,35.4,Avoid,avoid,2026-07-03 15:34:53
152755,Kotak BSE PSU Index Fund - Direct Plan - Growth,INF174KA1SL1,Kotak Mahindra Mutual Fund,Index / ETF,Other Scheme - Index Funds,9.509,29-06-2026,467,-0.31,6.51,3.62,6.12,,,,,4.61,-0.34,26.84,100.0,30.4,Avoid,avoid,2026-06-30 16:31:48
152756,Invesco India Manufacturing Fund - Direct Plan - Growth,INF205KA1908,Invesco Mutual Fund,Sectoral,Equity Scheme - Sectoral/ Thematic,11.29,29-06-2026,458,3.48,21.14,12.34,8.66,,,,,4.75,0.0,21.64,100.0,38.3,Avoid,avoid,2026-06-30 16:31:48
152751,NAVI NIFTY 500 MULTICAP 50-25-25 DIRECT PLAN,INF959L01HO1,Navi Mutual Fund,Index / ETF,Other Scheme - Index Funds,10.0502,29-06-2026,469,1.89,14.58,-0.23,-1.03,,,,,3.91,-0.32,19.77,0.0,13.4,Avoid,avoid,2026-06-30 16:31:42
152742,Tata Nifty India Tourism Index Fund - Direct - Growth,INF277KA1CC0,Tata Mutual Fund,Index / ETF,Other Scheme - Index Funds,9.0904,29-06-2026,472,9.11,21.7,-7.01,-14.88,,,,,5.58,-0.47,31.13,0.0,7.6,Avoid,avoid,2026-06-30 16:31:36
152776,SBI Innovative Opportunities Fund - Direct Plan - Growth,INF200KB1324,SBI Mutual Fund,Thematic,Equity Scheme - Sectoral/ Thematic,9.7608,29-06-2026,460,5.17,17.92,-2.53,-0.09,,,,,4.28,-0.46,20.79,0.0,10.8,Avoid,avoid,2026-06-30 16:31:50
152787,Union Multi Asset Allocation Fund- Direct Plan - Growth Option,INF582M01JY4,Union Mutual Fund,Hybrid,Hybrid Scheme - Multi Asset Allocation,12.27,29-06-2026,439,1.15,7.44,2.0,13.51,,,,,3.09,0.57,12.42,100.0,54.3,Avoid,avoid,2026-06-30 16:31:59
152814,DSP Nifty Top 10 Equal Weight Index Fund - Direct - Growth,INF740KA1UQ1,DSP Mutual Fund,Index / ETF,Other Scheme - Index Funds,8.9929,29-06-2026,444,1.67,5.32,-13.43,-12.71,,,,,3.88,-0.85,18.86,0.0,10.9,Avoid,avoid,2026-06-30 16:32:19
152796,Motilal Oswal Business Cycle Fund - Direct Plan- Growth,INF247L01DG6,Motilal Oswal Mutual Fund,Sectoral,Equity Scheme - Sectoral/ Thematic,11.5302,29-06-2026,448,1.17,13.05,-8.86,-8.78,,,,,4.48,-0.07,25.03,0.0,15.6,Avoid,avoid,2026-06-30 16:32:00
152798,Aditya Birla Sun Life Nifty India Defence Index Fund-Direct Growth,INF209KC1183,Aditya Birla Sun Life Mutual Fund,Index / ETF,Other Scheme - Index Funds,13.4299,29-06-2026,448,3.08,29.99,22.89,5.85,,,,,7.22,0.48,27.75,100.0,39.0,Avoid,avoid,2026-06-30 16:32:17
152783,BAJAJ FINSERV LARGE CAP FUND - DIRECT PLAN - GROWTH,INF0QA701896,Bajaj Finserv Mutual Fund,Index / ETF,Equity Scheme - Large Cap Fund,10.173,29-06-2026,454,1.87,8.44,-3.21,-1.06,,,,,3.58,-0.4,16.95,0.0,13.0,Avoid,avoid,2026-06-30 16:32:00
152815,PGIM India Multi Cap Fund - Direct Plan - Growth Option,INF663L01Z03,PGIM India Mutual Fund,Multi Cap,Equity Scheme - Multi Cap Fund,10.48,29-06-2026,439,3.15,16.32,4.38,5.01,,,,,3.81,-0.15,18.1,100.0,34.4,Avoid,avoid,2026-06-30 16:32:19
152778,HDFC NIFTY500 Multicap 50:25:25 Index Fund - Direct Plan,INF179KC1IO9,HDFC Mutual Fund,Index / ETF,Other Scheme - Index Funds,9.9788,29-06-2026,454,1.91,14.78,-0.25,-1.15,,,,,3.96,-0.42,19.96,0.0,11.8,Avoid,avoid,2026-06-30 16:31:59
152770,Groww Nifty EV & New Age Automotive ETF FOF- Direct Plan - Growth,INF666M01IL4,Groww Mutual Fund,Index / ETF,Other Scheme - FoF Domestic,9.5633,29-06-2026,460,2.35,18.88,0.49,6.04,,,,,4.92,-0.49,31.32,100.0,27.1,Avoid,avoid,2026-06-30 16:31:49
152805,Axis Consumption Fund Direct Plan - Growth,INF846K013X0,Axis Mutual Fund,Sectoral,Equity Scheme - Sectoral/ Thematic,9.21,29-06-2026,443,2.68,11.23,-5.44,-4.16,,,,,3.96,-0.75,20.1,0.0,10.6,Avoid,avoid,2026-06-30 16:32:19
152767,KOTAK NIFTY MIDCAP 50 INDEX FUND-DIRECT PLAN- GROWTH,INF174KA1SR8,Kotak Mahindra Mutual Fund,Index / ETF,Other Scheme - Index Funds,10.768,29-06-2026,456,0.22,16.9,2.71,4.1,,,,,4.4,-0.11,20.42,100.0,33.9,Avoid,avoid,2026-06-30 16:31:49
152760,Motilal Oswal Manufacturing Fund - Direct Plan- Growth,INF247L01DA9,Motilal Oswal Mutual Fund,Sectoral,Equity Scheme - Sectoral/ Thematic,11.7047,29-06-2026,460,0.22,16.27,3.69,0.96,,,,,4.48,0.09,26.18,100.0,35.9,Avoid,avoid,2026-06-30 16:31:49
152793,Bandhan Nifty Bank Index Fund - Direct Plan - Growth,INF194KB1IO1,Bandhan Mutual Fund,Index / ETF,Other Scheme - Index Funds,11.3421,29-06-2026,459,6.71,15.26,-2.19,1.18,,,,,5.24,0.16,18.38,100.0,37.2,Avoid,avoid,2026-06-30 16:32:01
152777,SBI Innovative Opportunities Fund - Direct Plan - Income Distribution Cum Capital Withdrawal Option,INF200KB1332,SBI Mutual Fund,Thematic,Equity Scheme - Sectoral/ Thematic,9.7608,29-06-2026,460,5.17,17.92,-2.53,-0.09,,,,,4.28,-0.46,20.79,0.0,10.8,Avoid,avoid,2026-06-30 16:31:59
152789,Bank of India Business Cycle Fund - Direct Plan - Growth,INF761K01GF3,Bank of India Mutual Fund,Sectoral,Equity Scheme - Sectoral/ Thematic,9.53,29-06-2026,448,2.14,16.79,5.19,1.49,,,,,4.49,-0.47,25.21,100.0,27.9,Avoid,avoid,2026-06-30 16:31:58
152829,HSBC India Export Opportunities Fund - Direct Growth,INF336L01RO1,HSBC Mutual Fund,Sectoral,Equity Scheme - Sectoral/ Thematic,10.9902,30-06-2026,429,3.56,18.41,7.02,11.01,,,,,3.69,0.03,20.55,100.0,42.2,Avoid,avoid,2026-07-01 16:08:11
152842,Nippon India Nifty 500 Equal Weight Index Fund - Direct Plan - Growth Option,INF204KC1DA8,Nippon India Mutual Fund,Index / ETF,Other Scheme - Index Funds,9.7116,30-06-2026,442,3.55,16.5,2.95,0.58,,,,,4.78,-0.3,23.9,100.0,30.2,Avoid,avoid,2026-07-01 16:08:12
152851,Franklin India Medium to Long Duration Fund - Direct Growth,INF090I01XG4,Franklin Templeton Mutual Fund,Debt,Debt Scheme - Medium to Long Duration Fund,11.2709,30-06-2026,425,2.45,3.53,3.24,4.97,,,,,0.97,0.08,1.71,100.0,43.4,Avoid,avoid,2026-07-01 16:08:12
152847,Samco Multi Cap Fund - Direct Plan - Growth,INF0K1H01198,Samco Mutual Fund,Multi Cap,Equity Scheme - Multi Cap Fund,8.9,30-06-2026,404,3.49,8.8,-1.44,-10.37,,,,,3.11,-1.0,20.06,0.0,11.6,Avoid,avoid,2026-07-01 16:08:12
152855,Bandhan Nifty Midcap 150 Index Fund-Direct Plan-Growth,INF194KB1IT0,Bandhan Mutual Fund,Index / ETF,Other Scheme - Index Funds,10.3629,30-06-2026,442,2.33,14.58,2.27,3.98,,,,,4.47,-0.16,21.05,100.0,33.0,Avoid,avoid,2026-07-01 16:08:12
152869,Kotak CRISIL -IBX AAA Financial Services Index Sep-2027 Fund-DIRECT PLAN-GROWTH Option,INF174KA1TF1,Kotak Mahindra Mutual Fund,Index / ETF,Other Scheme - Index Funds,11.4694,02-07-2026,429,1.25,2.24,2.99,6.23,,,,,0.35,0.6,0.38,100.0,53.0,Avoid,avoid,2026-07-03 15:34:53
152864,UTI Nifty Private Bank Index Fund - Direct Plan - Growth Option,INF789F1AZJ5,UTI Mutual Fund,Index / ETF,Other Scheme - Index Funds,10.359,30-06-2026,433,7.43,13.89,-2.74,-1.23,,,,,5.17,0.02,17.34,0.0,17.2,Avoid,avoid,2026-07-01 16:08:12
152825,Franklin India Ultra Short Duration Fund - Direct - Growth,INF090I01XL4,Franklin Templeton Mutual Fund,Debt,Debt Scheme - Ultra Short Duration Fund,11.374,29-06-2026,442,0.94,1.73,3.27,6.52,,,,,0.16,0.82,0.06,100.0,56.8,Watch,watch,2026-06-30 16:32:19
152863,Invesco India Technology Fund - Direct Plan - Growth,INF205KA1965,Invesco Mutual Fund,Sectoral,Equity Scheme - Sectoral/ Thematic,9.16,30-06-2026,432,-3.38,9.31,-9.22,-7.94,,,,,4.7,-0.41,28.11,0.0,9.9,Avoid,avoid,2026-07-01 16:08:12
152870,Kotak Nifty India Tourism Index Fund-Direct-Growth Option,INF174KA1SZ1,Kotak Mahindra Mutual Fund,Index / ETF,Other Scheme - Index Funds,8.735,02-07-2026,431,11.33,18.89,-6.54,-12.42,,,,,5.8,-0.49,31.1,0.0,7.0,Avoid,avoid,2026-07-03 15:34:53
152844,Bandhan BSE Healthcare Index Fund Direct Plan - Growth,INF194KB1IS2,Bandhan Mutual Fund,Index / ETF,Other Scheme - Index Funds,11.371,30-06-2026,451,6.15,18.29,12.63,11.67,,,,,4.37,0.12,16.18,100.0,44.0,Avoid,avoid,2026-07-01 16:08:13
152849,WhiteOak Capital Arbitrage Fund Direct Plan Growth,INF03VN01910,WhiteOak Capital Mutual Fund,Hybrid,Hybrid Scheme - Arbitrage Fund,11.344,30-06-2026,443,0.6,1.62,3.37,6.8,,,,,0.08,1.07,0.23,100.0,60.7,Watch,watch,2026-07-01 16:08:12
152859,UTI Nifty 200 Quality 30 Index Fund - Direct Plan - Growth Option,INF789F1AZH9,UTI Mutual Fund,Index / ETF,Other Scheme - Index Funds,8.5909,30-06-2026,433,-2.0,5.29,-8.13,-5.64,,,,,3.67,-0.9,22.57,0.0,10.6,Avoid,avoid,2026-07-01 16:08:12
152836,Tata Nifty200 Alpha 30 Index Fund - Direct -Growth,INF277KA1CI7,Tata Mutual Fund,Index / ETF,Other Scheme - Index Funds,8.9334,30-06-2026,442,2.8,15.77,4.78,0.72,,,,,4.9,-0.45,29.49,100.0,27.1,Avoid,avoid,2026-07-01 16:08:12
152821,ITI Large & Midcap Fund - Direct Plan - Growth,INF00XX01DA4,ITI Mutual Fund,Mid Cap,Equity Scheme - Large & Mid Cap Fund,9.9493,29-06-2026,439,2.69,18.47,2.25,-1.75,,,,,4.76,-0.3,20.18,0.0,12.6,Avoid,avoid,2026-06-30 16:32:19
152875,Motilal Oswal Nifty 500 Momentum 50 Index Fund-Direct Plan-Growth,INF247L01DL6,Motilal Oswal Mutual Fund,Index / ETF,Other Scheme - Index Funds,8.2985,02-07-2026,431,2.49,14.06,0.41,-2.0,,,,,4.61,-0.66,31.62,0.0,8.2,Avoid,avoid,2026-07-03 15:34:53
152939,TRUSTMF SMALL CAP FUND -DIRECT PLAN-GROWTH,INF0GCD01800,Trust Mutual Fund,Small Cap,Equity Scheme - Small Cap Fund,13.08,30-06-2026,406,6.86,29.5,19.89,24.93,,,,,5.56,0.53,24.02,100.0,59.5,Watch,watch,2026-07-01 16:08:39
152889,HDFC NIFTY LargeMidcap 250 Index Fund - Growth Option - Direct,INF179KC1IQ4,HDFC Mutual Fund,Index / ETF,Other Scheme - Index Funds,10.1673,02-07-2026,425,3.42,12.24,-2.1,1.23,,,,,4.11,-0.28,16.75,100.0,32.4,Avoid,avoid,2026-07-03 15:34:53
152910,Kotak MNC Fund-Direct Plan-Growth,INF174KA1TG9,Kotak Mahindra Mutual Fund,Thematic,Equity Scheme - Sectoral/ Thematic,12.791,02-07-2026,409,5.96,24.16,16.09,25.23,,,,,4.96,0.55,16.52,100.0,61.9,Watch,watch,2026-07-03 15:34:53
152920,LIC MF Manufacturing Fund-Direct Plan-Growth,INF767K01RR2,LIC Mutual Fund,Sectoral,Equity Scheme - Sectoral/ Thematic,11.6836,01-07-2026,419,4.54,20.83,15.02,15.48,,,,,4.67,0.27,22.16,100.0,48.4,Avoid,avoid,2026-07-02 15:42:38
152925,Groww Nifty India Defence ETF FOF - Direct Growth,INF666M01IQ3,Groww Mutual Fund,Index / ETF,Other Scheme - FoF Domestic,14.1426,30-06-2026,419,7.21,25.43,24.06,7.35,,,,,7.35,0.69,26.99,100.0,43.4,Avoid,avoid,2026-07-01 16:08:39
152915,WhiteOak Capital Digital Bharat Fund Direct Plan Growth,INF03VN01936,WhiteOak Capital Mutual Fund,Sectoral,Equity Scheme - Sectoral/ Thematic,9.591,01-07-2026,421,-0.69,10.13,-12.17,-9.76,,,,,5.53,-0.21,25.54,0.0,12.2,Avoid,avoid,2026-07-02 15:42:38
152887,Axis CRISIL-IBX AAA Bond NBFC - Jun 2027 Index Fund - Direct Plan - Growth Option,INF846K017X1,Axis Mutual Fund,Index / ETF,Other Scheme - Index Funds,11.4335,02-07-2026,433,1.14,2.15,3.13,6.46,,,,,0.27,0.78,0.27,100.0,56.0,Watch,watch,2026-07-03 15:34:53
152881,Nippon India Nifty 500 Momentum 50 Index Fund - Direct Plan - Growth Option,INF204KC1DG5,Nippon India Mutual Fund,Index / ETF,Other Scheme - Index Funds,8.3844,02-07-2026,430,3.07,14.73,1.05,-1.11,,,,,4.63,-0.64,31.67,0.0,8.1,Avoid,avoid,2026-07-03 15:34:53
152878,Bandhan Business Cycle Fund - Direct Plan - Growth,INF194KB1IQ6,Bandhan Mutual Fund,Sectoral,Equity Scheme - Sectoral/ Thematic,10.131,02-07-2026,437,5.21,13.45,-3.82,-0.69,,,,,4.44,-0.28,17.58,0.0,13.7,Avoid,avoid,2026-07-03 15:34:53
152916,Kotak Nifty Midcap 150 Momentum 50 Index Fund-Direct Plan-Growth,INF174KA1TM7,Kotak Mahindra Mutual Fund,Index / ETF,Other Scheme - Index Funds,9.531,01-07-2026,422,1.36,13.61,1.33,-0.59,,,,,4.16,-0.28,25.46,0.0,12.8,Avoid,avoid,2026-07-02 15:42:38
152908,SBI Nifty 500 Index Fund- Direct Plan- Growth,INF200KB1381,SBI Mutual Fund,Index / ETF,Other Scheme - Index Funds,9.6887,02-07-2026,435,3.8,11.38,-3.17,-0.5,,,,,4.06,-0.38,16.1,0.0,12.9,Avoid,avoid,2026-07-03 15:34:53
152936,ICICI Prudential Nifty200 Value 30 Index Fund - Direct Plan - Growth,INF109KC13X2,ICICI Prudential Mutual Fund,Index / ETF,Other Scheme - Index Funds,11.1586,30-06-2026,415,-1.52,5.51,3.27,14.82,,,,,5.25,0.3,18.45,100.0,48.2,Avoid,avoid,2026-07-01 16:08:39
152931,Baroda BNP Paribas Nifty200 Momentum 30 Index Fund - Direct Plan - Growth Option,INF251K01TY9,Baroda BNP Paribas Mutual Fund,Index / ETF,Other Scheme - Index Funds,8.1595,30-06-2026,418,2.89,11.15,-0.96,-3.74,,,,,4.64,-0.55,30.37,0.0,8.3,Avoid,avoid,2026-07-01 16:08:39
152941,Helios Large & Mid Cap Fund - Direct Plan - Growth Option,INF0R8701269,Helios Mutual Fund,Mid Cap,Equity Scheme - Large & Mid Cap Fund,11.49,30-06-2026,406,4.36,15.48,1.86,7.28,,,,,4.54,0.18,18.04,100.0,40.4,Avoid,avoid,2026-07-01 16:08:39
152947,Aditya Birla Sun Life Crisil-IBX AAA NBFC-HFC Index-Sep 2026 Fund-Direct Growth,INF209KC1217,Aditya Birla Sun Life Mutual Fund,Index / ETF,Other Scheme - Index Funds,11.3772,30-06-2026,416,0.71,1.94,3.44,6.78,,,,,0.13,1.39,0.07,100.0,65.3,Watch,watch,2026-07-01 16:08:39
152958,Aditya Birla Sun Life Crisil-IBX AAA NBFC-HFC Index-Dec 2025 Fund-Direct Growth,INF209KC1258,Aditya Birla Sun Life Mutual Fund,Index / ETF,Other Scheme - Index Funds,10.9121,31-12-2025,294,0.0,0.0,0.0,3.11,,,,,0.25,-1.51,0.04,100.0,36.1,Avoid,avoid,2026-07-01 16:08:35
152949,Axis Nifty500 Value 50 Index Fund - Direct Plan - Growth Option,INF846K013Y8,Axis Mutual Fund,Index / ETF,Other Scheme - Index Funds,11.4966,30-06-2026,415,-2.32,5.96,4.4,13.49,,,,,4.77,0.21,18.11,100.0,46.2,Avoid,avoid,2026-07-01 16:08:39
152951,Tata Nifty Capital Markets Index Fund - Direct Plan Growth Option,INF277KA1CO5,Tata Mutual Fund,Index / ETF,Other Scheme - Index Funds,14.8125,30-06-2026,408,1.49,22.45,16.92,15.27,,,,,6.02,0.65,30.56,100.0,51.0,Avoid,avoid,2026-07-01 16:08:39
152964,Motilal Oswal Digital India Fund - Direct Plan - Growth,INF247L01DN2,Motilal Oswal Mutual Fund,Sectoral,Equity Scheme - Sectoral/ Thematic,9.0871,30-06-2026,402,1.07,14.94,-13.71,-12.07,,,,,6.02,-0.35,30.32,0.0,8.9,Avoid,avoid,2026-07-01 16:08:39
152962,WhiteOak Capital ESG Best-In-Class Strategy Fund Direct Plan Growth,INF03VN01951,WhiteOak Capital Mutual Fund,Thematic,Equity Scheme - Sectoral/ Thematic,10.131,30-06-2026,407,3.1,9.23,-6.5,-6.3,,,,,3.69,-0.3,17.16,0.0,14.3,Avoid,avoid,2026-07-01 16:08:39
152992,Nippon India CRISIL - IBX AAA Financial Services - Dec 2026 Index Fund - Direct Plan - Growth Option,INF204KC1DM3,Nippon India Mutual Fund,Index / ETF,Other Scheme - Index Funds,11.3186,30-06-2026,402,0.86,2.03,3.31,6.61,,,,,0.19,0.85,0.11,100.0,57.2,Watch,watch,2026-07-01 16:09:04
152985,Edelweiss Nifty500 Multicap Momentum Quality 50 Index Fund - Direct - Growth,INF754K01TN5,Edelweiss Mutual Fund,Index / ETF,Other Scheme - Index Funds,9.1169,30-06-2026,405,-0.81,10.17,0.92,-4.95,,,,,4.12,-0.52,27.72,0.0,9.3,Avoid,avoid,2026-07-01 16:09:04
153011,Zerodha Gold ETF FoF-Direct Plan - Growth Option,INF0R8F01083,Zerodha Mutual Fund,Gold,Other Scheme - FoF Domestic,18.3124,30-06-2026,396,-9.2,-6.15,5.06,42.94,,,,,8.01,1.44,24.28,100.0,79.1,Strong Pick,strong,2026-07-01 16:09:04
152968,Mirae Asset Nifty Total Market Index Fund - Direct Plan - Growth,INF769K01MD9,Mirae Asset Mutual Fund,Index / ETF,Other Scheme - Index Funds,10.3442,01-07-2026,410,2.96,11.22,-2.49,-0.98,,,,,3.86,-0.26,15.17,0.0,15.0,Avoid,avoid,2026-07-02 15:42:38
152996,Nippon India CRISIL - IBX AAA Financial Services - Jan 2028 Index Fund - Direct Plan - Growth Option,INF204KC1DS0,Nippon India Mutual Fund,Index / ETF,Other Scheme - Index Funds,11.3245,30-06-2026,402,1.25,2.06,2.85,6.17,,,,,0.38,0.54,0.48,100.0,52.1,Avoid,avoid,2026-07-01 16:09:04
152980,Groww Gold ETF FOF - DIRECT - GROWTH,INF666M01IX9,Groww Mutual Fund,Gold,Other Scheme - FoF Domestic,17.2284,30-06-2026,402,-8.77,-6.0,4.85,41.58,,,,,7.69,1.34,24.88,100.0,77.9,Strong Pick,strong,2026-07-01 16:08:53
153007,Mirae Asset Gold ETF Fund of Fund - Direct Plan - Growth,INF769K01MV1,Mirae Asset Mutual Fund,Gold,Other Scheme - FoF Domestic,17.683,30-06-2026,410,-8.93,-5.25,4.76,42.86,,,,,7.56,1.4,23.78,100.0,79.1,Strong Pick,strong,2026-07-01 16:09:04
152976,Mirae Asset Nifty LargeMidcap 250 Index Fund - Direct Plan - Growth,INF769K01MJ6,Mirae Asset Mutual Fund,Index / ETF,Other Scheme - Index Funds,10.4581,30-06-2026,411,2.37,11.06,-1.99,-0.02,,,,,4.08,-0.15,15.51,0.0,16.3,Avoid,avoid,2026-07-01 16:08:53
152990,Bandhan Nifty 500 Value 50 Index Fund Direct Plan - Growth,INF194KB1IW4,Bandhan Mutual Fund,Index / ETF,Other Scheme - Index Funds,11.3778,30-06-2026,415,-2.4,5.87,4.09,13.03,,,,,4.79,0.19,18.25,100.0,45.5,Avoid,avoid,2026-07-01 16:09:04
152972,Mirae Asset Nifty 50 Index Fund - Direct Plan - Growth,INF769K01MQ1,Mirae Asset Mutual Fund,Index / ETF,Other Scheme - Index Funds,9.9354,30-06-2026,411,2.34,5.64,-8.21,-5.71,,,,,3.63,-0.39,15.08,0.0,13.4,Avoid,avoid,2026-07-01 16:08:53
153000,Baroda BNP Paribas Nifty Midcap 150 Index Fund - Direct Plan - Growth Option,INF251K01UA7,Baroda BNP Paribas Mutual Fund,Index / ETF,Other Scheme - Index Funds,10.9643,30-06-2026,404,2.28,14.48,2.13,3.72,,,,,4.45,0.01,18.8,100.0,35.9,Avoid,avoid,2026-07-01 16:09:04
153015,SBI Nifty India Consumption Index Fund- Direct Plan- Growth,INF200KB1449,SBI Mutual Fund,Index / ETF,Other Scheme - Index Funds,10.0287,30-06-2026,411,3.96,9.3,-6.24,-2.39,,,,,4.33,-0.3,18.28,0.0,13.4,Avoid,avoid,2026-07-01 16:09:04
153003,Bandhan Nifty 500 Momentum 50 Index Fund Direct Plan-Growth,INF194KB1IY0,Bandhan Mutual Fund,Index / ETF,Other Scheme - Index Funds,8.9976,30-06-2026,415,3.11,13.97,2.12,-2.6,,,,,4.7,-0.46,29.22,0.0,9.0,Avoid,avoid,2026-07-01 16:09:04
153023,Motilal Oswal Nifty MidSmall Healthcare Index Fund- Direct Plan-Growth,INF247L01EA7,Motilal Oswal Mutual Fund,Index / ETF,Other Scheme - Index Funds,12.1169,30-06-2026,393,5.43,19.21,14.1,15.44,,,,,3.95,0.23,17.48,100.0,49.3,Avoid,avoid,2026-07-01 16:09:04
153025,Motilal Oswal Nifty MidSmall India Consumption Index Fund - Direct Plan- Growth,INF247L01DU7,Motilal Oswal Mutual Fund,Index / ETF,Other Scheme - Index Funds,9.4745,30-06-2026,393,4.13,12.09,-4.17,-8.2,,,,,4.99,-0.72,24.33,0.0,8.8,Avoid,avoid,2026-07-01 16:08:57
153034,Groww Multicap Fund - Direct - Growth,INF666M01JD9,Groww Mutual Fund,Multi Cap,Equity Scheme - Multi Cap Fund,11.8494,30-06-2026,376,5.51,19.82,9.28,13.62,,,,,4.81,0.4,16.53,100.0,49.3,Avoid,avoid,2026-07-01 16:09:19
153047,Invesco India Multi Asset Allocation Fund - Direct Plan - Growth,INF205KA1AC1,Invesco Mutual Fund,Hybrid,Hybrid Scheme - Multi Asset Allocation,12.47,30-06-2026,375,0.24,4.61,1.96,14.3,,,,,3.04,0.89,10.98,100.0,59.9,Watch,watch,2026-07-01 16:09:19
153039,PGIM India Healthcare Fund - Direct Plan - Growth Option,INF663L01Z45,PGIM India Mutual Fund,Sectoral,Equity Scheme - Sectoral/ Thematic,11.62,30-06-2026,381,7.1,18.81,15.97,16.67,,,,,4.73,0.2,14.45,100.0,49.6,Avoid,avoid,2026-07-01 16:09:19
153064,Nippon India Nifty Auto Index Fund - Direct Plan- Growth Option,INF204KC1EE8,Nippon India Mutual Fund,Index / ETF,Other Scheme - Index Funds,11.3163,30-06-2026,383,2.41,9.56,-5.65,12.13,,,,,5.6,0.21,17.64,100.0,44.1,Avoid,avoid,2026-07-01 16:09:19
153029,Motilal Oswal Nifty MidSmall IT and Telecom Index Fund - Direct Plan- Growth,INF247L01DY9,Motilal Oswal Mutual Fund,Index / ETF,Other Scheme - Index Funds,8.8747,30-06-2026,393,-4.47,14.41,-9.4,-12.33,,,,,7.0,-0.61,32.37,0.0,5.3,Avoid,avoid,2026-07-01 16:09:04
153070,ICICI Prudential Equity Minimum Variance Fund - Direct Plan - Growth,INF109KC10Y6,ICICI Prudential Mutual Fund,Thematic,Equity Scheme - Sectoral/ Thematic,10.57,30-06-2026,383,0.86,7.09,-5.88,-1.31,,,,,3.73,-0.07,14.01,0.0,18.1,Avoid,avoid,2026-07-01 16:09:19
153027,Motilal Oswal Nifty MidSmall Financial Services Index Fund - Direct Plan- Growth,INF247L01DW3,Motilal Oswal Mutual Fund,Index / ETF,Other Scheme - Index Funds,14.4769,30-06-2026,393,2.54,18.52,6.56,14.31,,,,,5.75,0.6,19.87,100.0,51.3,Avoid,avoid,2026-07-01 16:09:04
153055,Tata India Innovation Fund- Direct Growth,INF277KA1CU2,Tata Mutual Fund,Thematic,Equity Scheme - Sectoral/ Thematic,10.043,30-06-2026,385,3.6,15.61,-0.16,1.61,,,,,3.98,-0.36,18.11,100.0,31.1,Avoid,avoid,2026-07-01 16:09:19
153060,Nippon India Nifty Realty Index Fund-Direct Plan- Growth Option,INF204KC1DY8,Nippon India Mutual Fund,Index / ETF,Other Scheme - Index Funds,7.6746,30-06-2026,383,7.93,24.49,-5.65,-15.78,,,,,8.87,-0.43,41.84,0.0,3.8,Avoid,avoid,2026-07-01 16:09:19
153043,Franklin India Arbitrage Fund - Direct - Growth,INF090I01XS9,Franklin Templeton Mutual Fund,Hybrid,Hybrid Scheme - Arbitrage Fund,11.1583,30-06-2026,396,0.71,1.63,3.38,6.8,,,,,0.13,0.7,0.33,100.0,55.3,Watch,watch,2026-07-01 16:09:19
153030,Aditya Birla Sun Life Crisil-IBX AAA Financial Services Index-Sep 2027 Fund-Direct Growth,INF209KC1290,Aditya Birla Sun Life Mutual Fund,Index / ETF,Other Scheme - Index Funds,11.2799,30-06-2026,391,1.13,2.03,3.0,6.34,,,,,0.32,0.62,0.33,100.0,53.5,Avoid,avoid,2026-07-01 16:09:16
153051,Axis CRISIL-IBX AAA Bond Financial Services - Sep 2027 Index Fund - Direct Plan - Growth Option,INF846K015Y3,Axis Mutual Fund,Index / ETF,Other Scheme - Index Funds,11.2424,30-06-2026,392,1.12,1.99,2.86,6.11,,,,,0.31,0.49,0.36,100.0,51.4,Avoid,avoid,2026-07-01 16:09:19
153035,Shriram Liquid Fund - Direct Plan Growth Option,INF680P01430,Shriram Mutual Fund,Debt,Debt Scheme - Liquid Fund,1107.7962,30-06-2026,518,0.6,1.78,3.24,6.18,,,,,0.06,-1.8,0.01,100.0,37.4,Avoid,avoid,2026-07-01 16:09:19
153076,Shriram Multi Sector Rotation Fund - Direct Plan Growth Option,INF680P01455,Shriram Mutual Fund,Thematic,Equity Scheme - Sectoral/ Thematic,8.1649,30-06-2026,379,3.67,11.88,-1.08,-0.31,,,,,4.09,-0.91,29.57,0.0,9.1,Avoid,avoid,2026-07-01 16:09:19
153075,BAJAJ FINSERV CONSUMPTION FUND - DIRECT - GROWTH,INF0QA701946,Bajaj Finserv Mutual Fund,Index / ETF,Equity Scheme - Sectoral/ Thematic,9.282,30-06-2026,387,4.82,12.41,-3.14,-3.75,,,,,4.74,-0.65,21.4,0.0,9.6,Avoid,avoid,2026-07-01 16:09:19
153094,Quantum Ethical Fund - Direct Plan Growth Option,INF082J01473,Quantum Mutual Fund,Thematic,Equity Scheme - Sectoral/ Thematic,9.64,30-06-2026,373,0.63,8.8,-2.43,-4.65,,,,,3.19,-0.58,16.36,0.0,12.1,Avoid,avoid,2026-07-01 16:09:36
153115,Edelweiss CRISIL IBX AAA Financial Services - Jan 2028 Index Fund - Direct - Growth,INF754K01TP0,Edelweiss Mutual Fund,Index / ETF,Other Scheme - Index Funds,11.256,30-06-2026,382,1.22,2.05,2.88,6.28,,,,,0.38,0.58,0.48,100.0,52.7,Avoid,avoid,2026-07-01 16:09:36
153092,Samco Multi Asset Allocation Fund - Direct Plan - Growth,INF0K1H01230,Samco Mutual Fund,Hybrid,Hybrid Scheme - Multi Asset Allocation,12.51,30-06-2026,368,0.16,5.04,3.82,3.65,,,,,2.7,0.89,12.32,100.0,51.6,Avoid,avoid,2026-07-01 16:09:36
153102,Franklin India Long Duration Fund - Direct - Growth,INF090I01XY7,Franklin Templeton Mutual Fund,Debt,Debt Scheme - Long Duration Fund,10.9063,30-06-2026,373,2.66,4.09,2.98,4.76,,,,,1.41,-0.16,4.29,100.0,39.1,Avoid,avoid,2026-07-01 16:09:36
153089,UTI Nifty Midcap 150 Index Fund - Direct Plan - Growth Option,INF789F1AZO5,UTI Mutual Fund,Index / ETF,Other Scheme - Index Funds,10.9186,30-06-2026,387,2.33,14.64,2.3,3.87,,,,,4.48,-0.09,18.92,100.0,34.4,Avoid,avoid,2026-07-01 16:09:36
153083,Axis Momentum Fund - Direct Plan - Growth Option,INF846K011Z9,Axis Mutual Fund,Thematic,Equity Scheme - Sectoral/ Thematic,8.95,30-06-2026,382,1.7,6.42,-5.79,-5.69,,,,,3.92,-0.54,21.52,0.0,10.5,Avoid,avoid,2026-07-01 16:09:33
153097,HDFC Nifty India Digital Index Fund - Growth Option - Direct,INF179KC1JB4,HDFC Mutual Fund,Index / ETF,Other Scheme - Index Funds,7.7238,30-06-2026,381,-3.27,3.23,-18.5,-16.2,,,,,5.02,-0.89,27.55,0.0,8.3,Avoid,avoid,2026-07-01 16:09:36
153086,UTI Nifty Alpha Low-Volatility 30 Index Fund - Direct Plan - Growth Option,INF789F1AZM9,UTI Mutual Fund,Index / ETF,Other Scheme - Index Funds,9.5769,30-06-2026,387,3.72,8.86,-2.93,-3.1,,,,,4.17,-0.64,16.6,0.0,10.9,Avoid,avoid,2026-07-01 16:09:34
153114,Bandhan Nifty 200 Quality 30 Index Fund - Direct Plan - Growth,INF194KB1JA8,Bandhan Mutual Fund,Index / ETF,Other Scheme - Index Funds,9.2757,30-06-2026,391,-1.99,5.34,-8.07,-5.6,,,,,3.68,-0.7,16.46,0.0,11.5,Avoid,avoid,2026-07-01 16:09:36
153105,Mirae Asset Long Duration Fund - Direct Plan - Growth,INF769K01NC9,Mirae Asset Mutual Fund,Debt,Debt Scheme - Long Duration Fund,10.6634,30-06-2026,376,3.99,5.78,2.9,2.93,,,,,1.88,-0.38,5.63,100.0,35.1,Avoid,avoid,2026-07-01 16:09:36
153109,Union Active Momentum Fund - Direct Plan - Growth Option,INF582M01KG9,Union Mutual Fund,Thematic,Equity Scheme - Sectoral/ Thematic,9.91,30-06-2026,373,6.1,23.72,13.52,10.11,,,,,4.92,-0.27,26.57,100.0,34.7,Avoid,avoid,2026-07-01 16:09:36
153081,Aditya Birla Sun Life BSE India Infrastructure Index Fund-Direct Growth,INF209KC1332,Aditya Birla Sun Life Mutual Fund,Index / ETF,Other Scheme - Index Funds,9.6528,30-06-2026,385,0.98,10.42,5.13,0.61,,,,,4.72,-0.46,22.73,100.0,28.1,Avoid,avoid,2026-07-01 16:09:19
153090,Samco Arbitrage Fund - Direct Plan - Growth,INF0K1H01214,Samco Mutual Fund,Hybrid,Hybrid Scheme - Arbitrage Fund,10.84,30-06-2026,389,0.37,1.12,2.46,4.94,,,,,0.1,-3.73,0.29,100.0,36.2,Avoid,avoid,2026-07-01 16:09:36
153118,Kotak Transportation & Logistics Fund-Direct Growth,INF174KA1TS4,Kotak Mahindra Mutual Fund,Sectoral,Equity Scheme - Sectoral/ Thematic,11.42,30-06-2026,373,5.78,11.08,-3.34,7.37,,,,,4.86,0.23,17.06,100.0,41.0,Avoid,avoid,2026-07-01 16:09:36
153121,DSP Business Cycle Fund - Direct - Growth,INF740KA1UX7,DSP Mutual Fund,Sectoral,Equity Scheme - Sectoral/ Thematic,10.575,30-06-2026,376,3.96,9.93,1.27,2.86,,,,,3.74,-0.11,14.77,100.0,35.5,Avoid,avoid,2026-07-01 16:09:36
153124,Aditya Birla Sun Life Conglomerate Fund-Direct Growth,INF209KC1373,Aditya Birla Sun Life Mutual Fund,Thematic,Equity Scheme - Sectoral/ Thematic,11.03,30-06-2026,369,2.51,14.78,0.0,0.36,,,,,4.53,0.08,16.41,100.0,37.2,Avoid,avoid,2026-07-01 16:09:36
153132,Tata BSE Select Business Groups Index Fund - Direct Growth,INF277KA1DA2,Tata Mutual Fund,Index / ETF,Other Scheme - Index Funds,10.139,30-06-2026,376,-1.3,8.01,-4.51,-0.19,,,,,4.33,-0.04,15.05,0.0,17.7,Avoid,avoid,2026-07-01 16:09:36
153138,Motilal Oswal Nifty Capital Market Index Fund - Direct Plan - Growth,INF247L01EB5,Motilal Oswal Mutual Fund,Index / ETF,Other Scheme - Index Funds,12.9435,30-06-2026,374,1.51,22.47,17.1,15.59,,,,,5.99,0.63,28.66,100.0,51.3,Avoid,avoid,2026-07-01 16:09:47
153154,SBI Quant Fund- Direct Plan- Growth,INF200KB1506,SBI Mutual Fund,Thematic,Equity Scheme - Sectoral/ Thematic,9.7232,30-06-2026,374,0.13,2.42,-7.69,-2.65,,,,,3.97,-0.47,15.02,0.0,11.8,Avoid,avoid,2026-07-01 16:09:58
153150,Kotak Nifty 50 Equal Weight Index Fund - Direct Plan - Growth,INF174KA1UE2,Kotak Mahindra Mutual Fund,Index / ETF,Other Scheme - Index Funds,11.038,30-06-2026,369,0.91,8.15,-2.61,1.4,,,,,3.68,0.04,12.49,100.0,38.1,Avoid,avoid,2026-07-01 16:09:52
153189,WhiteOak Capital Quality Equity Fund Direct Plan Growth,INF03VN01977,WhiteOak Capital Mutual Fund,Thematic,Equity Scheme - Sectoral/ Thematic,10.202,30-06-2026,346,3.34,9.52,-5.67,-5.41,,,,,3.54,-0.4,16.38,0.0,13.1,Avoid,avoid,2026-07-01 16:09:58
153196,Mirae Asset Small Cap Fund - Direct Plan - Growth,INF769K01NJ4,Mirae Asset Mutual Fund,Small Cap,Equity Scheme - Small Cap Fund,12.35,30-06-2026,344,6.48,16.44,5.11,8.02,,,,,4.48,0.5,15.11,100.0,46.3,Avoid,avoid,2026-07-01 16:09:58
153171,Baroda BNP Paribas Children's Fund - Direct Plan - Growth Option,INF251K01UE9,Baroda BNP Paribas Mutual Fund,Other,Solution Oriented Scheme - Children’s Fund,11.2811,30-06-2026,368,2.6,9.65,-1.27,4.31,,,,,3.61,0.19,12.63,100.0,40.4,Avoid,avoid,2026-07-01 16:09:58
153201,BAJAJ FINSERV ELSS TAX SAVER FUND - DIRECT - GROWTH,INF0QA701AK0,Bajaj Finserv Mutual Fund,Index / ETF,Equity Scheme - ELSS,11.822,30-06-2026,344,4.25,13.66,1.81,2.75,,,,,4.41,0.42,13.51,100.0,42.7,Avoid,avoid,2026-07-01 16:09:58
153184,ICICI Prudential Rural Opportunities Fund - Direct Plan - Growth,INF109KC12Z9,ICICI Prudential Mutual Fund,Sectoral,Equity Scheme - Sectoral/ Thematic,11.01,30-06-2026,347,3.48,6.69,-6.85,-1.43,,,,,4.22,0.09,14.37,0.0,19.8,Avoid,avoid,2026-07-01 16:09:58
153192,Mirae Asset Nifty India New Age Consumption ETF Fund of Fund - Direct Plan - Growth,INF769K01NP1,Mirae Asset Mutual Fund,Index / ETF,Other Scheme - FoF Domestic,9.393,30-06-2026,365,5.65,14.45,-3.96,-3.73,,,,,5.1,-0.37,21.89,0.0,11.0,Avoid,avoid,2026-07-01 16:09:58
153161,ICICI Prudential Nifty 500 Index Fund - Direct Plan - Growth,INF109KC16Y3,ICICI Prudential Mutual Fund,Index / ETF,Other Scheme - Index Funds,10.3775,30-06-2026,373,2.64,10.03,-3.5,-2.23,,,,,3.98,-0.19,14.75,0.0,15.9,Avoid,avoid,2026-07-01 16:09:58
153139,Bank of India Consumption Fund - Direct - Growth,INF761K01GI7,Bank of India Mutual Fund,Sectoral,Equity Scheme - Sectoral/ Thematic,10.83,30-06-2026,373,3.54,9.73,-4.07,-0.46,,,,,3.9,-0.0,15.16,0.0,18.7,Avoid,avoid,2026-07-01 16:09:48
153187,Motilal Oswal Arbitrage Fund-Direct Plan-Growth,INF247L01ED1,Motilal Oswal Mutual Fund,Hybrid,Hybrid Scheme - Arbitrage Fund,11.1146,30-06-2026,370,0.58,1.5,3.28,6.78,,,,,0.09,0.97,0.21,100.0,59.2,Watch,watch,2026-07-01 16:09:57
153146,Kotak Nifty 100 Equal Weight Index Fund - Direct Plan - Growth,INF174KA1TY2,Kotak Mahindra Mutual Fund,Index / ETF,Other Scheme - Index Funds,10.931,30-06-2026,369,1.54,12.37,0.84,3.06,,,,,4.33,0.05,13.48,100.0,37.4,Avoid,avoid,2026-07-01 16:09:48
153172,Axis CRISIL-IBX AAA Bond NBFC-HFC - Jun 2027 Index Fund - Direct Plan - Growth option,INF846KA1028,Axis Mutual Fund,Index / ETF,Other Scheme - Index Funds,11.191,30-06-2026,378,1.09,1.86,3.01,6.38,,,,,0.27,0.7,0.32,100.0,54.7,Avoid,avoid,2026-07-01 16:09:58
153179,Aditya Birla Sun Life Crisil-IBX financial Services 3 to 6 months Debt Index Fund-Direct Growth,INF209KC1456,Aditya Birla Sun Life Mutual Fund,Debt,Other Scheme - Index Funds,11.1482,30-06-2026,369,0.88,2.13,3.54,6.82,,,,,0.14,0.89,0.04,100.0,58.1,Watch,watch,2026-07-01 16:09:58
153157,BAJAJ FINSERV HEALTHCARE FUND - DIRECT - GROWTH,INF0QA701AB9,Bajaj Finserv Mutual Fund,Index / ETF,Equity Scheme - Sectoral/ Thematic,11.137,30-06-2026,369,5.89,19.71,13.62,14.12,,,,,4.09,0.09,15.68,100.0,46.2,Avoid,avoid,2026-07-01 16:09:58
153236,ICICI Prudential CRISIL-IBX AAA Bond Financial Services Index -Dec 2026 Fund- Direct Plan - Growth,INF109KC15Z2,ICICI Prudential Mutual Fund,Index / ETF,Other Scheme - Index Funds,10.6682,14-11-2025,192,0.0,0.0,0.0,2.4,,,,,0.23,-1.57,0.15,100.0,36.1,Avoid,avoid,2026-07-01 16:10:14
153204,UTI Quant Fund - Direct Plan - Growth Option,INF789F1AA98,UTI Mutual Fund,Thematic,Equity Scheme - Sectoral/ Thematic,10.4431,30-06-2026,350,1.76,9.0,-3.5,-4.03,,,,,3.55,-0.17,14.48,0.0,16.8,Avoid,avoid,2026-07-01 16:10:18
153239,Samco Large Cap Fund - Direct Plan - Growth Option,INF0K1H01255,Samco Mutual Fund,Large Cap,Equity Scheme - Large Cap Fund,9.15,30-06-2026,307,-2.45,1.44,-3.99,-10.64,,,,,2.39,-1.56,12.6,0.0,13.6,Avoid,avoid,2026-07-01 16:10:18
153206,Bajaj Finserv Gilt Fund - Direct - Growth,INF0QA701AP9,Bajaj Finserv Mutual Fund,Debt,Debt Scheme - Gilt Fund,1080.8417,30-06-2026,349,3.55,4.86,4.22,3.83,,,,,1.32,-0.34,3.87,100.0,36.6,Avoid,avoid,2026-07-01 16:10:19
153214,Edelweiss Consumption Fund - Direct - Growth,INF754K01TY2,Edelweiss Mutual Fund,Sectoral,Equity Scheme - Sectoral/ Thematic,11.0603,30-06-2026,329,3.73,9.84,-5.21,-0.84,,,,,4.41,0.18,16.52,0.0,20.6,Avoid,avoid,2026-07-01 16:10:18
153246,LIC MF Multi Asset Allocation Fund-Direct Plan-Growth,INF767K01RZ5,LIC Mutual Fund,Hybrid,Hybrid Scheme - Multi Asset Allocation,12.1732,30-06-2026,333,0.32,7.14,-2.05,7.43,,,,,3.59,0.73,13.51,100.0,50.3,Avoid,avoid,2026-07-01 16:10:19
153250,SBI Nifty Bank Index Fund-Direct Plan- Growth,INF200KB1563,SBI Mutual Fund,Index / ETF,Other Scheme - Index Funds,11.5391,30-06-2026,343,7.54,12.36,-3.0,0.8,,,,,5.34,0.49,18.31,100.0,41.9,Avoid,avoid,2026-07-01 16:10:19
153244,Axis Nifty500 Momentum 50 Index Fund - Direct Plan - Growth Option,INF846KA1044,Axis Mutual Fund,Index / ETF,Other Scheme - Index Funds,11.1106,30-06-2026,339,3.08,13.95,2.33,-2.35,,,,,4.67,0.37,17.02,0.0,23.0,Avoid,avoid,2026-07-01 16:10:19
153225,Baroda BNP Paribas Energy Opportunities Fund - Direct Plan - Growth Option,INF251K01UJ8,Baroda BNP Paribas Mutual Fund,Sectoral,Equity Scheme - Sectoral/ Thematic,12.1877,30-06-2026,337,-1.65,6.55,4.57,5.32,,,,,4.21,0.56,8.11,100.0,46.1,Avoid,avoid,2026-07-01 16:10:19
153230,Groww Nifty India Railways PSU Index Fund - Direct Plan - Growth,INF666M01JK4,Groww Mutual Fund,Index / ETF,Other Scheme - Index Funds,7.905,30-06-2026,340,-2.33,-0.05,-17.73,-25.02,,,,,6.65,-0.5,30.78,0.0,6.0,Avoid,avoid,2026-07-01 16:10:19
153242,Union Short Duration Fund - Direct Plan - Growth Option,INF582M01KO3,Union Mutual Fund,Debt,Debt Scheme - Short Duration Fund,11.0186,30-06-2026,337,1.72,2.46,2.94,5.57,,,,,0.55,0.13,0.51,100.0,45.3,Avoid,avoid,2026-07-01 16:10:19
153219,DSP BSE SENSEX Next 30 Index Fund - Direct - Growth,INF740KA1VB1,DSP Mutual Fund,Index / ETF,Other Scheme - Index Funds,11.9736,30-06-2026,346,-0.55,10.29,2.1,5.33,,,,,4.26,0.43,11.45,100.0,43.6,Avoid,avoid,2026-07-01 16:10:19
153213,Bandhan Nifty Alpha Low Volatility 30 Index Fund - Direct Plan - Growth,INF194KB1JC4,Bandhan Mutual Fund,Index / ETF,Other Scheme - Index Funds,10.0426,30-06-2026,356,3.71,8.89,-2.91,-3.02,,,,,4.18,-0.31,13.44,0.0,14.2,Avoid,avoid,2026-07-01 16:10:19
153223,Kotak Nifty SmallCap 250 Index Fund- Direct - Growth,INF174KA1UK9,Kotak Mahindra Mutual Fund,Index / ETF,Other Scheme - Index Funds,11.508,30-06-2026,346,5.15,20.19,6.26,-0.03,,,,,5.24,0.12,20.93,0.0,18.1,Avoid,avoid,2026-07-01 16:10:19
153252,SBI Nifty Bank Index Fund-Direct Plan- Income Distribution Cum Capital Withdrawal Option,INF200KB1571,SBI Mutual Fund,Index / ETF,Other Scheme - Index Funds,11.6367,01-07-2026,344,8.3,13.09,-2.39,2.47,,,,,5.11,0.55,18.31,100.0,43.1,Avoid,avoid,2026-07-02 15:42:38
153258,Motilal Oswal Innovation Opportunities Fund - Direct Plan- Growth,INF247L01EJ8,Motilal Oswal Mutual Fund,Thematic,Equity Scheme - Sectoral/ Thematic,14.5101,01-07-2026,330,10.11,30.47,16.13,14.96,,,,,5.57,1.14,19.42,100.0,60.0,Watch,watch,2026-07-02 15:42:38
153260,ITI Bharat Consumption Fund - Direct Plan - Growth,INF00XX01DG1,ITI Mutual Fund,Sectoral,Equity Scheme - Sectoral/ Thematic,11.5893,01-07-2026,324,5.07,13.84,-1.36,1.95,,,,,4.25,0.42,16.43,100.0,42.4,Avoid,avoid,2026-07-02 15:42:38
153270,UTI Nifty India Manufacturing Index Fund - Direct Plan - Growth Option,INF789F1AB48,UTI Mutual Fund,Index / ETF,Other Scheme - Index Funds,12.3451,01-07-2026,334,1.02,12.16,2.89,9.2,,,,,4.06,0.76,12.15,100.0,52.1,Avoid,avoid,2026-07-02 15:42:38
153274,Nippon India Active Momentum Fund-Direct Plan - Growth Option,INF204KC1EK5,Nippon India Mutual Fund,Thematic,Equity Scheme - Sectoral/ Thematic,12.911,01-07-2026,326,5.73,16.37,5.7,8.29,,,,,3.98,0.92,12.64,100.0,53.6,Avoid,avoid,2026-07-02 15:42:38
153313,Kotak CRISIL - IBX AAA Bond Financial Services Index Dec 2026 Fund - Direct - Growth,INF174KA1UX2,Kotak Mahindra Mutual Fund,Index / ETF,Other Scheme - Index Funds,11.0507,01-07-2026,326,0.85,1.99,3.27,6.38,,,,,0.17,0.81,0.16,100.0,56.5,Watch,watch,2026-07-02 15:42:40
153330,ANGEL ONE NIFTY TOTAL MARKET INDEX FUND DIRECT PLAN GROWTH OPTION,INF1J2R01023,Angel One Mutual Fund,Index / ETF,Other Scheme - Index Funds,11.7106,30-06-2026,324,2.86,10.74,-2.78,-1.74,,,,,4.01,0.29,14.81,0.0,22.9,Avoid,avoid,2026-07-01 16:10:58
153291,Invesco India Business Cycle Fund - Direct Plan - Growth,INF205KA1AI8,Invesco Mutual Fund,Sectoral,Equity Scheme - Sectoral/ Thematic,14.52,01-07-2026,326,9.26,27.7,12.38,17.1,,,,,5.51,1.29,16.01,100.0,64.7,Watch,watch,2026-07-02 15:42:38
153303,Mahindra Manulife Value Fund - Direct Plan - Growth,INF174V01CI9,Mahindra Manulife Mutual Fund,Thematic,Equity Scheme - Value Fund,12.7614,01-07-2026,324,2.31,13.11,4.12,9.38,,,,,3.86,0.89,11.49,100.0,54.4,Avoid,avoid,2026-07-02 15:42:38
153266,HSBC Financial Services Fund - Direct Growth,INF336L01RU8,HSBC Mutual Fund,Sectoral,Equity Scheme - Sectoral/ Thematic,12.9648,01-07-2026,325,7.79,17.21,4.99,9.48,,,,,5.12,0.85,14.78,100.0,52.0,Avoid,avoid,2026-07-02 15:42:38
153264,HDFC Nifty100 Quality 30 Index Fund - Direct Plan,INF179KC1JF5,HDFC Mutual Fund,Index / ETF,Other Scheme - Index Funds,10.4442,01-07-2026,332,-2.47,5.36,-6.88,-3.24,,,,,3.79,-0.01,15.53,0.0,18.6,Avoid,avoid,2026-07-02 15:42:38
153328,Groww Nifty 200 ETF FOF - Direct - Growth,INF666M01JQ1,Groww Mutual Fund,Index / ETF,Other Scheme - FoF Domestic,11.4414,30-06-2026,324,1.09,6.98,-5.3,-3.83,,,,,3.81,0.21,14.62,0.0,22.0,Avoid,avoid,2026-07-01 16:10:57
153320,SBI Nifty IT Index Fund - Direct Plan - Growth,INF200KB1621,SBI Mutual Fund,Index / ETF,Other Scheme - Index Funds,6.6518,30-06-2026,333,-11.87,-10.9,-29.91,-30.97,,,,,7.46,-0.98,32.76,0.0,4.7,Avoid,avoid,2026-07-01 16:10:48
153286,Kotak BSE Sensex Index Fund- Direct - Growth,INF174KA1UV6,Kotak Mahindra Mutual Fund,Index / ETF,Other Scheme - Index Funds,10.258,01-07-2026,332,3.33,5.34,-9.35,-7.1,,,,,3.54,-0.15,16.12,0.0,16.8,Avoid,avoid,2026-07-02 15:42:38
153309,BAJAJ FINSERV MULTI CAP FUND - DIRECT - GROWTH,INF0QA701AV7,Bajaj Finserv Mutual Fund,Index / ETF,Equity Scheme - Multi Cap Fund,12.269,01-07-2026,326,4.85,17.76,4.96,6.06,,,,,4.22,0.67,14.18,100.0,47.4,Avoid,avoid,2026-07-02 15:42:40
153294,Bank of India Money Market Fund - Direct - Growth,INF761K01GO5,Bank of India Mutual Fund,Debt,Debt Scheme - Money Market Fund,11.0492,01-07-2026,336,1.09,2.0,3.4,6.52,,,,,0.19,0.63,0.16,100.0,53.9,Avoid,avoid,2026-07-02 15:42:38
153326,Helios Mid Cap Fund - Direct Plan - Growth Option,INF0R8701327,Helios Mutual Fund,Mid Cap,Equity Scheme - Mid Cap Fund,13.78,30-06-2026,316,6.82,22.16,7.07,15.03,,,,,5.06,1.22,16.74,100.0,62.2,Watch,watch,2026-07-01 16:10:48
153272,UTI Nifty Midsmallcap 400 Momentum Quality 100 Index Fund - Direct Plan - Growth Option,INF789F1AB22,UTI Mutual Fund,Index / ETF,Other Scheme - Index Funds,11.5617,01-07-2026,334,0.77,14.78,6.12,-0.36,,,,,4.24,0.48,17.37,0.0,25.0,Avoid,avoid,2026-07-02 15:42:38
153335,Edelweiss CRISIL IBX AAA Bond NBFC HFC Jun 2027 Index Fund - Direct Plan - Growth Option,INF754K01UG7,Edelweiss Mutual Fund,Index / ETF,Other Scheme - Index Funds,11.082,30-06-2026,325,1.07,1.98,3.1,6.62,,,,,0.26,0.88,0.24,100.0,57.6,Watch,watch,2026-07-01 16:10:57
153340,Union Gold ETF Fund of Fund - Direct Plan - Growth Option,INF582M01LA0,Union Mutual Fund,Gold,Other Scheme - FoF Domestic,16.0505,30-06-2026,324,-8.83,-6.42,5.17,42.35,,,,,7.48,1.33,24.57,100.0,78.0,Strong Pick,strong,2026-07-01 16:10:57
153348,DSP Nifty Private Bank Index Fund - Direct - Growth,INF740KA1VN6,DSP Mutual Fund,Index / ETF,Other Scheme - Index Funds,11.4845,30-06-2026,322,7.42,13.86,-2.7,-1.18,,,,,5.16,0.32,17.31,0.0,21.6,Avoid,avoid,2026-07-01 16:10:57
153353,Kotak Nifty Commodities Index Fund-Direct Growth,INF174KA1VE0,Kotak Mahindra Mutual Fund,Index / ETF,Other Scheme - Index Funds,12.244,30-06-2026,315,-4.19,5.95,3.29,9.37,,,,,4.71,0.79,10.0,100.0,52.2,Avoid,avoid,2026-07-01 16:10:56
153394,ICICI Prudential Nifty EV & New Age Automotive ETF FOF - Direct Plan - Growth,INF109K1A120,ICICI Prudential Mutual Fund,Index / ETF,Other Scheme - FoF Domestic,11.7726,30-06-2026,294,2.6,14.24,-1.29,5.96,,,,,5.36,0.26,19.62,100.0,39.2,Avoid,avoid,2026-07-01 16:11:18
153380,Mirae Asset BSE 200 Equal Weight ETF Fund of Fund - Direct Plan - Growth,INF769K01OE3,Mirae Asset Mutual Fund,Index / ETF,Other Scheme - FoF Domestic,11.54,30-06-2026,314,1.49,11.26,-0.19,1.79,,,,,4.22,0.46,13.5,100.0,43.5,Avoid,avoid,2026-07-01 16:11:18
153372,Kotak CRISIL-IBX Financial Services 3-6 Months Debt Index Fund-Direct-Growth,INF174KA1VK7,Kotak Mahindra Mutual Fund,Debt,Other Scheme - Index Funds,10.9493,30-06-2026,313,0.81,2.08,3.45,6.69,,,,,0.13,0.04,0.05,100.0,45.6,Avoid,avoid,2026-07-01 16:11:18
153385,Mirae Asset BSE Select IPO ETF Fund of Fund - Direct Plan - Growth,INF769K01OK0,Mirae Asset Mutual Fund,Index / ETF,Other Scheme - FoF Domestic,11.109,30-06-2026,314,5.46,16.0,-1.39,-8.14,,,,,4.97,0.23,24.27,0.0,19.5,Avoid,avoid,2026-07-01 16:11:18
153401,KOTAK NIFTY MIDCAP 150 INDEX FUND-DIRECT PLAN-GROWTH,INF174KA1VQ4,Kotak Mahindra Mutual Fund,Index / ETF,Other Scheme - Index Funds,11.697,30-06-2026,307,2.34,14.73,2.29,3.83,,,,,4.5,0.78,14.04,100.0,47.7,Avoid,avoid,2026-07-01 16:11:32
153376,Unifi Dynamic Asset Allocation Fund - Direct Growth,INF1MIY01015,Unifi Mutual Fund,Hybrid,Hybrid Scheme - Dynamic Asset Allocation or Balanced Advantage,11.087,30-06-2026,316,1.11,2.38,4.02,7.98,,,,,0.22,1.57,0.13,100.0,68.9,Watch,watch,2026-07-01 16:11:18
153364,Motilal Oswal Active Momentum Fund- Direct-Growth,INF247L01EP5,Motilal Oswal Mutual Fund,Thematic,Equity Scheme - Sectoral/ Thematic,13.7699,30-06-2026,312,5.23,26.04,12.01,23.4,,,,,5.15,1.55,16.58,100.0,74.5,Watch,watch,2026-07-01 16:11:16
153362,Navi Nifty Smallcap 250 Momentum quality index fund- Direct Plan,INF959L01HQ6,Navi Mutual Fund,Index / ETF,Other Scheme - Index Funds,11.657,30-06-2026,318,3.66,18.64,5.27,-4.02,,,,,4.91,0.42,22.73,0.0,22.5,Avoid,avoid,2026-07-01 16:10:57
153368,Franklin India Low Duration Fund-Direct-Growth,INF090I01YE7,Franklin Templeton Mutual Fund,Debt,Debt Scheme - Low Duration Fund,11.0217,30-06-2026,316,0.97,1.79,3.32,6.64,,,,,0.18,0.98,0.13,100.0,59.2,Watch,watch,2026-07-01 16:11:18
153405,HDFC Nifty Top 20 Equal Weight Index Fund - Direct,INF179KC1JI9,HDFC Mutual Fund,Index / ETF,Other Scheme - Index Funds,9.8359,30-06-2026,310,2.52,3.66,-11.25,-7.12,,,,,3.78,-0.08,16.07,0.0,17.6,Avoid,avoid,2026-07-01 16:11:35
153355,WhiteOak Capital Equity Savings Fund Direct Plan Growth,INF03VN01AB7,WhiteOak Capital Mutual Fund,Hybrid,Hybrid Scheme - Equity Savings,11.58,30-06-2026,317,1.63,4.07,1.58,8.45,,,,,1.13,1.17,3.79,100.0,61.9,Watch,watch,2026-07-01 16:10:57
153350,Bandhan Nifty Next 50 Index Fund - Direct Plan - Growth,INF194KB1JK7,Bandhan Mutual Fund,Index / ETF,Other Scheme - Index Funds,12.6234,30-06-2026,331,2.47,15.83,3.61,4.59,,,,,5.02,0.53,14.45,100.0,43.5,Avoid,avoid,2026-07-01 16:10:58
153407,Bandhan CRISIL-IBX Financial Services 3-6 Months Debt Index Fund - Direct Plan - Growth,INF194KB1JR2,Bandhan Mutual Fund,Debt,Other Scheme - Index Funds,10.9494,30-06-2026,316,0.85,2.12,3.52,6.76,,,,,0.14,0.2,0.04,100.0,48.0,Avoid,avoid,2026-07-01 16:11:36
153389,Bandhan CRISIL-IBX 10:90 Gilt Plus SDL Index - Dec 2029 Fund-Direct Plan-Growth,INF194KB1JL5,Bandhan Mutual Fund,Debt,Other Scheme - Index Funds,10.9532,30-06-2026,319,1.73,2.43,2.87,4.72,,,,,0.72,-0.22,1.15,100.0,39.4,Avoid,avoid,2026-07-01 16:11:18
153411,ICICI Prudential CRISIL-IBX Financial Services 3-6 Months Debt Index Fund - Direct Plan - Growth,INF109K1A062,ICICI Prudential Mutual Fund,Debt,Other Scheme - Index Funds,10.9383,30-06-2026,307,0.83,2.09,3.55,6.84,,,,,0.14,0.37,0.03,100.0,50.5,Avoid,avoid,2026-07-01 16:11:36
153458,ICICI Prudential Quality Fund - Direct Plan - Growth,INF109K1A187,ICICI Prudential Mutual Fund,Thematic,Equity Scheme - Sectoral/ Thematic,10.41,30-06-2026,270,3.48,9.58,-2.53,1.17,,,,,3.43,-0.29,12.83,100.0,33.6,Avoid,avoid,2026-07-01 16:11:57
153465,Canara Robeco Multi Asset Allocation Fund - Direct Plan - Growth,INF760K01LH1,Canara Robeco Mutual Fund,Hybrid,Hybrid Scheme - Multi Asset Allocation,11.06,30-06-2026,264,1.65,5.84,0.36,8.64,,,,,2.73,0.31,10.5,100.0,46.8,Avoid,avoid,2026-07-01 16:11:57
153461,Kotak Nifty Top 10 Equal Weight Index Fund-Direct Plan-Growth,INF174KA1WD0,Kotak Mahindra Mutual Fund,Index / ETF,Other Scheme - Index Funds,9.008,30-06-2026,286,1.04,2.54,-14.93,-13.68,,,,,3.74,-1.18,18.85,0.0,11.1,Avoid,avoid,2026-07-01 16:11:57
153426,quant Arbitrage Fund - Growth Option - Direct Plan,INF966L01DW8,quant Mutual Fund,Hybrid,Hybrid Scheme - Arbitrage Fund,10.9162,30-06-2026,301,0.65,1.73,3.65,7.33,,,,,0.09,1.51,0.23,100.0,67.6,Watch,watch,2026-07-01 16:11:36
153442,UTI Income Plus Arbitrage Active Fund of Fund - Direct Plan - Growth Option,INF789F1AB55,UTI Mutual Fund,Hybrid,Other Scheme - FoF Domestic,10.8069,30-06-2026,300,1.31,2.16,2.98,5.85,,,,,0.36,-0.54,0.31,100.0,36.7,Avoid,avoid,2026-07-01 16:11:48
153420,Tata BSE Quality Index Fund Direct plan Growth Option,INF277KA1DK1,Tata Mutual Fund,Index / ETF,Other Scheme - Index Funds,11.3733,30-06-2026,300,-0.17,9.1,-0.53,-0.48,,,,,3.82,0.14,12.15,0.0,21.3,Avoid,avoid,2026-07-01 16:11:36
153447,Kotak Energy Opportunities Fund-Direct-Growth,INF174KA1VX0,Kotak Mahindra Mutual Fund,Sectoral,Equity Scheme - Sectoral/ Thematic,10.92,30-06-2026,286,0.7,10.35,5.81,4.9,,,,,4.66,0.13,9.59,100.0,38.8,Avoid,avoid,2026-07-01 16:11:48
153453,Groww Nifty 500 Momentum 50 ETF FOF - Direct Plan - Growth,INF666M01JX7,Groww Mutual Fund,Index / ETF,Other Scheme - FoF Domestic,10.6554,30-06-2026,290,2.74,12.1,1.67,-3.3,,,,,4.71,0.09,17.29,0.0,18.8,Avoid,avoid,2026-07-01 16:11:57
153470,Nippon India Nifty 500 Quality 50 Index Fund - Direct Plan - Growth Option,INF204KC1EW0,Nippon India Mutual Fund,Index / ETF,Other Scheme - Index Funds,10.8504,30-06-2026,282,-1.03,11.46,2.74,-3.27,,,,,3.89,-0.57,16.77,0.0,11.2,Avoid,avoid,2026-07-01 16:11:57
153416,Edelweiss Low Duration Fund - Direct Plan Growth,INF754K01UP8,Edelweiss Mutual Fund,Debt,Debt Scheme - Low Duration Fund,1092.5523,30-06-2026,306,1.09,2.02,3.13,6.3,,,,,0.23,-0.07,0.2,100.0,43.5,Avoid,avoid,2026-07-01 16:11:36
153443,Aditya Birla Sun Life Crisil-IBX Financial Services 9-12 Months Debt Index Fund-Direct Growth,INF209KC1498,Aditya Birla Sun Life Mutual Fund,Debt,Other Scheme - Index Funds,10.9215,30-06-2026,305,1.16,1.99,3.09,6.29,,,,,0.25,-0.02,0.25,100.0,44.2,Avoid,avoid,2026-07-01 16:11:48
153432,SBI BSE PSU BANK INDEX FUND- Direct Plan- Growth,INF200KB1688,SBI Mutual Fund,Index / ETF,Other Scheme - Index Funds,13.6709,30-06-2026,313,5.96,4.82,-0.74,16.26,,,,,7.16,0.95,20.48,100.0,56.5,Watch,watch,2026-07-01 16:11:36
153438,Bajaj Finserv Overnight Fund - Direct - Unclaimed less than 3 years Redemption Plan,INF0QA701AF0,Bajaj Finserv Mutual Fund,Debt,Debt Scheme - Overnight Fund,1069.7397,30-06-2026,381,0.41,1.24,2.52,5.41,,,,,0.04,-10.83,0.0,100.0,36.7,Avoid,avoid,2026-07-01 16:11:36
153436,Zerodha Overnight Fund - Direct Plan - Growth Option,INF0R8F01075,Zerodha Mutual Fund,Debt,Debt Scheme - Overnight Fund,10.6733,30-06-2026,380,0.4,1.23,2.49,5.19,,,,,0.02,-22.33,0,100.0,36.5,Avoid,avoid,2026-07-01 16:11:36
153474,Nippon India Nifty 500 Low Volatility 50 Index Fund - Direct Plan - Growth Option,INF204KC1EQ2,Nippon India Mutual Fund,Index / ETF,Other Scheme - Index Funds,10.4992,30-06-2026,282,0.11,4.72,-5.59,-0.97,,,,,3.75,-0.35,12.23,0.0,14.2,Avoid,avoid,2026-07-01 16:11:57
153477,Groww Gilt Fund - Direct - Growth,INF666M01KK2,Groww Mutual Fund,Debt,Debt Scheme - Gilt Fund,10.0444,30-06-2026,275,1.89,2.38,1.18,1.61,,,,,0.93,-1.81,3.9,100.0,34.7,Avoid,avoid,2026-07-01 16:11:57
153501,SBI Income Plus Arbitrage Active FOF- Direct Plan- Income Distribution Cum Capital Withdrawal Option,INF200KB1761,SBI Mutual Fund,Hybrid,Other Scheme - FoF Domestic,10.6694,30-06-2026,284,1.17,1.95,2.94,5.75,,,,,0.29,-0.99,0.3,100.0,36.7,Avoid,avoid,2026-07-01 16:12:05
153479,Bajaj Finserv Nifty Next 50 Index Fund - Direct - Growth,INF0QA701BG6,Bajaj Finserv Mutual Fund,Index / ETF,Other Scheme - Index Funds,11.3901,30-06-2026,278,2.42,15.64,3.0,3.87,,,,,5.02,-0.02,14.78,100.0,35.4,Avoid,avoid,2026-07-01 16:11:57
153534,Samco Large & Mid Cap Fund - Direct Plan - Growth Option,INF0K1H01271,Samco Mutual Fund,Mid Cap,Equity Scheme - Large & Mid Cap Fund,9.16,30-06-2026,245,-0.76,5.77,-1.51,-9.75,,,,,3.04,-1.4,15.01,0.0,12.5,Avoid,avoid,2026-07-01 16:12:07
153487,DSP Silver ETF Fund of Fund - Direct - Growth,INF740KA1VZ0,DSP Mutual Fund,Gold,Other Scheme - FoF Domestic,23.1463,30-06-2026,277,-14.72,-5.41,-1.5,104.11,,,,,14.8,1.5,45.42,100.0,76.8,Strong Pick,strong,2026-07-01 16:11:57
153513,Tata Income Plus Arbitrage Active FOF - Direct Plan Growth Option,INF277KA1DT2,Tata Mutual Fund,Hybrid,Other Scheme - FoF Domestic,10.6306,30-06-2026,266,1.41,2.19,3.03,5.91,,,,,0.39,-0.92,0.34,100.0,36.7,Avoid,avoid,2026-07-01 16:12:06
153536,Baroda BNP Paribas Income Plus Arbitrage Active FOF Direct Growth,INF251K01UT7,Baroda BNP Paribas Mutual Fund,Hybrid,Other Scheme - FoF Domestic,10.6648,30-06-2026,266,1.33,2.22,3.16,6.12,,,,,0.35,-0.78,0.26,100.0,36.9,Avoid,avoid,2026-07-01 16:12:07
153529,ANGEL ONE NIFTY 50 INDEX FUND-DIRECT-GROWTH,INF1J2R01072,Angel One Mutual Fund,Index / ETF,Other Scheme - Index Funds,9.8111,30-06-2026,268,2.36,5.69,-8.22,-5.74,,,,,3.64,-0.74,15.14,0.0,11.8,Avoid,avoid,2026-07-01 16:12:07
153515,UTI Multi Cap Fund - Direct Plan - Growth Option,INF789F1AB89,UTI Mutual Fund,Multi Cap,Equity Scheme - Multi Cap Fund,10.5019,30-06-2026,274,3.93,10.75,-2.39,1.17,,,,,3.68,-0.24,14.06,100.0,33.8,Avoid,avoid,2026-07-01 16:12:07
153525,Groww Silver ETF FOF - Direct - Growth,INF666M01KQ9,Groww Mutual Fund,Gold,Other Scheme - FoF Domestic,21.676,30-06-2026,270,-14.32,-4.87,-0.03,99.43,,,,,15.17,1.42,43.62,100.0,75.9,Strong Pick,strong,2026-07-01 16:12:08
153497,Edelweiss BSE Internet Economy Index Fund - Direct Plan - Growth,INF754K01UX2,Edelweiss Mutual Fund,Index / ETF,Other Scheme - Index Funds,10.5489,30-06-2026,276,2.66,13.97,-4.54,-2.74,,,,,4.57,-0.41,21.38,0.0,11.1,Avoid,avoid,2026-07-01 16:11:57
153517,HDFC CRISIL-IBX Financial Services 3-6 Months Debt Index Fund - Direct Growth Plan,INF179KC1JK5,HDFC Mutual Fund,Debt,Other Scheme - Index Funds,10.8309,30-06-2026,279,0.9,2.17,3.65,7.04,,,,,0.14,0.71,0.03,100.0,55.7,Watch,watch,2026-07-01 16:12:08
153484,Motilal Oswal Infrastructure Fund-Direct-Growth,INF247L01EW1,Motilal Oswal Mutual Fund,Sectoral,Equity Scheme - Sectoral/ Thematic,13.0751,30-06-2026,275,2.36,12.71,7.46,13.57,,,,,3.84,0.68,9.68,100.0,55.5,Watch,watch,2026-07-01 16:11:57
153498,SBI Income Plus Arbitrage Active FOF- Direct Plan- Growth,INF200KB1753,SBI Mutual Fund,Hybrid,Other Scheme - FoF Domestic,10.6695,30-06-2026,284,1.17,1.95,2.94,5.75,,,,,0.29,-0.99,0.3,100.0,36.7,Avoid,avoid,2026-07-01 16:11:57
153506,Bajaj Finserv Nifty 50 Index Fund - Direct - Growth,INF0QA701BA9,Bajaj Finserv Mutual Fund,Index / ETF,Other Scheme - Index Funds,9.7309,30-06-2026,275,2.36,5.66,-8.02,-5.98,,,,,3.57,-0.77,14.92,0.0,11.9,Avoid,avoid,2026-07-01 16:12:07
153567,Nippon India BSE Sensex Next 30 Index Fund- Direct Plan- Growth Option,INF204KC1FD7,Nippon India Mutual Fund,Index / ETF,Other Scheme - Index Funds,10.7695,30-06-2026,257,-0.59,10.23,2.1,5.37,,,,,4.26,0.03,11.43,100.0,37.8,Avoid,avoid,2026-07-01 16:12:18
153557,SBI Nifty200 Quality 30 Index Fund- Direct Plan- Income Distribution Cum Capital Withdrawal Option,INF200KB1829,SBI Mutual Fund,Index / ETF,Other Scheme - Index Funds,9.6422,30-06-2026,264,-1.98,5.32,-8.06,-5.57,,,,,3.67,-0.95,15.81,0.0,11.6,Avoid,avoid,2026-07-01 16:12:18
153624,Axis Services Opportunities Fund - Direct Plan - Growth Option,INF846KA1168,Axis Mutual Fund,Sectoral,Equity Scheme - Sectoral/ Thematic,9.86,30-06-2026,228,6.48,15.19,-1.0,,,,,,4.44,,18.41,,,N/A,neutral,2026-07-01 16:12:38
153620,HDFC INNOVATION FUND - DIRECT PLAN - GROWTH OPTION,INF179KC1JO7,HDFC Mutual Fund,Thematic,Equity Scheme - Sectoral/ Thematic,10.912,30-06-2026,232,3.98,16.02,6.24,,,,,,3.83,,12.3,,,N/A,neutral,2026-07-01 16:12:38
153612,BAJAJ FINSERV SMALL CAP FUND - DIRECT - GROWTH,INF0QA701BN2,Bajaj Finserv Mutual Fund,Index / ETF,Equity Scheme - Small Cap Fund,10.85,30-06-2026,229,7.25,23.97,12.39,,,,,,5.79,,16.22,,,N/A,neutral,2026-07-01 16:12:38
153575,Union Income Plus Arbitrage Active FOF - Direct Plan - Growth Option,INF582M01LF9,Union Mutual Fund,Hybrid,Other Scheme - FoF Domestic,10.4683,30-06-2026,251,1.76,2.82,2.65,4.74,,,,,0.66,-0.86,1.02,100.0,35.5,Avoid,avoid,2026-07-01 16:12:18
153604,Baroda BNP Paribas Health and Wellness Fund Direct Growth,INF251K01VA5,Baroda BNP Paribas Mutual Fund,Thematic,Equity Scheme - Sectoral/ Thematic,10.4472,30-06-2026,244,4.85,13.68,9.4,4.34,,,,,3.85,-0.14,11.11,100.0,35.5,Avoid,avoid,2026-07-01 16:12:31
153614,ICICI Prudential Nifty Top 15 Equal Weight Index Fund - Direct Plan - Growth,INF109K1A310,ICICI Prudential Mutual Fund,Index / ETF,Other Scheme - Index Funds,9.3137,30-06-2026,246,3.09,4.52,-11.94,-6.38,,,,,4.03,-0.86,17.53,0.0,10.9,Avoid,avoid,2026-07-01 16:12:38
153600,Nippon India Income Plus Arbitrage Active Fund of Fund- Direct Plan- Growth Option,INF204KC1FJ4,Nippon India Mutual Fund,Hybrid,Other Scheme - FoF Domestic,10.6235,30-06-2026,248,1.37,2.15,3.1,5.9,,,,,0.36,-0.7,0.26,100.0,36.7,Avoid,avoid,2026-07-01 16:12:30
153594,DSP Nifty Healthcare Index Fund - Direct- Growth,INF740KA1WF0,DSP Mutual Fund,Index / ETF,Other Scheme - Index Funds,11.463,30-06-2026,251,5.76,14.78,10.32,11.53,,,,,4.25,0.27,8.43,100.0,47.4,Avoid,avoid,2026-07-01 16:12:18
153596,Motilal Oswal BSE 1000 Index Fund - Direct Plan - Growth,INF247L01FM9,Motilal Oswal Mutual Fund,Index / ETF,Other Scheme - Index Funds,9.9472,30-06-2026,244,2.98,10.72,-2.93,-1.92,,,,,3.99,-0.53,14.92,0.0,11.4,Avoid,avoid,2026-07-01 16:12:18
153590,DSP Nifty IT Index Fund - Direct - Growth,INF740KA1WL8,DSP Mutual Fund,Index / ETF,Other Scheme - Index Funds,6.8868,30-06-2026,251,-11.82,-10.85,-29.82,-30.86,,,,,7.42,-1.56,32.67,0.0,4.8,Avoid,avoid,2026-07-01 16:12:18
153558,Motilal Oswal Services Fund - Direct Plan - Growth,INF247L01FE6,Motilal Oswal Mutual Fund,Sectoral,Equity Scheme - Sectoral/ Thematic,11.1915,30-06-2026,255,6.18,18.94,2.68,8.57,,,,,4.62,0.23,17.26,100.0,42.4,Avoid,avoid,2026-07-01 16:12:18
153581,Tata Nifty Midcap 150 Index Fund - Direct Plan - Growth Option,INF277KA1DZ9,Tata Mutual Fund,Index / ETF,Other Scheme - Index Funds,10.8292,30-06-2026,248,2.34,14.74,2.34,3.9,,,,,4.5,-0.1,14.05,100.0,34.9,Avoid,avoid,2026-07-01 16:12:18
153570,Unifi Liquid Fund- Direct Growth,INF1MIY01056,Unifi Mutual Fund,Debt,Debt Scheme - Liquid Fund,1063.8947,30-06-2026,330,0.41,1.55,2.98,6.0,,,,,0.05,-4.65,0,100.0,37.2,Avoid,avoid,2026-07-01 16:12:18
153626,Groww Nifty India Internet ETF FOF - Direct - Growth,INF666M01LC7,Groww Mutual Fund,Index / ETF,Other Scheme - FoF Domestic,9.2333,30-06-2026,241,3.76,12.1,-11.09,,,,,,5.33,-0.67,28.64,,14.3,Avoid,avoid,2026-07-01 16:12:38
153629,JM Large & Mid Cap Fund (Direct) - Growth Option,INF192K01NK7,JM Financial Mutual Fund,Mid Cap,Equity Scheme - Large & Mid Cap Fund,10.4923,30-06-2026,223,3.99,13.66,0.21,,,,,,4.22,,15.48,,,N/A,neutral,2026-07-01 16:12:38
153634,Mirae Asset CRISIL-IBX Financial Services 9-12 Months Debt Index Fund - Direct Plan - Growth,INF769K01OS3,Mirae Asset Mutual Fund,Debt,Other Scheme - Index Funds,10.6394,30-06-2026,243,1.13,1.96,3.12,6.24,,,,,0.23,-0.68,0.21,100.0,37.2,Avoid,avoid,2026-07-01 16:12:38
153644,TRUSTMF MULTI CAP FUND -DIRECT PLAN-GROWTH,INF0GCD01834,Trust Mutual Fund,Multi Cap,Equity Scheme - Multi Cap Fund,11.48,30-06-2026,227,5.61,20.08,8.82,,,,,,4.63,,12.73,,,N/A,neutral,2026-07-01 16:12:38
153649,JioBlackRock Money Market Fund - Direct Plan - Growth Option,INF22M001028,Jio BlackRock Mutual Fund,Debt,Debt Scheme - Money Market Fund,1062.3271,30-06-2026,236,1.06,1.85,3.2,,,,,,0.2,,0.21,,,N/A,neutral,2026-07-01 16:12:39
153638,Mirae Asset Income plus Arbitrage Active FOF - Direct Plan - Growth,INF769K01OY1,Mirae Asset Mutual Fund,Hybrid,Other Scheme - FoF Domestic,10.608,30-06-2026,236,1.34,2.07,2.99,,,,,,0.32,,0.18,,,N/A,neutral,2026-07-01 16:12:38
153669,Sundaram Multi-Factor Fund - Direct - Growth,INF903JA1LV6,Sundaram Mutual Fund,Thematic,Equity Scheme - Sectoral/ Thematic,9.8547,30-06-2026,228,-0.94,5.45,-7.11,,,,,,3.87,,14.9,,,N/A,neutral,2026-07-01 16:12:45
153656,Zerodha Silver ETF FoF - Direct Growth,INF0R8F01109,Zerodha Mutual Fund,Gold,Other Scheme - FoF Domestic,20.2792,30-06-2026,236,-14.9,-5.73,-1.62,,,,,,16.68,,46.16,,,N/A,neutral,2026-07-01 16:12:45
153654,Union Low Duration Fund - Direct Plan - Growth Option,INF582M01LQ6,Union Mutual Fund,Debt,Debt Scheme - Low Duration Fund,10.5753,30-06-2026,227,1.14,1.94,2.92,,,,,,0.27,,0.27,,,N/A,neutral,2026-07-01 16:12:45
153674,Mahindra Manulife Banking & Financial Services Fund - Direct - Growth,INF174V01CO7,Mahindra Manulife Mutual Fund,Sectoral,Equity Scheme - Sectoral/ Thematic,10.8778,30-06-2026,230,6.45,13.15,1.34,,,,,,5.09,,15.72,,,N/A,neutral,2026-07-01 16:12:46
153662,SBI Nifty200 Momentum 30 Index Fund- Direct Plan- Growth,INF200KB1878,SBI Mutual Fund,Index / ETF,Other Scheme - Index Funds,9.7974,30-06-2026,239,2.88,11.18,-0.86,,,,,,4.68,,16.12,,,N/A,neutral,2026-07-01 16:12:46
153660,KOTAK NIFTY 200 QUALITY 30 INDEX FUND - DIRECT PLAN - GROWTH,INF174KA1WN9,Kotak Mahindra Mutual Fund,Index / ETF,Other Scheme - Index Funds,9.516,30-06-2026,231,-1.97,5.35,-8.02,,,,,,3.7,,15.79,,,N/A,neutral,2026-07-01 16:12:45
153651,JioBlackRock Liquid Fund - Direct Plan - Growth Option,INF22M001010,Jio BlackRock Mutual Fund,Debt,Debt Scheme - Liquid Fund,1063.7121,30-06-2026,307,0.64,1.82,3.35,,,,,,0.06,-1.78,0.01,,33.2,Avoid,avoid,2026-07-01 16:12:46
153650,JioBlackRock Overnight Fund - Direct Plan - Growth Option,INF22M001036,Jio BlackRock Mutual Fund,Debt,Debt Scheme - Overnight Fund,1053.3472,30-06-2026,307,0.41,1.26,2.57,,,,,,0.02,-21.46,0,,33.3,Avoid,avoid,2026-07-01 16:12:43
153679,ICICI Prudential Nifty Private Bank Index Fund - Direct Plan - Growth,INF109K1A369,ICICI Prudential Mutual Fund,Index / ETF,Other Scheme - Index Funds,10.0211,30-06-2026,231,7.42,13.79,-2.65,,,,,,5.18,,17.14,,,N/A,neutral,2026-07-01 16:12:46
153697,Invesco India Income Plus Arbitrage Active Fund of Fund - Direct Plan - Growth,INF205KA1BA3,Invesco Mutual Fund,Hybrid,Other Scheme - FoF Domestic,1055.8307,30-06-2026,225,1.51,2.37,3.1,,,,,,0.42,,0.31,,,N/A,neutral,2026-07-01 16:12:46
153728,Bank of India Mid Cap Fund - Direct Plan Growth,INF761K01GY4,Bank of India Mutual Fund,Mid Cap,Equity Scheme - Mid Cap Fund,10.35,30-06-2026,206,2.48,13.24,5.18,,,,,,4.02,,12.49,,,N/A,neutral,2026-07-01 16:13:03
153693,Nippon India MNC Fund- Direct Plan- Growth Option,INF204KC1FR7,Nippon India Mutual Fund,Thematic,Equity Scheme - Sectoral/ Thematic,10.6957,30-06-2026,226,1.65,10.86,-1.67,,,,,,4.21,,13.13,,,N/A,neutral,2026-07-01 16:12:46
153712,Edelweiss Income Plus Arbitrage Active Fund of Funds - Direct Plan Growth,INF754K01VF7,Edelweiss Mutual Fund,Hybrid,Other Scheme - FoF Domestic,10.5278,30-06-2026,226,0.96,1.77,2.76,,,,,,0.24,,0.17,,,N/A,neutral,2026-07-01 16:13:03
153680,Kotak Nifty AAA Bond Financial Services Mar 2028 Index Fund - Direct Plan - Growth,INF174KA1WY6,Kotak Mahindra Mutual Fund,Index / ETF,Other Scheme - Index Funds,10.5684,30-06-2026,231,1.28,2.02,2.67,,,,,,0.41,,0.53,,,N/A,neutral,2026-07-01 16:12:46
153684,ICICI Prudential Active Momentum Fund - Direct Plan - Growth,INF109K1A385,ICICI Prudential Mutual Fund,Thematic,Equity Scheme - Sectoral/ Thematic,10.95,30-06-2026,225,2.43,11.17,2.34,,,,,,3.74,,11.01,,,N/A,neutral,2026-07-01 16:12:46
153731,Franklin India Multi Asset Allocation Fund- Direct-Growth,INF090I01YH0,Franklin Templeton Mutual Fund,Hybrid,Hybrid Scheme - Multi Asset Allocation,10.9804,30-06-2026,221,0.96,5.19,0.43,,,,,,3.13,,11.55,,,N/A,neutral,2026-07-01 16:13:03
153705,quant Equity Savings Fund - Growth Option - Direct Plan,INF966L01EC8,quant Mutual Fund,Hybrid,Hybrid Scheme - Equity Savings,10.6997,30-06-2026,226,2.17,7.89,5.2,,,,,,1.86,,4.96,,,N/A,neutral,2026-07-01 16:13:03
153736,Aditya Birla Sun Life BSE 500 Momentum 50 Index Fund-Direct Growth,INF209KC1589,Aditya Birla Sun Life Mutual Fund,Index / ETF,Other Scheme - Index Funds,10.6921,30-06-2026,215,4.74,14.01,1.31,,,,,,5.1,,15.37,,,N/A,neutral,2026-07-01 16:13:03
153738,CAPITALMIND FLEXI CAP FUND DIRECT GROWTH,INF226401018,Capitalmind Mutual Fund,Multi Cap,Equity Scheme - Flexi Cap Fund,10.0371,30-06-2026,219,1.34,4.43,-2.32,,,,,,3.44,,9.25,,,N/A,neutral,2026-07-01 16:13:03
153704,Groww Nifty 50 Index Fund Direct Growth,INF666M01KT3,Groww Mutual Fund,Index / ETF,Other Scheme - Index Funds,9.5573,30-06-2026,229,2.33,5.62,-8.29,,,,,,3.7,,15.14,,,N/A,neutral,2026-07-01 16:13:00
153718,SBI Nifty100 Low Volatility 30 Index Fund- Direct Plan- Growth,INF200KB1936,SBI Mutual Fund,Index / ETF,Other Scheme - Index Funds,9.968,30-06-2026,227,1.95,6.83,-6.54,,,,,,3.86,,14.29,,,N/A,neutral,2026-07-01 16:13:03
153722,Bandhan Multi-Factor Fund - Direct Plan - Growth,INF194KB1JX0,Bandhan Mutual Fund,Thematic,Equity Scheme - Sectoral/ Thematic,9.96,30-06-2026,226,0.91,3.79,-6.52,,,,,,3.84,,12.69,,,N/A,neutral,2026-07-01 16:13:03
153703,360 ONE Overnight Fund - Direct Plan - Growth,INF579M01BG4,360 ONE Mutual Fund,Debt,Debt Scheme - Overnight Fund,1052.7151,30-06-2026,291,0.41,1.26,2.58,,,,,,0.02,,0,,,N/A,neutral,2026-07-01 16:13:03
153740,Aditya Birla Sun Life BSE 500 Quality 50 Index Fund - Direct Growth,INF209KC1613,Aditya Birla Sun Life Mutual Fund,Index / ETF,Other Scheme - Index Funds,10.6894,30-06-2026,215,-0.17,9.92,1.28,,,,,,3.64,,11.37,,,N/A,neutral,2026-07-01 16:13:03
153749,Motilal Oswal Special Opportunities Fund - Direct - Growth,INF247L01FS6,Motilal Oswal Mutual Fund,Thematic,Equity Scheme - Sectoral/ Thematic,11.7098,01-07-2026,209,2.92,22.11,9.71,,,,,,5.31,,15.17,,,N/A,neutral,2026-07-02 15:42:40
153745,Groww BSE Power ETF FOF Direct Growth,INF666M01LN4,Groww Mutual Fund,Index / ETF,Other Scheme - FoF Domestic,12.4014,30-06-2026,216,-0.2,18.45,25.23,,,,,,7.12,,15.49,,,N/A,neutral,2026-07-01 16:13:03
153753,Kotak Active Momentum Fund - Direct Plan - Growth option,INF174KA1XA4,Kotak Mahindra Mutual Fund,Thematic,Equity Scheme - Sectoral/ Thematic,10.635,01-07-2026,205,1.37,12.03,0.17,,,,,,3.87,,13.61,,,N/A,neutral,2026-07-02 15:42:54
153757,Zerodha Multi Asset Passive FoF - Direct - Growth,INF0R8F01117,Zerodha Mutual Fund,Hybrid,Other Scheme - FoF Domestic,11.2581,30-06-2026,209,-0.67,5.39,1.09,,,,,,3.65,,12.66,,,N/A,neutral,2026-07-01 16:13:28
153758,BAJAJ FINSERV EQUITY SAVINGS FUND - DIRECT - GROWTH,INF0QA701BT9,Bajaj Finserv Mutual Fund,Index / ETF,Hybrid Scheme - Equity Savings,10.46,30-06-2026,208,0.99,2.53,2.42,,,,,,0.68,,1.27,,,N/A,neutral,2026-07-01 16:13:28
153776,Edelweiss Multi Asset Omni Fund of Fund- Direct Plan - Growth,INF754K01VN1,Edelweiss Mutual Fund,Hybrid,Other Scheme - FoF Domestic,11.36,30-06-2026,196,-0.53,6.69,0.42,,,,,,4.26,,14.62,,,N/A,neutral,2026-07-01 16:13:28
153790,JioBlackRock Nifty Smallcap 250 Index Fund - Direct Plan - Growth Option,INF22M001051,Jio BlackRock Mutual Fund,Index / ETF,Other Scheme - Index Funds,10.4962,30-06-2026,207,5.14,20.26,6.34,,,,,,5.56,,18.74,,,N/A,neutral,2026-07-01 16:13:28
153816,Mirae Asset Multi Factor Passive FOF - Direct Plan - Growth,INF769K01PH3,Mirae Asset Mutual Fund,Fund of Funds,Other Scheme - FoF Domestic,10.676,30-06-2026,202,1.08,10.76,0.63,,,,,,4.29,,12.48,,,N/A,neutral,2026-07-01 16:13:49
153812,Mirae Asset Gold Silver Passive FoF - Direct Plan - Growth,INF769K01PM3,Mirae Asset Mutual Fund,Gold,Other Scheme - FoF Domestic,15.953,30-06-2026,202,-11.22,-5.53,2.33,,,,,,11.79,,32.82,,,N/A,neutral,2026-07-01 16:13:48
153781,Kotak Nifty Alpha 50 Index Fund - Direct Plan - Growth,INF174KA1XG1,Kotak Mahindra Mutual Fund,Index / ETF,Other Scheme - Index Funds,10.416,30-06-2026,207,3.66,17.09,6.49,,,,,,5.15,,15.24,,,N/A,neutral,2026-07-01 16:13:28
153791,JioBlackRock Nifty 8-13 yr G-Sec Index Fund - Direct Plan - Growth Option,INF22M001069,Jio BlackRock Mutual Fund,Index / ETF,Other Scheme - Index Funds,10.413,30-06-2026,203,2.21,3.46,2.42,,,,,,1.09,,2.7,,,N/A,neutral,2026-07-01 16:13:28
153788,JioBlackRock Nifty Midcap 150 Index Fund - Direct Plan - Growth Option,INF22M001077,Jio BlackRock Mutual Fund,Index / ETF,Other Scheme - Index Funds,10.7236,30-06-2026,207,2.34,14.82,2.47,,,,,,4.79,,13.99,,,N/A,neutral,2026-07-01 16:13:28
153804,TRUSTMF ARBITRAGE FUND -DIRECT PLAN-GROWTH,INF0GCD01859,Trust Mutual Fund,Hybrid,Hybrid Scheme - Arbitrage Fund,10.5242,30-06-2026,203,0.53,1.4,3.04,,,,,,0.09,,0.28,,,N/A,neutral,2026-07-01 16:13:49
153774,360 ONE Multi Asset Allocation Fund - Direct Plan - Growth,INF579M01BM2,360 ONE Mutual Fund,Hybrid,Hybrid Scheme - Multi Asset Allocation,12.1386,30-06-2026,203,-0.08,4.51,4.72,,,,,,3.12,,9.87,,,N/A,neutral,2026-07-01 16:13:28
153789,JioBlackRock Nifty Next 50 Index Fund - Direct Plan - Growth Option,INF22M001085,Jio BlackRock Mutual Fund,Index / ETF,Other Scheme - Index Funds,10.6701,30-06-2026,207,2.47,15.92,3.72,,,,,,5.43,,14.41,,,N/A,neutral,2026-07-01 16:13:25
153806,Nippon India Nifty India Manufacturing Index Fund- Direct Plan- Growth Option,INF204KC1GL8,Nippon India Mutual Fund,Index / ETF,Other Scheme - Index Funds,11.0652,30-06-2026,204,1.18,11.53,3.35,,,,,,4.61,,12.06,,,N/A,neutral,2026-07-01 16:13:47
153795,Baroda BNP Paribas Gold ETF Fund of Funds Direct Growth,INF251K01VF4,Baroda BNP Paribas Mutual Fund,Gold,Other Scheme - FoF Domestic,13.9605,30-06-2026,207,-8.99,-6.18,4.03,,,,,,9.13,,26.03,,,N/A,neutral,2026-07-01 16:13:28
153786,Groww Nifty Next 50 Index Fund Direct Growth,INF666M01LT1,Groww Mutual Fund,Index / ETF,Other Scheme - Index Funds,10.5927,30-06-2026,205,2.45,15.6,3.51,,,,,,5.36,,14.33,,,N/A,neutral,2026-07-01 16:13:28
153787,JioBlackRock Nifty 50 Index Fund - Direct Plan - Growth Option,INF22M001044,Jio BlackRock Mutual Fund,Index / ETF,Other Scheme - Index Funds,9.6549,30-06-2026,207,2.38,5.81,-8.1,,,,,,3.9,,15.12,,,N/A,neutral,2026-07-01 16:13:28
153801,DSP Nifty500 Flexicap Quality 30 Index Fund - Direct - Growth,INF740KA1WR5,DSP Mutual Fund,Index / ETF,Other Scheme - Index Funds,9.2459,30-06-2026,203,-1.33,4.54,-10.16,,,,,,3.57,,18.01,,,N/A,neutral,2026-07-01 16:13:49
153821,Groww Multi Asset Allocation Fund Direct Growth,INF666M01MA9,Groww Mutual Fund,Hybrid,Hybrid Scheme - Multi Asset Allocation,10.1613,30-06-2026,180,0.15,4.33,-2.23,,,,,,3.18,,12.4,,,N/A,neutral,2026-07-01 16:13:48
153827,ANGEL ONE GOLD ETF FOF- DIRECT GROWTH,INF1J2R01098,Angel One Mutual Fund,Gold,Other Scheme - FoF Domestic,12.7542,30-06-2026,193,-8.91,-5.66,5.56,,,,,,8.61,,24.45,,,N/A,neutral,2026-07-01 16:13:49
153868,Samco Small Cap Fund - Direct Plan,INF0K1H01297,Samco Mutual Fund,Small Cap,Equity Scheme - Small Cap Fund,10.7,01-07-2026,137,3.08,15.93,6.68,,,,,,5.02,,11.83,,,N/A,neutral,2026-07-02 15:42:53
153859,JioBlackRock Flexi Cap Fund - Direct Plan - Growth Option,INF22M001093,Jio BlackRock Mutual Fund,Multi Cap,Equity Scheme - Flexi Cap Fund,9.8945,01-07-2026,171,2.86,9.21,-3.84,,,,,,4.03,,14.29,,,N/A,neutral,2026-07-02 15:42:54
153867,ICICI Prudential Conglomerate Fund - Direct Plan - Growth,INF109K1A427,ICICI Prudential Mutual Fund,Thematic,Equity Scheme - Sectoral/ Thematic,10.19,01-07-2026,167,2.83,12.22,0.39,,,,,,4.83,,14.08,,,N/A,neutral,2026-07-02 15:42:54
153872,THE WEALTH COMPANY FLEXI CAP FUND - DIRECT GROWTH,INF2F0001040,The Wealth Company Mutual Fund,Multi Cap,Equity Scheme - Flexi Cap Fund,10.1302,01-07-2026,171,2.71,11.64,-1.29,,,,,,4.59,,16.11,,,N/A,neutral,2026-07-02 15:42:54
153858,Tata Nifty Next 50 Index Fund - Direct Plan Growth Option,INF277KA1EJ1,Tata Mutual Fund,Index / ETF,Other Scheme - Index Funds,10.6138,01-07-2026,179,2.89,16.48,3.74,,,,,,5.56,,14.48,,,N/A,neutral,2026-07-02 15:42:54
153832,SBI Dynamic Asset Allocation Active FoF - Direct Plan - Growth,INF200KB1AA9,SBI Mutual Fund,Fund of Funds,Other Scheme - FoF Domestic,10.1894,30-06-2026,187,1.93,7.26,-0.62,,,,,,2.46,,7.84,,,N/A,neutral,2026-07-01 16:13:49
153875,Kotak CRISIL-IBX Financial Services 9 to 12 Months Debt Index Fund - Direct - Growth,INF174KA1XM9,Kotak Mahindra Mutual Fund,Debt,Other Scheme - Index Funds,10.4881,01-07-2026,180,1.17,2.07,3.15,,,,,,0.28,,0.23,,,N/A,neutral,2026-07-02 15:42:54
153879,Axis CRISIL-IBX Financial Services 3-6 Months Debt Index Fund - Direct Plan - Growth option,INF846KA1226,Axis Mutual Fund,Debt,Other Scheme - Index Funds,10.5286,01-07-2026,184,0.86,2.03,3.49,,,,,,0.14,,0.05,,,N/A,neutral,2026-07-02 15:42:54
153860,HDFC Diversified Equity All Cap Active FOF - Direct Plan - Growth Plan,INF179KC1JU4,HDFC Mutual Fund,Fund of Funds,Other Scheme - FoF Domestic,10.0644,01-07-2026,183,4.18,9.95,-2.73,,,,,,3.85,,13.6,,,N/A,neutral,2026-07-02 15:42:54
153847,Baroda BNP Paribas Business Conglomerates Fund Direct Growth Option,INF251K01VJ6,Baroda BNP Paribas Mutual Fund,Sectoral,Equity Scheme - Sectoral/ Thematic,9.9341,01-07-2026,185,1.35,8.55,-4.8,,,,,,4.08,,14.7,,,N/A,neutral,2026-07-02 15:42:54
153833,SBI Dynamic Asset Allocation Active FoF- Direct Plan- Income Cum Distribution Capital Withdrawal Option,INF200KB1AB7,SBI Mutual Fund,Fund of Funds,Other Scheme - FoF Domestic,10.1888,30-06-2026,187,1.93,7.26,-0.62,,,,,,2.46,,7.84,,,N/A,neutral,2026-07-01 16:13:49
153838,Bandhan BSE India Sector Leaders Index Fund - Direct Plan - Growth,INF194KB1KB4,Bandhan Mutual Fund,Index / ETF,Other Scheme - Index Funds,9.6143,01-07-2026,189,2.41,8.42,-5.25,,,,,,4.06,,15.32,,,N/A,neutral,2026-07-02 15:42:53
153824,Union Diversified Equity All Cap Active FOF - Direct Plan - Growth Option,INF582M01LZ7,Union Mutual Fund,Fund of Funds,Other Scheme - FoF Domestic,10.5527,30-06-2026,185,5.18,15.88,5.96,,,,,,4.82,,12.08,,,N/A,neutral,2026-07-01 16:13:48
153829,Axis Nifty500 Quality 50 Index Fund - Direct Plan - Growth Option,INF846KA1200,Axis Mutual Fund,Index / ETF,Other Scheme - Index Funds,10.043,30-06-2026,196,-0.8,11.98,3.36,,,,,,4.25,,15.01,,,N/A,neutral,2026-07-01 16:13:49
153883,THE WEALTH COMPANY LIQUID FUND DIRECT GROWTH,INF2F0001081,The Wealth Company Mutual Fund,Debt,Debt Scheme - Liquid Fund,1047.881,01-07-2026,223,0.67,1.7,3.39,,,,,,0.07,,0,,,N/A,neutral,2026-07-02 15:42:54
153887,THE WEALTH COMPANY LIQUID FUND DIRECT DAILY ICDW,,The Wealth Company Mutual Fund,Debt,Debt Scheme - Liquid Fund,1002.0289,01-07-2026,223,0.0,0.0,0.0,,,,,,0.0,,0.3,,,N/A,neutral,2026-07-02 15:42:58
153908,Groww Nifty Capital Markets ETF FOF Direct Growth,INF666M01MG6,Groww Mutual Fund,Index / ETF,Other Scheme - FoF Domestic,11.6763,30-06-2026,137,1.34,21.62,17.16,,,,,,6.96,,13.76,,,N/A,neutral,2026-07-01 16:14:15
153937,Bajaj Finserv Banking and Financial Services Fund - Direct - Growth,INF0QA701BZ6,Bajaj Finserv Mutual Fund,Index / ETF,Equity Scheme - Sectoral/ Thematic,10.13,01-07-2026,141,7.71,13.86,0.29,,,,,,5.34,,15.58,,,N/A,neutral,2026-07-02 15:42:58
153891,THE WEALTH COMPANY ARBITRAGE FUND DIRECT GROWTH,INF2F0001271,The Wealth Company Mutual Fund,Hybrid,Hybrid Scheme - Arbitrage Fund,10.4482,30-06-2026,170,0.51,1.47,3.06,,,,,,0.07,,0.31,,,N/A,neutral,2026-07-01 16:14:09
153912,Helios Small Cap Fund - Direct Plan - Growth Option,INF0R8701384,Helios Mutual Fund,Small Cap,Equity Scheme - Small Cap Fund,11.09,30-06-2026,143,9.15,28.06,12.82,,,,,,6.99,,16.9,,,N/A,neutral,2026-07-01 16:14:15
153942,Franklin India Multi-Factor Fund- Direct- Growth,INF090I01YQ1,Franklin Templeton Mutual Fund,Thematic,Equity Scheme - Sectoral/ Thematic,9.5924,01-07-2026,143,2.37,7.43,-5.08,,,,,,4.22,,13.79,,,N/A,neutral,2026-07-02 15:42:58
153939,Groww Nifty Midcap 150 Index Fund Direct Growth,INF666M01MP7,Groww Mutual Fund,Index / ETF,Other Scheme - Index Funds,10.2182,01-07-2026,153,2.34,15.22,2.09,,,,,,5.35,,14.0,,,N/A,neutral,2026-07-02 15:42:58
153900,Invesco India Consumption Fund - Direct Plan - Growth,INF205KA1BI6,Invesco Mutual Fund,Sectoral,Equity Scheme - Sectoral/ Thematic,10.44,30-06-2026,164,8.98,20.83,6.97,,,,,,5.99,,15.57,,,N/A,neutral,2026-07-01 16:14:16
153924,Axis Income Plus Arbitrage Passive FOF - Direct Plan - Growth Option,INF846KA1283,Axis Mutual Fund,Hybrid,Other Scheme - FoF Domestic,10.3921,30-06-2026,152,0.9,1.76,3.1,,,,,,0.21,,0.12,,,N/A,neutral,2026-07-01 16:14:16
153913,Motilal Oswal Consumption Fund-Direct-Growth,INF247L01GA2,Motilal Oswal Mutual Fund,Sectoral,Equity Scheme - Sectoral/ Thematic,9.9566,30-06-2026,164,5.23,20.4,1.41,,,,,,6.57,,19.81,,,N/A,neutral,2026-07-01 16:14:16
153895,THE WEALTH COMPANY ETHICAL FUND DIRECT GROWTH,INF2F0001214,The Wealth Company Mutual Fund,Thematic,Equity Scheme - Sectoral/ Thematic,9.7237,30-06-2026,170,1.16,10.12,-1.81,,,,,,3.8,,14.66,,,N/A,neutral,2026-07-01 16:14:09
153921,Kotak Gold Silver Passive FOF - Direct Plan - Growth,INF174KA1XT4,Kotak Mahindra Mutual Fund,Gold,Other Scheme - FoF Domestic,14.439,30-06-2026,160,-11.99,-5.33,3.25,,,,,,13.98,,36.27,,,N/A,neutral,2026-07-01 16:14:16
153906,Zerodha Nifty 50 Index Fund - Direct Plan - Growth,INF0R8F01158,Zerodha Mutual Fund,Index / ETF,Other Scheme - Index Funds,9.5264,30-06-2026,170,2.39,5.71,-8.22,,,,,,4.08,,15.15,,,N/A,neutral,2026-07-01 16:14:16
153889,THE WEALTH COMPANY LIQUID FUND DIRECT WEEKLY,INF2F0001123,The Wealth Company Mutual Fund,Debt,Debt Scheme - Liquid Fund,1002.6029,30-06-2026,222,0.06,0.02,0.01,,,,,,0.09,,0.24,,,N/A,neutral,2026-07-01 16:14:10
153948,LIC MF Consumption Fund-Direct Plan-Growth,INF767K01SD0,LIC Mutual Fund,Sectoral,Equity Scheme - Sectoral/ Thematic,9.7459,01-07-2026,147,4.52,12.02,-2.04,,,,,,4.6,,14.79,,,N/A,neutral,2026-07-02 15:42:58
153956,ANGEL ONE NIFTY TOTAL MARKET MOMENTUM QUALITY 50 INDEX FUND - DIRECT GROWTH,INF1J2R01122,Angel One Mutual Fund,Index / ETF,Other Scheme - Index Funds,10.1624,01-07-2026,145,0.22,12.77,5.63,,,,,,4.58,,12.78,,,N/A,neutral,2026-07-02 15:42:58
153960,Axis Multi-Asset Active FoF - Direct Plan - Growth,INF846KA1366,Axis Mutual Fund,Fund of Funds,Other Scheme - FoF Domestic,10.5522,01-07-2026,130,1.43,8.32,3.38,,,,,,3.38,,11.38,,,N/A,neutral,2026-07-02 15:42:58
153959,HDFC BSE India Sector Leaders India Fund - Direct Plan - Growth Option,INF179KC1JY6,HDFC Mutual Fund,Index / ETF,Other Scheme - Index Funds,9.4275,01-07-2026,146,2.42,8.44,-5.21,,,,,,4.45,,15.07,,,N/A,neutral,2026-07-02 15:42:58
153970,Kotak Rural Opportunities Fund - Direct Plan - Growth,INF174KA1XW8,Kotak Mahindra Mutual Fund,Sectoral,Equity Scheme - Sectoral/ Thematic,9.557,30-06-2026,139,1.71,3.4,-6.48,,,,,,5.57,,14.18,,,N/A,neutral,2026-07-01 16:14:37
153999,The Wealth Company Multi Asset Allocation Fund - Direct Growth,INF2F0001347,The Wealth Company Mutual Fund,Hybrid,Hybrid Scheme - Multi Asset Allocation,10.768,30-06-2026,133,0.54,7.61,6.32,,,,,,3.64,,10.97,,,N/A,neutral,2026-07-01 16:14:38
154011,Capitalmind Liquid Fund - Direct-Growth,INF226401034,Capitalmind Mutual Fund,Debt,Debt Scheme - Liquid Fund,1039.9542,30-06-2026,169,0.57,1.75,3.28,,,,,,0.05,,0.01,,,N/A,neutral,2026-07-01 16:14:38
153972,Bandhan Healthcare Fund - Direct Plan - Growth,INF194KB1KF5,Bandhan Mutual Fund,Sectoral,Equity Scheme - Sectoral/ Thematic,10.812,30-06-2026,144,6.75,17.11,10.32,,,,,,5.4,,8.74,,,N/A,neutral,2026-07-01 16:14:38
154028,Groww Multi Asset Omni FOF Direct Growth,INF666M01NC3,Groww Mutual Fund,Hybrid,Other Scheme - FoF Domestic,10.2657,30-06-2026,125,2.58,10.74,2.57,,,,,,4.59,,11.19,,,N/A,neutral,2026-07-01 16:14:40
154020,Union Consumption Fund - Direct Plan - Growth Option,INF582M01MH3,Union Mutual Fund,Sectoral,Equity Scheme - Sectoral/ Thematic,9.59,30-06-2026,124,6.2,12.69,-4.39,,,,,,5.99,,16.8,,,N/A,neutral,2026-07-01 16:14:38
154032,Kotak Nifty500 Momentum 50 Index Fund - Direct Plan - Growth,INF174KA1YC8,Kotak Mahindra Mutual Fund,Index / ETF,Other Scheme - Index Funds,10.16,30-06-2026,129,3.09,13.97,2.13,,,,,,6.01,,14.38,,,N/A,neutral,2026-07-01 16:14:43
154014,DSP Nifty Midcap 150 Index Fund - Direct - Growth,INF740KA1XB7,DSP Mutual Fund,Index / ETF,Other Scheme - Index Funds,10.3936,30-06-2026,134,2.32,14.59,2.22,,,,,,5.94,,14.0,,,N/A,neutral,2026-07-01 16:14:38
154018,DSP Nifty Smallcap 250 Index Fund - Direct - Growth,INF740KA1XH4,DSP Mutual Fund,Index / ETF,Other Scheme - Index Funds,10.8761,30-06-2026,134,5.1,19.96,6.1,,,,,,6.71,,15.5,,,N/A,neutral,2026-07-01 16:14:38
153983,Mirae Asset Infrastructure Fund - Direct Plan - Growth,INF769K01PV4,Mirae Asset Mutual Fund,Sectoral,Equity Scheme - Sectoral/ Thematic,11.13,30-06-2026,137,3.01,17.77,10.55,,,,,,6.31,,12.2,,,N/A,neutral,2026-07-01 16:14:38
154007,Mahindra Manulife Income Plus Arbitrage Active FOF  - Direct - Growth,INF174V01CU4,Mahindra Manulife Mutual Fund,Hybrid,Other Scheme - FoF Domestic,10.3839,30-06-2026,134,1.51,2.38,3.48,,,,,,0.47,,0.18,,,N/A,neutral,2026-07-01 16:14:38
154027,Navi Nifty midsmallcap 400 Index Fund- Direct - Growth,INF959L01HR4,Navi Mutual Fund,Index / ETF,Other Scheme - Index Funds,10.6014,30-06-2026,135,3.24,16.06,3.28,,,,,,6.1,,14.25,,,N/A,neutral,2026-07-01 16:14:39
153987,PGIM India Multi Asset Allocation Fund - Direct Plan - Growth Option,INF663L010A3,PGIM India Mutual Fund,Hybrid,Hybrid Scheme - Multi Asset Allocation,10.37,30-06-2026,140,0.1,4.85,1.27,,,,,,3.93,,12.08,,,N/A,neutral,2026-07-01 16:14:38
153982,Groww Money Market Fund Direct Growth,INF666M01MW3,Groww Mutual Fund,Debt,Debt Scheme - Money Market Fund,10.3543,30-06-2026,146,0.84,1.57,2.83,,,,,,0.17,,0.06,,,N/A,neutral,2026-07-01 16:14:38
153979,Old Bridge Arbitrage Fund Direct Growth,INF0S5R01125,Old Bridge Mutual Fund,Hybrid,Hybrid Scheme - Arbitrage Fund,10.384,30-06-2026,153,0.93,1.28,2.97,,,,,,0.28,,0.7,,,N/A,neutral,2026-07-01 16:14:38
154043,Abakkus Flexi Cap Fund - Direct - Growth,INF2JJD01136,Abakkus Mutual Fund,Multi Cap,Equity Scheme - Flexi Cap Fund,10.901,30-06-2026,122,5.93,17.19,8.69,,,,,,5.36,,10.68,,,N/A,neutral,2026-07-01 16:14:43
154051,Abakkus Liquid Fund - Direct Plan - Growth,INF2JJD01029,Abakkus Mutual Fund,Debt,Debt Scheme - Liquid Fund,103.2225,30-06-2026,166,0.58,1.57,2.92,,,,,,0.06,,0,,,N/A,neutral,2026-07-01 16:14:43
154063,Groww Small Cap Fund-Direct-Growth,INF666M01NJ8,Groww Mutual Fund,Small Cap,Equity Scheme - Small Cap Fund,11.7546,30-06-2026,100,7.45,23.46,,,,,,,7.39,,9.87,,,N/A,neutral,2026-07-01 16:14:43
154066,Tata BSE Multicap Consumption 50:30:20 Index Fund - Direct Plan Growth Option,INF277KA1EP8,Tata Mutual Fund,Index / ETF,Other Scheme - Index Funds,9.4742,30-06-2026,119,3.73,10.76,,,,,,,6.42,,17.42,,,N/A,neutral,2026-07-01 16:14:43
154072,Edelweiss Silver ETF Fund of Fund - Direct Plan Growth Option,INF754K01VZ5,Edelweiss Mutual Fund,Gold,Other Scheme - FoF Domestic,9.7355,30-06-2026,122,-14.23,-4.82,-2.52,,,,,,15.81,,44.02,,,N/A,neutral,2026-07-01 16:14:43
154076,JioBlackRock Arbitrage Fund - Direct Plan - Growth Option,INF22M001101,Jio BlackRock Mutual Fund,Hybrid,Hybrid Scheme - Arbitrage Fund,10.3686,30-06-2026,128,0.63,1.57,3.36,,,,,,0.1,,0.25,,,N/A,neutral,2026-07-01 16:14:43
154078,Axis Gold and Silver Passive FOF - Direct Plan - Growth,INF846KA1408,Axis Mutual Fund,Gold,Other Scheme - FoF Domestic,10.352,30-06-2026,123,-11.38,-5.78,,,,,,,12.03,,33.68,,,N/A,neutral,2026-07-01 16:14:43
154079,JioBlackRock Short Duration Fund - Direct Plan - Growth Option,INF22M001143,Jio BlackRock Mutual Fund,Debt,Debt Scheme - Short Duration Fund,1031.6384,30-06-2026,103,1.57,2.37,,,,,,,0.6,,0.24,,,N/A,neutral,2026-07-01 16:14:43
154082,JioBlackRock Sector Rotation Fund - Direct Plan - Growth Option,INF22M001168,Jio BlackRock Mutual Fund,Thematic,Equity Scheme - Sectoral/ Thematic,9.9045,30-06-2026,87,3.19,10.35,,,,,,,6.09,,12.51,,,N/A,neutral,2026-07-01 16:14:53
154108,Edelweiss Financial Services Fund - Direct Plan - Growth Option,INF754K01WH1,Edelweiss Mutual Fund,Sectoral,Equity Scheme - Sectoral/ Thematic,9.6384,30-06-2026,88,5.9,11.28,,,,,,,7.66,,15.82,,,N/A,neutral,2026-07-01 16:14:54
154081,JioBlackRock Low Duration Fund - Direct Plan - Growth Option,INF22M001150,Jio BlackRock Mutual Fund,Debt,Debt Scheme - Low Duration Fund,1030.3617,30-06-2026,103,1.06,1.89,,,,,,,0.3,,0.26,,,N/A,neutral,2026-07-01 16:14:51
154093,Bank of India Banking & Financial Services Fund - Direct Plan - Growth,INF761K01HE4,Bank of India Mutual Fund,Sectoral,Equity Scheme - Sectoral/ Thematic,9.95,30-06-2026,100,5.4,10.68,,,,,,,6.95,,14.3,,,N/A,neutral,2026-07-01 16:14:54
154114,Samco Mid Cap Fund - Direct Plan,INF0K1H01313,Samco Mutual Fund,Mid Cap,Equity Scheme - Mid Cap Fund,10.1,30-06-2026,91,2.64,12.1,,,,,,,6.25,,13.03,,,N/A,neutral,2026-07-01 16:14:54
154088,DSP Nifty 500 Index Fund - Direct - Growth,INF740KA1XY9,DSP Mutual Fund,Index / ETF,Other Scheme - Index Funds,9.5809,30-06-2026,118,2.64,10.07,,,,,,,5.42,,14.57,,,N/A,neutral,2026-07-01 16:14:54
154109,Zerodha Nifty Short Duration G-Sec Index Fund - Direct Plan - Growth Option,INF0R8F01182,Zerodha Mutual Fund,Debt,Other Scheme - Index Funds,1021.951,30-06-2026,106,1.23,2.08,,,,,,,0.76,,0.96,,,N/A,neutral,2026-07-01 16:14:54
154112,Motilal Oswal Diversified Equity Flexicap Passive Fund of Funds- Direct - Growth,INF247L01GL9,Motilal Oswal Mutual Fund,Multi Cap,Other Scheme - FoF Domestic,10.547,30-06-2026,102,2.87,13.89,,,,,,,5.82,,13.03,,,N/A,neutral,2026-07-01 16:14:54
154121,Mahindra Manulife Innovation Opportunities Fund - Direct - Growth,INF174V01DA4,Mahindra Manulife Mutual Fund,Thematic,Equity Scheme - Sectoral/ Thematic,10.9177,30-06-2026,100,4.73,15.93,,,,,,,5.42,,10.36,,,N/A,neutral,2026-07-01 16:14:54
154142,Motilal Oswal Financial Services Fund- Direct Growth,INF247L01GN5,Motilal Oswal Mutual Fund,Sectoral,Equity Scheme - Sectoral/ Thematic,10.4299,30-06-2026,86,7.89,15.15,,,,,,,7.16,,11.39,,,N/A,neutral,2026-07-01 16:14:56
154131,THE WEALTH COMPANY GOLD ETF FOF DIRECT GROWTH,INF2F0001412,The Wealth Company Mutual Fund,Gold,Other Scheme - FoF Domestic,8.932,30-06-2026,98,-8.59,-5.07,,,,,,,7.03,,19.45,,,N/A,neutral,2026-07-01 16:14:54
154123,Sundaram Income Plus Arbitrage Active FoF Fund-Direct-Growth,INF903JA1LZ7,Sundaram Mutual Fund,Hybrid,Other Scheme - FoF Domestic,10.303,30-06-2026,112,1.06,1.97,,,,,,,0.32,,0.13,,,N/A,neutral,2026-07-01 16:14:54
154129,Bandhan Gold ETF FOF-Direct-Growth,INF194KB1KL3,Bandhan Mutual Fund,Gold,Other Scheme - FoF Domestic,9.1865,30-06-2026,106,-8.84,-5.73,,,,,,,5.89,,24.77,,,N/A,neutral,2026-07-01 16:14:54
154144,Shriram Money Market Fund - Direct Plan Growth Option,INF680P01471,Shriram Mutual Fund,Debt,Debt Scheme - Money Market Fund,1028.8868,30-06-2026,100,0.96,1.83,,,,,,,0.25,,0.18,,,N/A,neutral,2026-07-01 16:14:57
154136,Bandhan Silver ETF FOF-Direct-Growth,INF194KB1KN9,Bandhan Mutual Fund,Gold,Other Scheme - FoF Domestic,7.2855,30-06-2026,106,-14.35,-4.95,,,,,,,11.66,,45.89,,,N/A,neutral,2026-07-01 16:14:56
154149,Kotak Services Fund - Direct - Growth,INF174KA1YV8,Kotak Mahindra Mutual Fund,Sectoral,Equity Scheme - Sectoral/ Thematic,10.325,30-06-2026,80,5.09,6.58,,,,,,,3.99,,7.09,,,N/A,neutral,2026-07-01 16:14:57
154157,ITI Business Cycle Fund- Direct Plan- Growth,INF00XX01DM9,ITI Mutual Fund,Sectoral,Equity Scheme - Sectoral/ Thematic,10.4764,30-06-2026,73,2.18,7.91,,,,,,,2.64,,4.28,,,N/A,neutral,2026-07-01 16:14:57
154167,DSP Multi Asset Omni Fund of Funds - Direct - Growth,INF740KA1YE9,DSP Mutual Fund,Hybrid,Other Scheme - FoF Domestic,9.8443,30-06-2026,80,0.3,4.57,,,,,,,2.9,,6.56,,,N/A,neutral,2026-07-01 16:14:58
154177,SBI Quality Fund - Direct Plan - Growth,INF200KB1AG6,SBI Mutual Fund,Thematic,Equity Scheme - Sectoral/ Thematic,10.2911,30-06-2026,87,2.33,11.09,,,,,,,4.25,,9.38,,,N/A,neutral,2026-07-01 16:14:58
154185,The Wealth Company Balanced Advantage Fund - Direct Growth,INF2F0001479,The Wealth Company Mutual Fund,Hybrid,Hybrid Scheme - Dynamic Asset Allocation or Balanced Advantage,10.0507,30-06-2026,87,2.09,5.84,,,,,,,3.12,,6.21,,,N/A,neutral,2026-07-01 16:15:16
154179,HDFC Nifty India Consumption Index Fund - Direct Growth Plan,INF179KC1KA4,HDFC Mutual Fund,Index / ETF,Other Scheme - Index Funds,9.6633,30-06-2026,88,3.96,9.31,,,,,,,6.08,,13.32,,,N/A,neutral,2026-07-01 16:15:16
154145,Kotak Nifty200 Value 30 Index Fund - Direct - Growth,INF174KA1YP0,Kotak Mahindra Mutual Fund,Index / ETF,Other Scheme - Index Funds,9.76,30-06-2026,92,-1.37,5.47,,,,,,,6.46,,13.49,,,N/A,neutral,2026-07-01 16:14:57
154178,SBI Quality Fund - Direct Plan - Income Distribution Cum Capital Withdrawal,INF200KB1AH4,SBI Mutual Fund,Thematic,Equity Scheme - Sectoral/ Thematic,10.2911,30-06-2026,87,2.33,11.09,,,,,,,4.25,,9.37,,,N/A,neutral,2026-07-01 16:14:58
154155,Parag Parikh Large Cap Fund - Direct Plan - Growth,INF879O01332,PPFAS Mutual Fund,Large Cap,Equity Scheme - Large Cap Fund,9.519,30-06-2026,96,2.38,7.41,,,,,,,5.74,,13.81,,,N/A,neutral,2026-07-01 16:14:58
154161,WhiteOak Capital Consumption Opportunities Fund Direct Plan Growth,INF03VN01AD3,WhiteOak Capital Mutual Fund,Sectoral,Equity Scheme - Sectoral/ Thematic,10.032,30-06-2026,93,5.31,13.51,,,,,,,5.72,,13.66,,,N/A,neutral,2026-07-01 16:14:58
154164,Groww Nifty PSE ETF FOF Direct Growth,INF666M01NR1,Groww Mutual Fund,Index / ETF,Other Scheme - FoF Domestic,9.5879,30-06-2026,91,-2.61,1.7,,,,,,,5.85,,9.1,,,N/A,neutral,2026-07-01 16:14:58
154171,Axis BSE India Sectors Leaders Index Fund- Direct Plan- Growth Option,INF846KA1424,Axis Mutual Fund,Index / ETF,Other Scheme - Index Funds,9.454,30-06-2026,92,2.13,7.56,,,,,,,5.6,,13.03,,,N/A,neutral,2026-07-01 16:14:58
154195,Baroda BNP Paribas Best-in-Class Strategy Fund - Direct - Growth Option,INF251K01VP3,Baroda BNP Paribas Mutual Fund,Thematic,Equity Scheme - Sectoral/ Thematic,10.2515,30-06-2026,77,0.91,3.53,,,,,,,1.75,,4.6,,,N/A,neutral,2026-07-01 16:15:15
154225,Old Bridge Flexi Cap Fund Direct Growth,INF0S5R01133,Old Bridge Mutual Fund,Multi Cap,Equity Scheme - Flexi Cap Fund,11.11,30-06-2026,79,5.21,12.0,,,,,,,2.54,,3.23,,,N/A,neutral,2026-07-01 16:15:19
154210,TRUSTMF MID CAP FUND -DIRECT -GROWTH,INF0GCD01875,Trust Mutual Fund,Mid Cap,Equity Scheme - Mid Cap Fund,11.69,30-06-2026,65,5.13,17.84,,,,,,,2.03,,3.05,,,N/A,neutral,2026-07-01 16:15:16
154236,Capitalmind Arbitrage Fund-Direct-Growth,INF226401117,Capitalmind Mutual Fund,Hybrid,Hybrid Scheme - Arbitrage Fund,10.1766,30-06-2026,67,0.43,1.42,,,,,,,0.04,,0.27,,,N/A,neutral,2026-07-01 16:15:19
154215,Abakkus Small Cap Fund - Direct Plan - Growth,INF2JJD01177,Abakkus Mutual Fund,Small Cap,Equity Scheme - Small Cap Fund,12.083,30-06-2026,67,7.98,20.67,,,,,,,3.75,,4.28,,,N/A,neutral,2026-07-01 16:15:16
154232,Capitalmind Multi Asset Allocation Fund-Direct-Growth,INF226401059,Capitalmind Mutual Fund,Hybrid,Hybrid Scheme - Multi Asset Allocation,9.7994,30-06-2026,67,-4.65,-1.87,,,,,,,2.89,,5.21,,,N/A,neutral,2026-07-01 16:15:19
154239,Motilal Oswal Multi Factor Passive Fund of Funds - Direct,INF247L01GT2,Motilal Oswal Mutual Fund,Fund of Funds,Other Scheme - FoF Domestic,10.353,30-06-2026,69,0.72,8.92,,,,,,,3.84,,6.02,,,N/A,neutral,2026-07-01 16:15:19
154244,LIC MF Technology Fund-Direct Plan-Growth,INF767K01SJ7,LIC Mutual Fund,Sectoral,Equity Scheme - Sectoral/ Thematic,10.4898,30-06-2026,68,-2.58,4.54,,,,,,,2.75,,4.95,,,N/A,neutral,2026-07-01 16:15:19
154200,Groww BSE Hospitals ETF FOF Direct Growth,INF666M01NX9,Groww Mutual Fund,Index / ETF,Other Scheme - FoF Domestic,11.1939,30-06-2026,76,8.43,18.88,,,,,,,2.66,,7.78,,,N/A,neutral,2026-07-01 16:15:16
154206,ANGEL ONE SILVER ETF FOF -DIRECT GROWTH,INF1J2R01155,Angel One Mutual Fund,Gold,Other Scheme - FoF Domestic,7.7088,30-06-2026,77,-14.57,-4.84,,,,,,,10.49,,22.89,,,N/A,neutral,2026-07-01 16:15:16
154208,Edelweiss Gold ETF Fund of Fund Direct Plan Growth Option,INF754K01WP4,Edelweiss Mutual Fund,Gold,Other Scheme - FoF Domestic,8.699,30-06-2026,77,-9.02,-5.94,,,,,,,5.42,,15.96,,,N/A,neutral,2026-07-01 16:15:16
154216,Mirae Asset Nifty Metal ETF FOF - Direct Plan - Growth,INF769K01QM1,Mirae Asset Mutual Fund,Index / ETF,Other Scheme - FoF Domestic,10.092,30-06-2026,81,-7.22,9.84,,,,,,,7.99,,11.47,,,N/A,neutral,2026-07-01 16:15:16
154187,Mirae Asset BSE India Defence ETF FOF - Direct Plan - Growth,INF769K01QG3,Mirae Asset Mutual Fund,Index / ETF,Other Scheme - FoF Domestic,11.705,30-06-2026,84,6.19,26.69,,,,,,,9.42,,14.5,,,N/A,neutral,2026-07-01 16:15:16
154204,Bajaj Finserv Low Duration Fund - Direct - Growth,INF0QA701CF6,Bajaj Finserv Mutual Fund,Debt,Debt Scheme - Low Duration Fund,1024.6656,30-06-2026,83,1.14,2.02,,,,,,,0.37,,0.2,,,N/A,neutral,2026-07-01 16:15:16
154197,UTI Nifty500 Shariah Index Fund - Direct Plan Growth Option,INF789F1AD04,UTI Mutual Fund,Index / ETF,Other Scheme - Index Funds,9.8973,30-06-2026,82,-0.94,7.74,,,,,,,4.93,,10.3,,,N/A,neutral,2026-07-01 16:15:16
154250,Canara Robeco Banking and Financials Services Fund - Direct Plan - Growth,INF760K01LN9,Canara Robeco Mutual Fund,Sectoral,Equity Scheme - Sectoral/ Thematic,10.89,30-06-2026,66,6.76,10.11,,,,,,,3.83,,6.41,,,N/A,neutral,2026-07-01 16:15:19
154252,Nippon India CRISIL-IBX Financial Services 9-12 Months Debt Index Fund -Direct Plan - Growth Option,INF204KC1GR5,Nippon India Mutual Fund,Debt,Other Scheme - Index Funds,10.2323,30-06-2026,77,1.11,1.96,,,,,,,0.37,,0.24,,,N/A,neutral,2026-07-01 16:15:19
154257,Helios Arbitrage Fund - Direct Growth,INF0R8701442,Helios Mutual Fund,Hybrid,Hybrid Scheme - Arbitrage Fund,10.16,30-06-2026,66,0.49,1.4,,,,,,,0.09,,0.3,,,N/A,neutral,2026-07-01 16:15:19
154262,HDFC INCOME PLUS ARBITRAGE OMNI FOF - GROWTH OPTION - DIRECT PLAN,INF179KC1KE6,HDFC Mutual Fund,Hybrid,Other Scheme - FoF Domestic,10.2601,30-06-2026,73,1.42,2.59,,,,,,,0.41,,0.17,,,N/A,neutral,2026-07-01 16:15:19
154269,The Wealth Company Small Cap Fund- Direct-Growth,INF2F0001537,The Wealth Company Mutual Fund,Small Cap,Equity Scheme - Small Cap Fund,11.3409,30-06-2026,62,4.77,14.14,,,,,,,3.51,,5.32,,,N/A,neutral,2026-07-01 16:15:19
154266,ICICI Prudential Diversified Equity All Cap Active FOF - Direct Plan - Growth,INF109K1A468,ICICI Prudential Mutual Fund,Fund of Funds,Other Scheme - FoF Domestic,10.683,30-06-2026,66,2.87,7.0,,,,,,,2.61,,4.78,,,N/A,neutral,2026-07-01 16:15:19
154307,JioBlackRock Large Cap Fund - Direct Plan - Growth Option,INF22M001176,Jio BlackRock Mutual Fund,Large Cap,Equity Scheme - Large Cap Fund,9.8419,30-06-2026,51,2.44,,,,,,,,,,6.98,,,N/A,neutral,2026-07-01 16:15:33
154306,Zerodha Nifty MidSmallcap400 50:50 Index Fund - Direct Plan - Growth Option,INF0R8F01190,Zerodha Mutual Fund,Index / ETF,Other Scheme - Index Funds,11.1283,30-06-2026,53,3.74,,,,,,,,,,4.5,,,N/A,neutral,2026-07-01 16:15:33
154278,Groww Nifty PSU Bank Index Fund Direct Growth,INF666M01OH0,Groww Mutual Fund,Index / ETF,Other Scheme - Index Funds,10.2015,30-06-2026,63,6.0,4.61,,,,,,,4.75,,11.92,,,N/A,neutral,2026-07-01 16:15:20
154275,Kotak Multi Factor Passive FOF - Direct- Growth,INF174KA1ZG6,Kotak Mahindra Mutual Fund,Fund of Funds,Other Scheme - FoF Domestic,10.902,30-06-2026,66,1.95,7.01,,,,,,,3.28,,4.94,,,N/A,neutral,2026-07-01 16:15:20
154271,Nippon India CRISIL-IBX Financial Services 3-6 Months Debt Index Fund- Direct Plan- Growth Option,INF204KC1GX3,Nippon India Mutual Fund,Debt,Other Scheme - Index Funds,10.249,30-06-2026,70,0.86,2.11,,,,,,,0.16,,0.02,,,N/A,neutral,2026-07-01 16:15:20
154279,Mirae Asset Silver ETF FOF - Direct Plan - Growth,INF769K01QS8,Mirae Asset Mutual Fund,Gold,Other Scheme - FoF Domestic,9.917,30-06-2026,64,-14.7,-5.86,,,,,,,10.33,,23.71,,,N/A,neutral,2026-07-01 16:15:20
154304,Choice Nifty Next 50 Index Fund - Direct Plan Growth,INF2KCX01046,Choice Mutual Fund,Index / ETF,Other Scheme - Index Funds,11.1129,30-06-2026,55,2.2,,,,,,,,,,4.99,,,N/A,neutral,2026-07-01 16:15:21
154301,Choice Nifty 50 Index Fund - Direct Plan Growth,INF2KCX01020,Choice Mutual Fund,Index / ETF,Other Scheme - Index Funds,10.3142,30-06-2026,55,2.35,,,,,,,,,,5.71,,,N/A,neutral,2026-07-01 16:15:21
154295,HSBC Gold ETF Fund of fund - Direct Growth,INF336L01SB6,HSBC Mutual Fund,Gold,Other Scheme - FoF Domestic,9.6244,30-06-2026,57,-8.64,,,,,,,,,,11.99,,,N/A,neutral,2026-07-01 16:15:21
154287,Kotak Quality Overseas Equity Omni FOF - Direct Plan - Growth-,INF174KA1ZI2,Kotak Mahindra Mutual Fund,International,Other Scheme - FoF Overseas,10.915,30-06-2026,58,-1.51,8.98,,,,,,,3.2,,3.86,,,N/A,neutral,2026-07-01 16:15:21
154316,Kotak Multi Asset Active FOF - Direct - Growth,INF174KA1ZO0,Kotak Mahindra Mutual Fund,Hybrid,Hybrid Scheme - Multi Asset Allocation,10.063,30-06-2026,41,0.26,,,,,,,,,,3.7,,,N/A,neutral,2026-07-01 16:15:33
154310,Edelweiss Nifty LargeMidcap 250 Plus 8-13 yr G-Sec 70-30 Index Fund Direct Plan Growth,INF754K01WR0,Edelweiss Mutual Fund,Index / ETF,Other Scheme - Index Funds,10.7445,30-06-2026,55,2.33,,,,,,,,,,3.07,,,N/A,neutral,2026-07-01 16:15:33
154308,HDFC CRISIL-IBX Financial Services 9-12 Months Debt Index Fund - Direct Growth Plan,INF179KC1KI7,HDFC Mutual Fund,Debt,Other Scheme - Index Funds,10.2258,30-06-2026,64,1.11,1.99,,,,,,,0.36,,0.23,,,N/A,neutral,2026-07-01 16:15:32
111832,Shariah BeES,,Benchmark Mutual Fund,Index / ETF,Income,109.5195,18-08-2011,593,0.0,0.0,0.0,0.0,0.0,0.0,0.0,0.0,0.0,,21.37,0.0,10.3,Avoid,avoid,2026-06-29 16:45:51
101621,Nifty Junior Benchmark Exchange Traded Scheme (Junior BeES),,Benchmark Mutual Fund,Index / ETF,Income,99.6589,18-08-2011,1275,0.0,0.0,0.0,0.0,0.0,0.0,0.0,0.0,0.0,,72.22,0.0,6.2,Avoid,avoid,2026-06-29 16:45:50
101884,Liquid Benchmark Exchange Traded Scheme (Liquid BeES),,Benchmark Mutual Fund,Debt,Income,1000.0,18-08-2011,1264,0.0,0.0,0.0,0.0,0.0,0.0,0.0,0.0,0.0,,0,0.0,12.5,Avoid,avoid,2026-06-29 16:45:50
105085,Gold Benchmark Exchange Traded Scheme (Gold BeES),,Benchmark Mutual Fund,Gold,Income,2576.1705,18-08-2011,1092,0.0,0.0,0.0,0.0,0.0,0.0,0.0,0.0,0.0,,22.48,0.0,10.2,Avoid,avoid,2026-06-29 16:45:50
101296,Banking Index Benchmark Exchange Traded Scheme (Bank BeES),,Benchmark Mutual Fund,Index / ETF,Income,973.5729,18-08-2011,1275,0.0,0.0,0.0,0.0,0.0,0.0,0.0,0.0,0.0,,68.65,0.0,6.2,Avoid,avoid,2026-06-29 16:45:50
101325,Nifty Benchmark Exchange Traded Scheme- Nifty BeES,,Benchmark Mutual Fund,Index / ETF,Income,503.8944,18-08-2011,1275,0.0,0.0,0.0,0.0,0.0,0.0,0.0,0.0,0.0,,59.91,0.0,6.3,Avoid,avoid,2026-06-29 16:45:50
106858,PSU Bank Benchmark Exchange Traded Scheme (PSU Bank BeES),,Benchmark Mutual Fund,Index / ETF,Income,346.9778,18-08-2011,936,0.0,0.0,0.0,0.0,0.0,0.0,0.0,0.0,0.0,,61.33,0.0,6.2,Avoid,avoid,2026-06-29 16:45:50
112395,Hang Seng Benchmark Exchange Traded Scheme (Hang Seng BeES),,Benchmark Mutual Fund,Index / ETF,Income,1216.636,18-08-2011,361,0.0,0.0,0.0,0.0,0.0,0.0,0.0,0.0,0.0,,20.52,0.0,10.4,Avoid,avoid,2026-06-29 16:45:51
113287,Infrastructure Benchmark Exchange Traded Scheme (Infra BeES),,Benchmark Mutual Fund,Index / ETF,Income,274.8577,18-08-2011,220,0.0,0.0,0.0,0.0,0.0,0.0,0.0,0.0,0.0,,28.19,0.0,9.6,Avoid,avoid,2026-06-29 16:45:52
106929,Kotak Nifty PSU Bank ETF,INF373I01023,Kotak Mahindra Mutual Fund,Index / ETF,Other Scheme - Other  ETFs,865.3178,25-06-2026,4581,5.84,10.22,4.59,23.3,8.43,28.27,37.5,28.52,8.08,0.8,80.72,60.0,70.5,Watch,watch,2026-06-29 16:46:02
108479,Quantum Nifty 50 ETF,INF082J01499,Quantum Mutual Fund,Index / ETF,Other Scheme - Other  ETFs,264.2512,25-06-2026,4415,2.46,8.22,-90.68,-90.52,-68.02,-49.41,-36.86,-30.56,25.2,-0.52,91.51,80.0,8.0,Avoid,avoid,2026-06-29 16:45:59
106193,KOTAK GOLD ETF,INF174KA1HJ8,Kotak Mahindra Mutual Fund,Gold,Other Scheme - Gold ETF,116.3824,25-06-2026,4572,-10.23,-4.36,2.14,44.97,38.29,32.86,27.55,-22.16,8.46,1.21,98.77,80.0,66.7,Watch,watch,2026-06-29 16:46:02
109010,Kotak BSE Sensex ETF,INF174KA1JD7,Kotak Mahindra Mutual Fund,Index / ETF,Other Scheme - Other  ETFs,84.4311,25-06-2026,4439,3.4,7.64,-8.54,-7.47,-0.31,7.01,-37.66,-31.21,4.47,0.04,90.97,60.0,15.5,Avoid,avoid,2026-06-29 16:46:03
101705,ICICI Prudential BSE Sensex ETF,INF346A01034,ICICI Prudential Mutual Fund,Index / ETF,Other Scheme - Other  ETFs,884.7512,25-06-2026,4863,3.41,7.68,-8.46,-7.34,-0.16,7.23,11.1,9.26,4.47,0.05,59.16,80.0,19.3,Avoid,avoid,2026-06-29 16:46:03
111954,SBI Gold ETF,INF200KA16D8,SBI Mutual Fund,Gold,Other Scheme - Gold ETF,118.9426,25-06-2026,4177,-10.21,-4.37,2.08,44.83,38.16,32.66,27.41,-50.93,8.45,1.2,99.15,80.0,66.6,Watch,watch,2026-06-29 16:46:04
115728,Goldman Sachs Nifty Exchange Traded Scheme (GS Nifty BeES),,Goldman Sachs Mutual Fund,Gold,Income,866.5364,03-11-2016,1276,0.0,0.0,0.0,0.0,0.0,0.0,0.0,0.0,0.0,,22.11,0.0,10.2,Avoid,avoid,2026-06-29 16:46:11
115729,Goldman Sachs Nifty Junior Exchange Traded Scheme (GS Junior BeES),,Goldman Sachs Mutual Fund,Gold,Income,230.8478,03-11-2016,1276,0.0,0.0,0.0,0.0,0.0,0.0,0.0,0.0,0.0,,21.28,0.0,10.3,Avoid,avoid,2026-06-29 16:46:11
115744,Goldman Sachs Gold Exchange Traded Scheme (GS Gold BeES),,Goldman Sachs Mutual Fund,Gold,Income,2812.9071,03-11-2016,1275,0.0,0.0,0.0,0.0,0.0,0.0,0.0,0.0,0.0,,29.47,0.0,9.4,Avoid,avoid,2026-06-29 16:46:11
115731,Goldman Sachs Banking Index Exchange Traded Scheme (GS Bank BeES),,Goldman Sachs Mutual Fund,Gold,Income,1941.0767,03-11-2016,1276,0.0,0.0,0.0,0.0,0.0,0.0,0.0,0.0,0.0,,34.16,0.0,8.9,Avoid,avoid,2026-06-29 16:46:11
115730,Goldman Sachs Liquid Exchange Traded Scheme (GS Liquid BeES),,Goldman Sachs Mutual Fund,Gold,Income,1000.0,03-11-2016,1275,0.0,0.0,0.0,0.0,0.0,0.0,0.0,0.0,0.0,,0,0.0,12.5,Avoid,avoid,2026-06-29 16:46:11
115747,Goldman Sachs PSU Bank Exchange Traded Scheme (GS PSU Bank BeES),,Goldman Sachs Mutual Fund,Gold,Income,334.1984,03-11-2016,1276,0.0,0.0,0.0,0.0,0.0,0.0,0.0,0.0,0.0,,54.86,0.0,6.8,Avoid,avoid,2026-06-29 16:46:11
113076,ICICI Prudential Gold ETF,INF109KC1NT3,ICICI Prudential Mutual Fund,Gold,Other Scheme - Gold ETF,119.446,25-06-2026,1939,-10.19,-4.33,2.17,45.15,38.45,32.98,27.65,23.6,8.44,1.22,99.07,100.0,83.8,Strong Pick,strong,2026-06-29 16:46:04
113049,HDFC Gold ETF - Growth Option,INF179KC1981,HDFC Mutual Fund,Gold,Other Scheme - Gold ETF,119.1435,25-06-2026,3908,-10.23,-4.37,2.12,44.93,38.16,32.55,27.52,23.34,8.49,1.2,99.21,100.0,83.6,Strong Pick,strong,2026-06-29 16:46:04
112351,Kotak Nifty 50 ETF,INF174K014P6,Kotak Mahindra Mutual Fund,Index / ETF,Other Scheme - Other  ETFs,266.3427,25-06-2026,4039,2.46,8.24,-6.72,-5.13,1.21,9.02,12.29,10.05,4.38,0.18,92.2,80.0,23.8,Avoid,avoid,2026-06-29 16:46:04
113069,Motilal Oswal Nifty 50 ETF,INF247L01536,Motilal Oswal Mutual Fund,Index / ETF,Other Scheme - Other  ETFs,251.3245,25-06-2026,3920,2.45,8.22,-6.74,-5.15,1.19,9.04,12.32,10.1,4.38,0.18,41.68,80.0,25.4,Avoid,avoid,2026-06-29 16:46:04
113434,Axis Gold ETF,INF846K01W80,Axis Mutual Fund,Gold,Other Scheme - Gold ETF,116.2549,25-06-2026,3851,-10.22,-4.38,2.03,44.83,38.42,32.86,27.56,23.55,8.46,1.21,99.14,100.0,83.7,Strong Pick,strong,2026-06-29 16:46:04
114456,Motilal Oswal Nifty Midcap 100 ETF,INF247L01023,Motilal Oswal Mutual Fund,Index / ETF,Other Scheme - Other  ETFs,66.6109,25-06-2026,3791,0.18,17.49,3.23,4.59,5.8,20.63,24.2,18.72,5.63,0.77,48.39,80.0,54.8,Avoid,avoid,2026-06-29 16:46:15
114984,Motilal Oswal Nasdaq 100 ETF (MOFN100),INF247L01AP3,Motilal Oswal Mutual Fund,Index / ETF,Other Scheme - Other  ETFs,271.4413,25-06-2026,3751,-3.46,28.13,21.19,44.33,30.13,30.64,31.78,20.74,5.78,1.05,91.75,80.0,79.5,Strong Pick,strong,2026-06-29 16:46:19
115127,Aditya Birla Sun Life Gold ETF,INF209KB18D3,Aditya Birla Sun Life Mutual Fund,Gold,Other Scheme - Gold ETF,122.6455,25-06-2026,3721,-10.21,-4.33,2.2,45.19,38.43,32.87,27.6,-50.87,8.49,1.21,99.15,80.0,66.7,Watch,watch,2026-06-29 16:46:19
115512,Aditya Birla Sun Life Nifty 50 ETF,INF209KB19D1,Aditya Birla Sun Life Mutual Fund,Index / ETF,Other Scheme - Other  ETFs,28.142,25-06-2026,3672,2.47,8.24,-6.72,-5.11,1.22,9.06,12.35,-30.52,4.38,0.18,91.64,60.0,19.8,Avoid,avoid,2026-06-29 16:46:19
115750,Goldman Sachs CNX Nifty Shariah Exchange Traded Scheme (GS S&P Shariah BeES),,Goldman Sachs Mutual Fund,Gold,Income,195.8847,03-11-2016,1276,0.0,0.0,0.0,0.0,0.0,0.0,0.0,0.0,0.0,,16.75,0.0,10.8,Avoid,avoid,2026-06-29 16:46:11
115751,Goldman Sachs Hang Seng Exchange Traded Scheme (GS Hang Seng BeES),,Goldman Sachs Mutual Fund,Gold,Income,2297.1133,03-11-2016,1275,0.0,0.0,0.0,0.0,0.0,0.0,0.0,0.0,0.0,,29.59,0.0,9.4,Avoid,avoid,2026-06-29 16:46:11
115755,Goldman Sachs Infrastructure Exchange Traded Scheme (GS Infra BeES),,Goldman Sachs Mutual Fund,Gold,Income,285.8421,03-11-2016,1276,0.0,0.0,0.0,0.0,0.0,0.0,0.0,0.0,0.0,,34.8,0.0,8.9,Avoid,avoid,2026-06-29 16:46:11
115912,IIFL NIFTY ETF-GROWTH,,IIFL Mutual Fund,Index / ETF,Income,891.3582,24-07-2015,921,0.0,0.0,0.0,0.0,0.0,0.0,0.0,0.0,0.0,,15.19,0.0,10.9,Avoid,avoid,2026-06-29 16:46:12
117141,Motilal Oswal MOSt Shares Gold ETF (MOSt Gold Shares),,Motilal Oswal Mutual Fund,Gold,Gilt,2529.5576,31-03-2015,740,0.0,0.0,0.0,0.0,0.0,0.0,0.0,0.0,0.0,,26.86,0.0,9.7,Avoid,avoid,2026-06-29 16:46:12
115833,ICICI Prudential Gold ETF FOF - Growth,INF109K01TK8,ICICI Prudential Mutual Fund,Gold,Other Scheme - FoF Domestic,42.6369,25-06-2026,3555,-10.96,-5.53,0.85,43.21,36.73,32.13,26.78,22.8,8.32,1.17,25.84,100.0,86.0,Strong Pick,strong,2026-06-29 16:46:18
115934,HDFC Gold ETF Fund of Fund - Growth Option,INF179K01LC5,HDFC Mutual Fund,Gold,Other Scheme - FoF Domestic,41.2163,25-06-2026,3604,-10.77,-5.09,1.17,43.18,36.61,32.07,26.85,22.73,7.8,1.23,27.46,100.0,86.4,Strong Pick,strong,2026-06-29 16:46:20
116077,Invesco India Gold ETF Fund of Fund - Regular Plan - Growth,INF205K01FA4,Invesco Mutual Fund,Gold,Other Scheme - FoF Domestic,38.8135,25-06-2026,3580,-10.33,-4.7,1.86,42.51,36.16,31.71,26.5,22.57,7.73,1.23,98.44,100.0,83.6,Strong Pick,strong,2026-06-29 16:46:20
120108,DHFL PRAMERICA SHORT TERM FLOATING RATE FUND - DIRECT PLAN - GROWTH OPTION,,DHFL Pramerica Mutual Fund,Other,Income,1404.1205,03-03-2016,761,0.0,0.0,0.0,0.0,0.0,0.0,0.0,0.0,0.0,,0.25,0.0,12.5,Avoid,avoid,2026-06-29 16:53:29
118766,IDFC  Government Securities Fund - Provident Fund -Direct Plan-Growth,,IDFC Mutual Fund,Other,Income,30.63821,04-05-2018,1280,0.0,0.0,0.0,0.0,0.0,0.0,0.0,0.0,0.0,,7.34,0.0,11.7,Avoid,avoid,2026-06-29 16:48:24
118773,Reliance Infrastructure Fund - Direct Plan Growth Plan - Growth,,Reliance Mutual Fund,Sectoral,Income,4.5045,06-09-2013,170,0.0,0.0,0.0,0.0,0.0,0.0,0.0,0.0,0.0,,44.97,0.0,7.8,Avoid,avoid,2026-06-29 16:48:24
118753,Reliance Natural Resources Fund - Direct Plan Growth Plan - Growth Option - Growth,,Reliance Mutual Fund,Sectoral,Income,8.2329,06-09-2013,170,0.0,0.0,0.0,0.0,0.0,0.0,0.0,0.0,0.0,,30.73,0.0,9.3,Avoid,avoid,2026-06-29 16:48:24
120100,DHFL Pramerica Large Cap Equity Fund - Direct Plan-Growth Option,,DHFL Pramerica Mutual Fund,Large Cap,Income,11.48,03-03-2016,779,0.0,0.0,0.0,0.0,0.0,0.0,0.0,0.0,0.0,,22.75,0.0,10.1,Avoid,avoid,2026-06-29 16:53:29
120104,DHFL Pramerica Liquid Fund - Direct Plan-Growth Option,,DHFL Pramerica Mutual Fund,Debt,Income,1608.2459,07-03-2016,1162,0.0,0.0,0.0,0.0,0.0,0.0,0.0,0.0,0.0,,0.18,0.0,12.5,Avoid,avoid,2026-06-29 16:53:29
118763,Nippon India Power & Infra Fund - Direct Plan Growth Plan - Growth Option,INF204K01I92,Nippon India Mutual Fund,Sectoral,Equity Scheme - Sectoral/ Thematic,420.0282,25-06-2026,3316,0.43,19.07,12.61,10.19,2.8,24.75,30.13,24.15,6.0,0.89,53.17,80.0,68.2,Watch,watch,2026-06-29 16:48:36
118741,Nippon India Index Fund - Nifty 50 Plan - Direct Plan Growth Plan - Growth Option,INF204K01H36,Nippon India Mutual Fund,Index / ETF,Other Scheme - Index Funds,44.3071,25-06-2026,3316,2.45,8.2,-6.76,-5.22,1.11,8.89,12.15,9.92,4.38,0.17,38.17,80.0,25.2,Avoid,avoid,2026-06-29 16:48:36
118747,Nippon India Dynamic Bond Fund - Direct Plan Growth Plan - Growth Option,INF204K01A25,Nippon India Mutual Fund,Debt,Debt Scheme - Dynamic Bond,42.1356,25-06-2026,3252,1.92,2.41,2.93,4.58,7.61,7.49,7.91,6.43,0.8,0.31,8.52,100.0,29.0,Avoid,avoid,2026-06-29 16:48:36
118778,Nippon India Small Cap Fund - Direct Plan Growth Plan - Growth Option,INF204K01K15,Nippon India Mutual Fund,Small Cap,Equity Scheme - Small Cap Fund,202.8225,25-06-2026,3315,3.77,22.79,9.31,5.22,3.69,19.06,24.19,21.12,5.87,0.65,48.58,100.0,55.8,Watch,watch,2026-06-29 16:48:36
118759,Nippon India Pharma Fund - Direct Plan Growth Plan - Growth Option,INF204K01I50,Nippon India Mutual Fund,Sectoral,Equity Scheme - Sectoral/ Thematic,618.6543,25-06-2026,3316,3.37,12.7,9.24,7.3,12.12,21.32,21.63,13.54,3.38,1.01,24.02,80.0,57.1,Watch,watch,2026-06-29 16:48:36
118769,Nippon India Quant Fund - Direct Plan Growth Plan - Growth Option,INF204K01J34,Nippon India Mutual Fund,Thematic,Equity Scheme - Sectoral/ Thematic,79.0828,25-06-2026,3316,2.98,9.9,-0.84,0.59,4.57,16.24,19.76,15.58,4.31,0.67,32.78,100.0,48.4,Avoid,avoid,2026-06-29 16:48:36
121146,Nippon India ETF Nifty 100,INF204K014N5,Nippon India Mutual Fund,Index / ETF,Other Scheme - Other  ETFs,266.0721,25-06-2026,3262,2.27,10.1,-4.87,-3.69,0.79,10.18,12.66,10.13,4.61,0.26,38.09,80.0,27.9,Avoid,avoid,2026-06-29 16:57:10
121366,ICICI Prudential Nifty 50 ETF,INF109K012R6,ICICI Prudential Mutual Fund,Index / ETF,Other Scheme - Other  ETFs,272.0638,25-06-2026,1968,2.46,8.23,-6.72,-5.14,1.21,9.06,12.35,10.12,4.38,0.18,38.25,80.0,25.7,Avoid,avoid,2026-06-29 16:57:10
121109,SBI BSE SENSEX ETF,INF200K01VT2,SBI Mutual Fund,Index / ETF,Other Scheme - Other  ETFs,857.6366,25-06-2026,3272,3.41,7.68,-8.47,-7.36,-0.19,7.19,11.06,9.22,4.47,0.05,37.89,80.0,21.0,Avoid,avoid,2026-06-29 16:57:10
125274,R*Shares Nifty ETF,,Reliance Mutual Fund,Index / ETF,Income,87.8747,04-11-2016,720,0.0,0.0,0.0,0.0,0.0,0.0,0.0,0.0,0.0,,21.39,0.0,10.3,Avoid,avoid,2026-06-29 16:57:47
128331,Nippon India ETF Nifty India Consumption,INF204KA1LD7,Nippon India Mutual Fund,Index / ETF,Other Scheme - Other  ETFs,128.8745,25-06-2026,3005,3.03,12.31,-4.71,-1.93,2.56,12.29,15.29,13.55,5.02,0.39,31.27,80.0,35.9,Avoid,avoid,2026-06-29 16:58:33
128751,CPSE ETF,,Goldman Sachs Mutual Fund,Index / ETF,Income,25.0233,03-11-2016,631,0.0,0.0,0.0,0.0,0.0,0.0,0.0,0.0,0.0,,34.17,0.0,8.9,Avoid,avoid,2026-06-29 16:58:34
131331,Nippon India ETF BSE Sensex,INF204KA1UN7,Nippon India Mutual Fund,Index / ETF,Other Scheme - Other  ETFs,884.6803,25-06-2026,2892,3.41,7.68,-8.47,-7.36,-0.18,7.23,11.09,9.24,4.47,0.05,37.84,80.0,21.0,Avoid,avoid,2026-06-29 16:59:35
133122,Kotak Nifty Bank ETF,INF174KA1ZB7,Kotak Mahindra Mutual Fund,Index / ETF,Other Scheme - Other  ETFs,60.3739,25-06-2026,2846,7.55,16.19,-90.1,-89.81,-66.47,-49.04,-35.04,-29.68,25.72,-0.48,91.83,60.0,6.2,Avoid,avoid,2026-06-29 16:59:56
133307,LIC MF Nifty 8-13 yr G-Sec ETF,INF767K01MV5,LIC Mutual Fund,Index / ETF,Other Scheme - Other  ETFs,29.3109,25-06-2026,2780,1.82,3.12,2.09,3.47,7.18,7.24,7.73,5.74,0.88,0.16,4.96,80.0,25.7,Avoid,avoid,2026-06-29 16:59:57
134536,Edelweiss ETF - Nifty 50,,Edelweiss Mutual Fund,Index / ETF,Other Scheme - Other  ETFs,19255.9519,06-10-2021,1581,0.0,0.0,0.0,0.0,0.0,0.0,0.0,2.33,0.0,,38.37,20.0,11.0,Avoid,avoid,2026-06-29 17:00:51
134008,SBI Nifty Bank ETF,INF200KA1580,SBI Mutual Fund,Index / ETF,Other Scheme - Other  ETFs,597.5518,25-06-2026,2784,7.55,16.18,-0.97,1.83,6.01,9.79,15.55,11.48,6.36,0.26,48.55,80.0,26.7,Avoid,avoid,2026-06-29 17:00:39
134013,SBI Nifty Next 50 ETF,INF200KA1598,SBI Mutual Fund,Index / ETF,Other Scheme - Other  ETFs,772.0084,25-06-2026,2784,1.67,19.82,5.63,5.99,1.23,18.97,19.32,14.18,6.14,0.68,40.63,60.0,45.8,Avoid,avoid,2026-06-29 17:00:39
134014,SBI BSE 100 ETF,INF200KA1572,SBI Mutual Fund,Index / ETF,Other Scheme - Other  ETFs,283.7479,25-06-2026,2784,2.44,9.82,-5.18,-3.67,1.44,10.54,13.7,11.09,4.56,0.29,38.17,80.0,29.7,Avoid,avoid,2026-06-29 17:00:39
134782,Nippon India ETF Nifty 50 Value 20,INF204KB18I3,Nippon India Mutual Fund,Index / ETF,Other Scheme - Other  ETFs,141.364,25-06-2026,2717,0.25,3.97,-8.61,-6.5,-2.67,8.36,12.01,10.03,3.88,0.1,93.03,80.0,22.4,Avoid,avoid,2026-06-29 17:00:56
135859,Edelweiss ETF - Nifty Bank,,Edelweiss Mutual Fund,Index / ETF,Other Scheme - Other  ETFs,4579.836,07-08-2023,1886,0.0,0.0,0.0,0.0,0.0,0.0,7.68,5.41,0.0,-94.62,48.32,40.0,10.0,Avoid,avoid,2026-06-29 17:01:18
139519,ICICI Prudential BSE Midcap Select ETF,INF109KC10W0,ICICI Prudential Mutual Fund,Index / ETF,Other Scheme - Other  ETFs,18.9668,25-06-2026,1967,2.53,21.98,3.39,6.47,4.45,-44.47,-32.43,-27.32,6.16,-0.36,90.66,60.0,9.0,Avoid,avoid,2026-06-29 17:01:55
139496,Nippon India ETF Nifty 8-13 yr G-Sec Long Term Gilt,INF204KB1882,Nippon India Mutual Fund,Debt,Other Scheme - Other  ETFs,29.7834,25-06-2026,2413,1.8,3.11,2.09,3.49,7.21,7.28,7.8,5.71,0.87,0.18,5.12,80.0,25.9,Avoid,avoid,2026-06-29 17:01:56
140095,Nippon India ETF Hang Seng BeES,INF204KB19I1,Nippon India Mutual Fund,Index / ETF,Other Scheme - Other  ETFs,410.8427,25-06-2026,2289,-8.5,-6.04,-5.27,7.03,24.22,15.05,8.9,2.78,5.16,0.36,93.67,40.0,28.7,Avoid,avoid,2026-06-29 17:02:24
139581,Aditya Birla Sun Life BSE Sensex ETF,INF209KB10E8,Aditya Birla Sun Life Mutual Fund,Index / ETF,Other Scheme - Other  ETFs,77.5868,25-06-2026,2450,3.41,7.68,-8.47,-7.31,-0.17,7.2,11.06,-31.09,4.47,0.05,91.61,60.0,15.9,Avoid,avoid,2026-06-29 17:01:57
140102,Nippon India ETF Nifty Infrastructure BeES,INF732E01268,Nippon India Mutual Fund,Index / ETF,Other Scheme - Other  ETFs,976.9632,25-06-2026,2378,1.25,10.64,-0.48,0.35,1.73,18.03,19.46,16.82,5.04,0.7,42.54,100.0,51.3,Avoid,avoid,2026-06-29 17:02:24
140084,Nippon India ETF Nifty 50 BeES,INF204KB14I2,Nippon India Mutual Fund,Index / ETF,Other Scheme - Other  ETFs,273.4635,25-06-2026,2378,2.46,8.23,-6.72,-5.15,1.2,9.05,12.34,10.11,4.38,0.18,93.79,80.0,23.9,Avoid,avoid,2026-06-29 17:02:24
139839,BANDHAN Nifty 50 ETF,INF194KA1U07,Bandhan Mutual Fund,Index / ETF,Other Scheme - Other  ETFs,265.2421,25-06-2026,2400,2.45,8.21,-6.76,-5.22,1.14,8.98,12.29,10.02,4.38,0.18,37.72,80.0,25.5,Avoid,avoid,2026-06-29 17:02:18
140107,CPSE ETF,INF457M01133,Nippon India Mutual Fund,Index / ETF,Other Scheme - Other  ETFs,96.0708,25-06-2026,2378,-5.47,-4.0,6.27,2.12,0.81,29.45,30.58,29.72,4.57,1.15,54.09,80.0,68.8,Watch,watch,2026-06-29 17:02:24
140087,Nippon India ETF Nifty Bank BeES,INF204KB15I9,Nippon India Mutual Fund,Index / ETF,Other Scheme - Other  ETFs,602.3165,25-06-2026,2378,7.54,16.18,-0.98,1.83,5.99,9.78,15.54,11.47,6.36,0.26,94.85,80.0,25.7,Avoid,avoid,2026-06-29 17:02:24
140088,Nippon India ETF Gold BeES,INF204KB17I5,Nippon India Mutual Fund,Gold,Other Scheme - Gold ETF,115.3588,25-06-2026,2378,-10.23,-4.42,2.01,44.7,38.03,32.65,27.37,23.25,8.46,1.2,99.05,100.0,83.6,Strong Pick,strong,2026-06-29 17:02:24
140085,Nippon India ETF Nifty Next 50 Junior BeES,INF732E01045,Nippon India Mutual Fund,Index / ETF,Other Scheme - Other  ETFs,778.7436,25-06-2026,2378,1.62,19.74,5.58,5.93,1.18,18.9,19.26,14.13,6.13,0.67,40.54,60.0,45.6,Avoid,avoid,2026-06-29 17:02:24
140094,Nippon India ETF Nifty 50 Shariah BeES,INF732E01128,Nippon India Mutual Fund,Index / ETF,Other Scheme - Other  ETFs,448.2335,25-06-2026,2378,-3.05,1.5,-13.23,-13.0,-7.01,2.25,3.87,1.84,4.07,-0.3,29.19,40.0,10.6,Avoid,avoid,2026-06-29 17:02:24
140089,Nippon India ETF Nifty PSU Bank BeES,INF204KB16I7,Nippon India Mutual Fund,Index / ETF,Other Scheme - Other  ETFs,96.5491,25-06-2026,2378,5.86,10.23,4.6,23.31,8.44,28.27,37.5,28.54,8.08,0.8,97.36,60.0,70.6,Watch,watch,2026-06-29 17:02:24
139840,BANDHAN BSE Sensex ETF,INF194KA1T91,Bandhan Mutual Fund,Index / ETF,Other Scheme - Other  ETFs,837.4167,25-06-2026,2400,3.39,7.61,-8.6,-7.65,-0.51,6.83,10.71,8.83,4.47,0.02,37.3,80.0,19.8,Avoid,avoid,2026-06-29 17:02:18
141545,Axis Nifty 50 ETF,INF846K01W98,Axis Mutual Fund,Index / ETF,Other Scheme - Other  ETFs,265.6933,25-06-2026,2221,2.45,8.22,-6.72,-5.16,1.18,9.04,12.32,10.1,4.38,0.18,91.21,80.0,23.9,Avoid,avoid,2026-06-29 17:03:17
142589,DSP NIFTY 1D Rate Liquid ETF,,DSP Mutual Fund,Debt,Other Scheme - Other  ETFs,1000.0,28-06-2026,2518,0.0,0.0,0.0,0.0,0.0,0.0,0.0,0.0,0.01,-471.65,0.05,0.0,10.0,Avoid,avoid,2026-06-29 17:03:44
141596,ICICI Prudential Nifty 100 Low Volatility 30 ETF,INF109KC19U5,ICICI Prudential Mutual Fund,Index / ETF,Other Scheme - Other  ETFs,21.8336,25-06-2026,1967,1.73,8.63,-5.26,-1.31,2.62,-48.16,-35.78,-29.94,4.23,-0.49,90.33,40.0,6.4,Avoid,avoid,2026-06-29 17:03:18
141957,BHARAT 22 ETF,INF109KB15Y7,ICICI Prudential Mutual Fund,Index / ETF,Other Scheme - Other  ETFs,119.1457,25-06-2026,1967,-0.92,4.65,2.28,7.16,3.48,21.29,26.85,24.56,4.84,0.9,47.93,80.0,62.7,Watch,watch,2026-06-29 17:03:36
147848,Bharat Bond ETF - April 2023,,Edelweiss Mutual Fund,Index / ETF,Other Scheme - Other  ETFs,1233.1088,17-04-2023,800,0.0,0.0,0.0,0.0,0.0,0.0,1.26,1.74,0.0,,3.74,40.0,17.1,Avoid,avoid,2026-06-29 17:07:08
146514,Nippon India Nifty Next 50 Junior BeES FoF - Growth Plan - Growth Option,INF204KB1W91,Nippon India Mutual Fund,Index / ETF,Other Scheme - FoF Domestic,26.7823,25-06-2026,1795,1.51,19.49,5.41,5.92,0.92,18.5,18.87,13.72,6.11,0.66,34.33,60.0,45.0,Avoid,avoid,2026-06-29 17:05:56
147483,ICICI Prudential Nifty Bank ETF,INF109KC15I8,ICICI Prudential Mutual Fund,Index / ETF,Other Scheme - Other  ETFs,59.7351,25-06-2026,1717,7.55,16.19,-0.95,1.88,6.05,9.83,-35.0,-29.63,6.36,0.26,90.81,60.0,20.3,Avoid,avoid,2026-06-29 17:06:36
144916,SBI BSE Sensex Next 50 ETF,INF200KA1VQ2,SBI Mutual Fund,Index / ETF,Other Scheme - Other  ETFs,936.2603,25-06-2026,1914,2.17,16.06,0.97,2.49,3.71,18.45,20.52,15.96,5.43,0.73,39.94,80.0,49.3,Avoid,avoid,2026-06-29 17:04:59
144587,ICICI Prudential Nifty Next 50 ETF,INF109KC1NS5,ICICI Prudential Mutual Fund,Index / ETF,Other Scheme - Other  ETFs,75.9996,25-06-2026,1931,1.5,19.62,5.48,5.88,1.2,18.94,19.3,14.19,6.13,0.68,94.0,60.0,44.1,Avoid,avoid,2026-06-29 17:04:54
145633,Mirae Asset Nifty 50 ETF,INF769K01EG9,Mirae Asset Mutual Fund,Index / ETF,Other Scheme - Other  ETFs,261.0984,25-06-2026,1874,2.46,8.23,-6.73,-5.16,1.19,9.03,12.32,10.09,4.38,0.18,38.29,80.0,25.6,Avoid,avoid,2026-06-29 17:05:22
145881,Aditya Birla Sunlife Nifty Next 50 ETF,INF209KB16D7,Aditya Birla Sun Life Mutual Fund,Index / ETF,Other Scheme - Other  ETFs,75.124,29-06-2026,1853,0.67,18.64,4.57,4.52,0.76,18.64,18.75,-28.11,4.78,0.7,92.01,60.0,38.1,Avoid,avoid,2026-06-30 16:10:39
146271,Nippon India ETF Nifty Midcap 150,INF204KB1V68,Nippon India Mutual Fund,Index / ETF,Other Scheme - Other  ETFs,234.9272,25-06-2026,1824,0.85,17.14,3.15,4.63,4.87,19.75,23.18,17.99,5.4,0.75,38.35,80.0,53.5,Avoid,avoid,2026-06-29 17:05:55
143247,ICICI Prudential BSE 500 ETF,INF109KC1V59,ICICI Prudential Mutual Fund,Index / ETF,Other Scheme - Other  ETFs,38.9985,25-06-2026,1967,2.18,12.54,-2.44,-1.86,1.42,12.34,15.04,-29.37,4.83,0.39,91.77,60.0,26.1,Avoid,avoid,2026-06-29 17:04:08
145648,SBI Nifty 200 Quality 30 ETF,INF200KA1WX6,SBI Mutual Fund,Index / ETF,Other Scheme - Other  ETFs,215.2994,25-06-2026,1866,-1.6,8.96,-6.77,-4.76,-1.13,9.28,12.02,9.27,4.84,0.18,29.13,60.0,23.7,Avoid,avoid,2026-06-29 17:05:21
147735,Aditya Birla Sun Life Nifty Bank ETF,INF209KB17D5,Aditya Birla Sun Life Mutual Fund,Index / ETF,Other Scheme - Other  ETFs,59.173,29-06-2026,1649,6.72,15.29,-2.1,1.33,5.62,9.53,15.26,-29.72,5.24,0.25,92.06,80.0,22.5,Avoid,avoid,2026-06-30 16:11:30
147849,Bharat Bond ETF - April 2030,INF754K01KO2,Edelweiss Mutual Fund,Index / ETF,Other Scheme - Other  ETFs,1604.475,25-06-2026,1573,2.2,2.75,2.81,5.65,7.97,7.71,8.06,6.81,0.73,0.46,5.03,100.0,31.2,Avoid,avoid,2026-06-29 17:07:20
147579,Nippon India ETF BSE Sensex Next 50,INF204KB15D0,Nippon India Mutual Fund,Index / ETF,Other Scheme - Other  ETFs,91.4046,25-06-2026,1704,2.16,16.02,0.93,2.4,3.62,18.3,20.31,15.76,5.43,0.72,38.3,80.0,48.9,Avoid,avoid,2026-06-29 17:06:43
147530,ICICI Prudential Nifty Private Bank ETF,INF109KC18U7,ICICI Prudential Mutual Fund,Index / ETF,Other Scheme - Other  ETFs,28.5898,25-06-2026,1695,7.92,17.65,0.14,-0.14,4.66,-49.95,-35.52,-30.81,6.07,-0.53,90.72,40.0,5.2,Avoid,avoid,2026-06-29 17:06:43
147921,ICICI Prudential Nifty Midcap 150 ETF,INF109KC11W8,ICICI Prudential Mutual Fund,Index / ETF,Other Scheme - Other  ETFs,23.517,25-06-2026,1585,0.88,17.24,3.23,4.76,5.0,-44.37,-30.69,-25.52,5.42,-0.37,90.61,60.0,8.7,Avoid,avoid,2026-06-29 17:07:43
147906,Mirae Asset Nifty Next 50 ETF,INF769K01FN2,Mirae Asset Mutual Fund,Index / ETF,Other Scheme - Other  ETFs,743.4797,25-06-2026,1585,1.6,19.73,5.59,5.98,1.24,18.94,19.24,14.16,6.13,0.68,35.98,60.0,46.2,Avoid,avoid,2026-06-29 17:07:43
148173,UTI Nifty Bank ETF,INF789F1AUV1,UTI Mutual Fund,Index / ETF,Other Scheme - Other  ETFs,60.1726,25-06-2026,1435,7.55,16.19,-0.96,1.87,6.07,9.85,15.65,11.56,6.36,0.26,91.75,80.0,25.9,Avoid,avoid,2026-06-29 17:08:02
148585,Nippon India ETF Nifty CPSE Bond Plus SDL Sep2024 50:50,,Nippon India Mutual Fund,Index / ETF,Other Scheme - Other  ETFs,124.4652,30-09-2024,937,0.0,0.0,0.0,0.0,0.87,2.9,3.87,3.51,0.0,-3.9,1.88,80.0,17.8,Avoid,avoid,2026-06-29 17:08:48
148444,BHARAT Bond ETF April 2025,INF754K01LD3,Edelweiss Mutual Fund,Index / ETF,Formerly Known as IIFL Mutual Fund,1292.6108,15-04-2025,1146,0.0,0.0,0.0,0.0,2.95,4.39,5.0,4.42,0.0,-2.25,2.6,80.0,17.8,Avoid,avoid,2026-06-29 17:07:58
148798,Nippon India ETF Nifty SDL Apr 2026 Top 20 Equal Weight,INF204KC1022,Nippon India Mutual Fund,Index / ETF,Other Scheme - Other  ETFs,137.8305,30-04-2026,1229,0.0,0.47,1.77,4.62,6.27,6.61,6.82,5.89,0.17,-0.3,3.06,100.0,23.7,Avoid,avoid,2026-06-29 17:09:55
148445,BHARAT Bond ETF- April 2031,INF754K01LE1,Edelweiss Mutual Fund,Index / ETF,Other Scheme - Other  ETFs,1434.0813,25-06-2026,1435,2.49,3.14,2.74,5.47,8.08,7.71,8.15,6.69,0.83,0.41,3.77,100.0,30.7,Avoid,avoid,2026-06-29 17:08:05
148461,HDFC NIFTY Bank ETF - GROWTH,INF179KC1HY0,HDFC Mutual Fund,Index / ETF,Other Scheme - Other  ETFs,59.4199,29-06-2026,1445,6.71,15.29,-2.11,1.31,5.62,-49.17,-35.21,-29.74,5.24,-0.46,90.75,60.0,8.0,Avoid,avoid,2026-06-30 16:11:59
148466,ICICI Prudential Nifty IT ETF,INF109KC16I6,ICICI Prudential Mutual Fund,Index / ETF,Other Scheme - Other  ETFs,29.9922,29-06-2026,1448,-6.99,-6.42,-28.08,-29.09,-11.81,-1.02,-43.21,-36.61,6.88,-0.27,93.15,40.0,6.5,Avoid,avoid,2026-06-30 16:11:59
148408,Nippon India ETF Nifty IT,INF204KB15V2,Nippon India Mutual Fund,Index / ETF,Other Scheme - Other  ETFs,30.3189,25-06-2026,1482,-5.99,-5.44,-27.89,-28.17,-11.4,-0.73,1.39,0.52,7.05,-0.26,39.36,60.0,10.2,Avoid,avoid,2026-06-29 17:08:04
148456,ICICI Prudential Nifty Alpha Low- Volatility 30 ETF,INF109KC17V7,ICICI Prudential Mutual Fund,Index / ETF,Other Scheme - Other  ETFs,27.1353,29-06-2026,1451,2.41,9.81,-1.93,-3.0,-2.9,-48.12,-35.07,-29.76,3.86,-0.49,91.1,20.0,4.7,Avoid,avoid,2026-06-30 16:11:59
148572,Mirae Asset Nifty 100 ESG Sector Leaders ETF,INF769K01GS9,Mirae Asset Mutual Fund,Index / ETF,Other Scheme - Other  ETFs,41.1111,25-06-2026,1383,2.03,8.73,-6.78,-5.66,0.81,9.84,11.56,8.91,4.3,0.25,17.93,60.0,26.0,Avoid,avoid,2026-06-29 17:08:54
148541,SBI Nifty Private Bank ETF,INF200KA1S22,SBI Mutual Fund,Index / ETF,Other Scheme - Other  ETFs,289.0654,25-06-2026,1410,7.92,17.65,0.14,-0.13,4.67,7.82,14.58,9.6,6.07,0.15,23.1,60.0,21.3,Avoid,avoid,2026-06-29 17:08:32
148559,Axis NIFTY Bank ETF,INF846K01X63,Axis Mutual Fund,Index / ETF,Other Scheme - Other  ETFs,599.826,25-06-2026,1396,7.54,16.17,-1.0,1.81,6.0,9.77,15.53,11.47,6.35,0.26,20.59,80.0,29.0,Avoid,avoid,2026-06-29 17:08:32
148620,Motilal Oswal Nifty 5 year Benchmark G-sec ETF,INF247L01AK4,Motilal Oswal Mutual Fund,Index / ETF,Other Scheme - Other  ETFs,64.8932,25-06-2026,1339,2.02,3.34,3.27,5.16,7.79,7.5,7.51,6.16,0.82,0.33,3.54,100.0,29.7,Avoid,avoid,2026-06-29 17:08:57
148542,SBI Nifty IT ETF,INF200KA1S14,SBI Mutual Fund,Index / ETF,Other Scheme - Other  ETFs,302.6554,25-06-2026,1410,-6.0,-5.46,-27.91,-28.16,-11.39,-0.73,1.39,0.52,7.05,-0.26,39.36,60.0,10.2,Avoid,avoid,2026-06-29 17:08:32
148763,Kotak Nifty IT ETF,INF174KA1GC5,Kotak Mahindra Mutual Fund,Index / ETF,Other Scheme - Other  ETFs,30.3057,25-06-2026,1309,-5.85,-5.24,-27.7,-27.85,-11.16,-0.53,1.62,0.7,7.05,-0.25,39.06,60.0,10.3,Avoid,avoid,2026-06-29 17:09:44
148799,Axis IT ETF,INF846K01Y96,Axis Mutual Fund,Index / ETF,Other Scheme - Other  ETFs,300.71,25-06-2026,1300,-6.0,-5.47,-27.88,-28.16,-11.41,-0.75,1.4,0.53,7.04,-0.26,39.37,60.0,10.2,Avoid,avoid,2026-06-29 17:09:51
148800,Nippon India ETF Nifty 5 yr Benchmark G-Sec,INF204KC1030,Nippon India Mutual Fund,Index / ETF,Other Scheme - Other  ETFs,65.7165,25-06-2026,1263,2.01,3.44,3.43,5.47,8.1,7.82,7.79,6.41,0.81,0.47,3.35,100.0,31.4,Avoid,avoid,2026-06-29 17:09:55
148821,ICICI Prudential Nifty 100 Low Volatility 30 ETF FOF - Growth,INF109KC1P57,ICICI Prudential Mutual Fund,Index / ETF,Other Scheme - FoF Domestic,17.7722,25-06-2026,1281,1.69,7.26,-5.89,-1.87,2.04,11.08,13.36,10.24,4.0,0.33,18.45,60.0,30.0,Avoid,avoid,2026-06-29 17:09:57
149759,Nippon India Silver ETF FOF-Regular Plan- Growth Option,INF204KC1345,Nippon India Mutual Fund,Gold,Other Scheme - FoF Domestic,32.6132,29-06-2026,1078,-16.62,-6.76,-5.41,100.21,54.05,44.22,36.52,,18.2,0.87,43.56,100.0,79.2,Strong Pick,strong,2026-06-30 16:14:56
149777,ICICI Prudential Silver ETF FOF - Growth,INF109KC1Y64,ICICI Prudential Mutual Fund,Gold,Other Scheme - FoF Domestic,32.5648,29-06-2026,1066,-16.72,-3.87,-4.81,98.88,53.88,44.17,36.51,,14.81,0.98,45.57,100.0,80.1,Strong Pick,strong,2026-06-30 16:13:36
149398,BHARAT Bond ETF - April 2032,INF754K01OB1,Edelweiss Mutual Fund,Index / ETF,Other Scheme - Other  ETFs,1345.2797,25-06-2026,1099,2.61,3.11,2.58,5.23,7.88,7.73,8.22,,0.88,0.38,4.12,100.0,35.7,Avoid,avoid,2026-06-29 17:11:35
149403,DSP Nifty Midcap 150 Quality 50 ETF,INF740KA1QL0,DSP Mutual Fund,Index / ETF,Other Scheme - Other  ETFs,248.6551,25-06-2026,1115,1.58,16.59,1.15,-2.46,0.04,12.21,13.34,,5.2,0.37,21.42,75.0,35.6,Avoid,avoid,2026-06-29 17:11:35
149438,Motilal Oswal Nasdaq Q50 ETF,INF247L01AU3,Motilal Oswal Mutual Fund,Index / ETF,Other Scheme - Other  ETFs,120.3207,25-06-2026,1107,0.25,37.46,37.1,64.16,39.89,29.57,26.44,,5.3,1.05,30.98,100.0,84.1,Strong Pick,strong,2026-06-29 17:11:47
149392,DSP Nifty 50 ETF,INF740KA1CL0,DSP Mutual Fund,Index / ETF,Other Scheme - Other  ETFs,252.8805,25-06-2026,1115,2.46,8.23,-6.73,-5.14,1.19,9.05,12.31,,4.38,0.18,15.78,75.0,29.4,Avoid,avoid,2026-06-29 17:11:35
149757,Kotak Nifty Midcap 50 ETF,INF174KA1ZC5,Kotak Mahindra Mutual Fund,Index / ETF,Other Scheme - Other  ETFs,17.8785,29-06-2026,1084,0.22,16.97,-89.71,-89.56,-66.49,-44.04,-29.88,,25.44,-0.31,91.44,75.0,10.6,Avoid,avoid,2026-06-30 16:14:56
149918,Mirae Asset Nifty Midcap 150 ETF,INF769K01IC9,Mirae Asset Mutual Fund,Index / ETF,Other Scheme - Other  ETFs,23.1571,29-06-2026,1061,0.56,16.88,3.1,3.76,4.88,19.78,23.12,,4.2,0.79,20.98,100.0,56.6,Watch,watch,2026-06-30 16:14:07
149788,Mirae Asset Nifty India Manufacturing ETF FOF - Regular Plan - Growth,INF769K01HW9,Mirae Asset Mutual Fund,Index / ETF,Other Scheme - FoF Domestic,19.807,29-06-2026,1083,-0.3,12.71,3.94,8.69,3.76,19.48,21.0,,4.12,0.83,23.16,75.0,55.5,Watch,watch,2026-06-30 16:13:36
149801,Motilal Oswal Nifty 200 Momentum 30 ETF,INF247L01BK2,Motilal Oswal Mutual Fund,Index / ETF,Other Scheme - Other  ETFs,62.5113,29-06-2026,1076,1.42,14.23,0.31,-3.26,-6.37,13.44,-21.19,,4.37,0.42,82.99,25.0,29.2,Avoid,avoid,2026-06-30 16:13:36
149786,Mirae Asset Nifty India Manufacturing ETF,INF769K01IB1,Mirae Asset Mutual Fund,Index / ETF,Other Scheme - Other  ETFs,160.691,29-06-2026,1089,-0.3,12.89,4.14,9.11,4.3,20.07,21.71,,4.1,0.86,23.17,75.0,57.1,Watch,watch,2026-06-30 16:13:36
150455,ICICI Prudential Nifty 200 Momentum 30 ETF,INF109KC17C7,ICICI Prudential Mutual Fund,Index / ETF,Other Scheme - Other  ETFs,31.443,29-06-2026,958,1.44,14.25,0.32,-3.06,-6.32,13.44,,,4.36,0.42,90.36,33.3,30.1,Avoid,avoid,2026-06-30 16:18:19
150445,Motilal Oswal BSE Healthcare ETF,INF247L01BB1,Motilal Oswal Mutual Fund,Index / ETF,Other Scheme - Other  ETFs,49.6407,29-06-2026,960,4.77,17.35,12.98,11.07,15.27,24.22,,,3.95,1.17,16.15,100.0,72.2,Watch,watch,2026-06-30 16:18:18
150345,Tata Nifty India Digital ETF Fund of Fund -Regular Plan-Growth,INF277KA1463,Tata Mutual Fund,Index / ETF,Other Scheme - FoF Domestic,12.2877,29-06-2026,1029,-2.18,6.53,-19.13,-16.11,-4.14,8.84,10.08,,4.9,0.14,28.29,75.0,27.0,Avoid,avoid,2026-06-30 16:15:44
150476,HDFC NIFTY 100 ETF - Growth Option,INF179KC1HR4,HDFC Mutual Fund,Index / ETF,Other Scheme - Other  ETFs,25.7821,29-06-2026,959,1.73,9.56,-5.3,-3.72,0.7,-48.85,,,3.68,-0.49,90.66,33.3,7.2,Avoid,avoid,2026-06-30 16:16:38
150477,HDFC NIFTY NEXT 50 ETF - Growth Option,INF179KC1HS2,HDFC Mutual Fund,Index / ETF,Other Scheme - Other  ETFs,72.95,29-06-2026,959,0.64,18.57,4.48,4.37,0.62,-45.02,,,4.78,-0.35,90.77,33.3,7.7,Avoid,avoid,2026-06-30 16:16:38
150492,Kotak Nifty India Consumption ETF,INF174KA1ZF8,Kotak Mahindra Mutual Fund,Index / ETF,Other Scheme - Other  ETFs,11.7913,29-06-2026,961,2.15,11.38,-90.54,-90.24,-67.64,-47.92,,,25.22,-0.45,92.0,66.7,8.3,Avoid,avoid,2026-06-30 16:16:38
150497,Aditya Birla Sun Life Nifty 200 Quality 30 ETF,INF209KB15K4,Aditya Birla Sun Life Mutual Fund,Index / ETF,Other Scheme - Other  ETFs,20.5228,29-06-2026,950,-2.35,8.12,-7.02,-5.42,-1.34,9.22,,,3.75,0.17,22.46,66.7,28.4,Avoid,avoid,2026-06-30 16:16:45
150517,Motilal Oswal BSE Enhanced Value ETF,INF247L01BE5,Motilal Oswal Mutual Fund,Index / ETF,Other Scheme - Other  ETFs,114.369,29-06-2026,946,-2.38,8.14,-0.44,8.06,4.63,28.62,,,5.59,1.05,21.81,100.0,69.0,Watch,watch,2026-06-30 16:18:49
150520,Motilal Oswal BSE Quality ETF,INF247L01BH8,Motilal Oswal Mutual Fund,Index / ETF,Other Scheme - Other  ETFs,198.5178,29-06-2026,946,-2.19,11.88,-0.06,-0.88,-0.57,14.52,,,3.83,0.5,24.63,33.3,36.7,Avoid,avoid,2026-06-30 16:18:49
150498,Aditya Birla Sun Life Nifty 200 Momentum 30 ETF,INF209KB14K7,Aditya Birla Sun Life Mutual Fund,Index / ETF,Other Scheme - Other  ETFs,31.2716,29-06-2026,950,1.44,14.24,0.33,-3.08,-6.28,13.54,,,4.35,0.43,31.75,33.3,33.2,Avoid,avoid,2026-06-30 16:16:45
150523,DSP Silver ETF,INF740KA1RE3,DSP Mutual Fund,Gold,Other Scheme - Other  ETFs,209.7829,29-06-2026,952,-16.67,-4.25,-5.33,103.98,55.94,45.7,,,23.05,0.79,44.54,100.0,78.4,Strong Pick,strong,2026-06-30 16:18:49
150746,BANDHAN CRISIL IBX GILT APRIL 2026 INDEX FUND - DIRECT PLAN - GROWTH,INF194KB1EH4,Bandhan Mutual Fund,Debt,Other Scheme - Index Funds,12.77113,30-04-2026,858,0.0,0.47,1.79,4.59,6.18,6.5,,,0.17,-0.41,0.37,100.0,26.9,Avoid,avoid,2026-06-30 16:20:38
150715,UTI Gold ETF Fund of Fund - Regular Plan - Growth Opton,INF789F1AWA1,UTI Mutual Fund,Gold,Other Scheme - FoF Domestic,26.6433,29-06-2026,900,-9.51,-3.5,4.38,45.37,38.49,33.04,,,7.44,1.28,23.61,100.0,85.4,Strong Pick,strong,2026-06-30 16:20:27
150596,Mirae Asset Global X Artificial Intelligence & Technology ETF Fund of Fund - Regular Plan - Growth,INF769K01IR7,Mirae Asset Mutual Fund,Index / ETF,Other Scheme - FoF Overseas,35.365,29-06-2026,901,-5.65,36.97,30.87,61.48,42.29,37.86,,,8.37,1.07,27.25,100.0,82.7,Strong Pick,strong,2026-06-30 16:19:33
150736,HDFC Silver ETF Fund of Fund - Growth Option,INF179KC1DV5,HDFC Mutual Fund,Gold,Other Scheme - FoF Domestic,35.4853,29-06-2026,902,-16.63,-4.03,-5.3,100.26,53.52,44.39,,,16.21,0.94,46.04,100.0,79.6,Strong Pick,strong,2026-06-30 16:20:36
150620,HDFC NIFTY100 QUALITY 30 ETF - Growth Option,INF179KC1DL6,HDFC Mutual Fund,Index / ETF,Other Scheme - Other  ETFs,56.1182,29-06-2026,927,-1.97,7.86,-6.66,-3.39,-0.97,9.03,,,3.85,0.19,21.05,66.7,28.3,Avoid,avoid,2026-06-30 16:17:23
150751,Axis NASDAQ 100 US Specific Equity Passive FOF - Direct Plan - Growth,INF846K012K9,Axis Mutual Fund,Index / ETF,Other Scheme - FoF Overseas,29.449,29-06-2026,878,-3.88,25.24,20.51,42.88,28.95,30.22,,,5.15,1.1,23.05,100.0,85.5,Strong Pick,strong,2026-06-30 16:20:39
150658,HDFC NIFTY100 Low Volatility 30 ETF - Growth Option,INF179KC1HU8,HDFC Mutual Fund,Index / ETF,Other Scheme - Other  ETFs,20.2283,29-06-2026,916,1.28,8.15,-5.54,-1.32,2.5,-48.18,,,3.63,-0.48,90.49,33.3,7.3,Avoid,avoid,2026-06-30 16:19:59
150619,HDFC NIFTY 50 VALUE 20 ETF - Growth Option,INF179KC1DK8,HDFC Mutual Fund,Index / ETF,Other Scheme - Other  ETFs,126.4337,29-06-2026,927,-0.31,3.41,-9.08,-6.76,-2.88,8.29,,,3.24,0.09,19.11,66.7,26.7,Avoid,avoid,2026-06-30 16:17:23
150621,HDFC NIFTY GROWTH SECTORS 15 ETF - Growth Option,INF179KC1DJ0,HDFC Mutual Fund,Index / ETF,Other Scheme - Other  ETFs,111.0542,29-06-2026,927,-0.85,2.35,-14.01,-6.79,-1.04,4.72,,,3.51,-0.11,21.88,66.7,18.6,Avoid,avoid,2026-06-30 16:17:22
150526,ICICI Prudential Nifty Infrastructure ETF,INF109KC16E5,ICICI Prudential Mutual Fund,Index / ETF,Other Scheme - Other  ETFs,96.4667,29-06-2026,952,0.43,9.77,-1.15,0.11,1.69,18.26,,,4.11,0.75,20.8,100.0,53.6,Avoid,avoid,2026-06-30 16:19:00
150579,Edelweiss Gold and Silver ETF FOF - Regular Plan - Growth,INF754K01OT3,Edelweiss Mutual Fund,Gold,Other Scheme - FoF Domestic,31.533,29-06-2026,929,-13.14,-4.22,1.46,74.18,47.48,39.19,,,11.45,1.1,34.27,100.0,82.3,Strong Pick,strong,2026-06-30 16:19:29
150556,HDFC Silver ETF - Growth Option,INF179KC1DI2,HDFC Mutual Fund,Gold,Other Scheme - Other  ETFs,208.3906,29-06-2026,941,-16.51,-4.29,-5.43,103.25,56.99,45.49,,,17.91,0.9,44.41,100.0,79.4,Strong Pick,strong,2026-06-30 16:19:13
150657,HDFC NIFTY200 MOMENTUM 30 ETF - Growth Option,INF179KC1HV6,HDFC Mutual Fund,Index / ETF,Other Scheme - Other  ETFs,31.1696,29-06-2026,916,1.47,14.28,0.34,-2.97,-6.17,-47.31,,,4.35,-0.43,90.6,0.0,3.3,Avoid,avoid,2026-06-30 16:19:59
150531,Kotak Nifty MNC ETF,INF174KA1JF2,Kotak Mahindra Mutual Fund,Index / ETF,Other Scheme - Other  ETFs,33.1005,29-06-2026,956,-0.53,16.14,6.64,12.35,3.93,14.7,,,4.78,0.55,23.64,66.7,45.1,Avoid,avoid,2026-06-30 16:19:00
150610,Axis Silver ETF,INF846K011K1,Axis Mutual Fund,Gold,Other Scheme - Other  ETFs,216.4982,29-06-2026,930,-16.45,-6.39,-5.19,103.71,56.5,45.79,,,17.9,0.9,44.33,100.0,79.4,Strong Pick,strong,2026-06-30 16:19:33
150754,Nippon India Nifty AAA PSU Bond Plus SDL - Sep 2026 Maturity 50:50 Index Fund-Direct Plan-Growth Option,INF204KC1683,Nippon India Mutual Fund,Index / ETF,Other Scheme - Index Funds,12.9632,29-06-2026,886,0.6,1.6,3.01,6.02,7.24,7.21,,,0.09,0.67,0.25,100.0,39.0,Avoid,avoid,2026-06-30 16:20:39
150802,HDFC NIFTY Private Bank ETF - Growth Option,INF179KC1HZ7,HDFC Mutual Fund,Index / ETF,Other Scheme - Other  ETFs,28.5592,29-06-2026,893,6.87,16.5,-1.11,-0.23,4.16,-50.12,,,5.17,-0.48,90.97,33.3,6.2,Avoid,avoid,2026-06-30 16:21:15
151374,HDFC NIFTY Midcap 150 ETF - Growth Option,INF179KC1HT0,HDFC Mutual Fund,Index / ETF,Other Scheme - Other  ETFs,22.9423,29-06-2026,829,0.55,16.81,2.99,3.56,4.72,-44.49,,,4.2,-0.34,90.78,66.7,12.1,Avoid,avoid,2026-06-30 16:24:20
151196,ICICI Prudential Nifty 10 yr Benchmark G-sec ETF,INF109KC18O0,ICICI Prudential Mutual Fund,Index / ETF,Other Scheme - Other  ETFs,263.9367,29-06-2026,855,2.13,3.27,1.87,2.6,6.74,6.91,,,0.93,0.04,2.76,100.0,31.0,Avoid,avoid,2026-06-30 16:23:27
150801,HDFC NIFTY IT ETF - Growth option,INF179KC1IA8,HDFC Mutual Fund,Index / ETF,Other Scheme - Other  ETFs,28.8367,29-06-2026,893,-7.0,-6.43,-28.1,-29.11,-11.83,-54.08,,,6.89,-0.67,92.42,33.3,4.7,Avoid,avoid,2026-06-30 16:21:15
151416,Mirae Asset Gold ETF,INF769K01JP9,Mirae Asset Mutual Fund,Gold,Other Scheme - Gold ETF,136.7619,29-06-2026,824,-9.39,-3.88,5.11,45.73,38.84,33.27,,,8.19,1.24,22.1,100.0,84.8,Strong Pick,strong,2026-06-30 16:24:36
150948,Kotak Silver ETF,INF174KA1ZD3,Kotak Mahindra Mutual Fund,Gold,Other Scheme - Other  ETFs,21.1204,29-06-2026,865,-16.57,-6.42,-90.53,-79.61,-50.68,-32.37,,,32.54,0.15,94.45,66.7,14.0,Avoid,avoid,2026-06-30 16:22:25
151207,ICICI Prudential Nifty Commodities ETF,INF109KC19O8,ICICI Prudential Mutual Fund,Index / ETF,Other Scheme - Other  ETFs,99.898,29-06-2026,871,-4.56,7.59,5.11,10.66,3.65,18.35,,,4.25,0.75,22.47,66.7,52.9,Avoid,avoid,2026-06-30 16:23:28
150987,BHARAT Bond ETF - April 2033,INF754K01QX0,Edelweiss Mutual Fund,Index / ETF,Other Scheme - Other  ETFs,1306.8931,29-06-2026,857,2.68,3.31,2.61,4.98,7.74,7.75,,,0.94,0.36,1.43,100.0,35.6,Avoid,avoid,2026-06-30 16:22:25
150991,BHARAT Bond ETF FOF - April 2033 - Regular Plan - Growth,INF754K01QY8,Edelweiss Mutual Fund,Index / ETF,Other Scheme - FoF Domestic,13.0943,29-06-2026,855,3.07,4.25,2.74,4.97,7.59,7.56,,,1.16,0.28,4.35,100.0,34.1,Avoid,avoid,2026-06-30 16:22:25
150879,ICICI Prudential Nifty Financial Services Ex-BaNk ETF,INF109KC17L8,ICICI Prudential Mutual Fund,Index / ETF,Other Scheme - Other  ETFs,32.1564,29-06-2026,885,1.19,16.77,-0.29,2.42,13.85,18.77,,,4.96,0.74,16.71,100.0,54.2,Avoid,avoid,2026-06-30 16:21:57
151375,HDFC NIFTY Smallcap 250 ETF - Growth Option,INF179KC1FB2,HDFC Mutual Fund,Index / ETF,Other Scheme - Other  ETFs,177.3307,29-06-2026,829,3.71,23.35,6.84,-0.78,1.65,18.91,,,4.9,0.61,26.12,66.7,48.4,Avoid,avoid,2026-06-30 16:24:20
151376,HDFC BSE 500 ETF - Growth Option,INF179KC1EZ4,HDFC Mutual Fund,Index / ETF,Other Scheme - Other  ETFs,36.8747,29-06-2026,829,1.69,12.01,-2.87,-2.25,1.17,12.17,,,3.77,0.4,18.84,66.7,36.1,Avoid,avoid,2026-06-30 16:24:20
151262,DSP Nifty Bank ETF,INF740KA1RX3,DSP Mutual Fund,Index / ETF,Other Scheme - Other  ETFs,59.0875,29-06-2026,861,6.7,15.27,-2.11,1.32,5.61,9.53,,,5.23,0.25,18.33,100.0,32.9,Avoid,avoid,2026-06-30 16:23:43
151358,Kotak Nifty 1D Rate Liquid ETF,INF174KA1LV5,Kotak Mahindra Mutual Fund,Debt,Other Scheme - Other  ETFs,1111.1004,29-06-2026,1059,0.4,1.22,2.44,5.11,5.41,3.57,,,0.02,-4.0,0.06,66.7,19.7,Avoid,avoid,2026-06-30 16:24:04
151695,Mirae Asset Nifty 8-13 yr Gsec ETF,INF769K01KF8,Mirae Asset Mutual Fund,Index / ETF,Other Scheme - Other  ETFs,30.351,29-06-2026,781,1.99,3.38,2.64,3.98,7.5,7.47,,,0.89,0.24,2.53,100.0,34.0,Avoid,avoid,2026-06-30 16:26:05
151548,Bandhan US Treasury Bond 0-1 year specific Debt Passive FOF - DIRECT PLAN - GROWTH,INF194KB1FV2,Bandhan Mutual Fund,Debt,Other Scheme - FoF Overseas,13.183,29-06-2026,759,-0.83,0.49,6.56,14.34,10.66,9.42,,,1.27,0.72,3.41,100.0,47.0,Avoid,avoid,2026-06-30 16:25:12
151810,Mirae Asset Multicap Fund - Direct Plan - Growth,INF769K01KK8,Mirae Asset Mutual Fund,Multi Cap,Equity Scheme - Multi Cap Fund,15.031,29-06-2026,699,2.1,14.32,-0.99,0.76,4.83,,,,3.89,0.52,18.16,100.0,44.0,Avoid,avoid,2026-06-30 16:26:58
151820,DSP Nifty IT ETF,INF740KA1SX1,DSP Mutual Fund,Index / ETF,Other Scheme - Other  ETFs,28.6283,29-06-2026,736,-6.9,-6.37,-28.02,-28.96,-11.74,,,,6.88,-0.27,39.18,50.0,16.9,Avoid,avoid,2026-06-30 16:26:58
151824,Canara Robeco Multi Cap Fund - Direct Plan - Growth Option,INF760K01KO9,Canara Robeco Mutual Fund,Multi Cap,Equity Scheme - Multi Cap Fund,15.14,29-06-2026,712,2.99,13.32,-1.05,-0.33,4.37,,,,3.55,0.66,18.32,50.0,37.3,Avoid,avoid,2026-06-30 16:27:04
151804,HDFC Consumption Fund - Growth Option - Direct Plan,INF179KC1GO3,HDFC Mutual Fund,Sectoral,Equity Scheme - Sectoral/ Thematic,13.717,29-06-2026,727,1.44,11.25,-5.33,-5.29,1.49,,,,4.1,0.37,23.48,50.0,31.7,Avoid,avoid,2026-06-30 16:26:58
151814,Motilal Oswal Nifty Microcap 250 Index Fund- Direct- Growth Option,INF247L01BQ9,Motilal Oswal Mutual Fund,Index / ETF,Other Scheme - Index Funds,18.1749,29-06-2026,728,5.26,31.64,11.63,2.2,3.14,,,,5.67,0.73,29.39,100.0,43.4,Avoid,avoid,2026-06-30 16:26:58
151732,UTI Silver ETF Fund of Fund - Regular Plan - Growth Option,INF789F1AYM2,UTI Mutual Fund,Gold,Other Scheme - FoF Domestic,27.5801,29-06-2026,781,-16.44,-4.3,-4.12,101.18,53.37,44.4,,,15.06,0.97,45.5,100.0,80.0,Strong Pick,strong,2026-06-30 16:24:04
151779,Mirae Asset Silver ETF,INF769K01KG6,Mirae Asset Mutual Fund,Gold,Other Scheme - Other  ETFs,212.002,29-06-2026,751,-16.5,-6.43,-5.25,103.68,55.89,45.67,,,17.91,0.9,44.39,100.0,79.4,Strong Pick,strong,2026-06-30 16:24:36
151604,Mirae Asset Nifty 100 Low Volatility 30 ETF,INF769K01JU9,Mirae Asset Mutual Fund,Index / ETF,Other Scheme - Other  ETFs,202.498,29-06-2026,802,1.27,8.13,-5.57,-1.38,2.51,11.65,,,3.63,0.39,18.12,66.7,35.3,Avoid,avoid,2026-06-30 16:25:47
151737,DSP Gold ETF,INF740KA1SW3,DSP Mutual Fund,Gold,Other Scheme - Gold ETF,136.6581,29-06-2026,784,-9.41,-3.5,5.1,45.82,38.82,33.2,,,8.22,1.23,22.18,100.0,84.7,Strong Pick,strong,2026-06-30 16:26:30
151816,BANDHAN FINANCIAL SERVICES FUND - DIRECT PLAN - GROWTH,INF194KB1GB2,Bandhan Mutual Fund,Sectoral,Equity Scheme - Sectoral/ Thematic,15.599,29-06-2026,723,5.48,16.43,-1.89,0.0,7.95,,,,4.86,0.73,17.31,50.0,37.0,Avoid,avoid,2026-06-30 16:26:58
151572,ICICI Prudential Nifty PSU Bank ETF,INF109KC10S8,ICICI Prudential Mutual Fund,Index / ETF,Other Scheme - Other  ETFs,86.8359,29-06-2026,809,4.85,9.2,1.94,19.15,8.03,28.06,,,6.51,0.85,29.7,66.7,68.2,Watch,watch,2026-06-30 16:25:26
151585,Axis BSE Sensex ETF,INF846K010Q0,Axis Mutual Fund,Index / ETF,Other Scheme - Other  ETFs,79.4653,29-06-2026,807,2.91,7.15,-8.88,-7.28,-0.42,6.98,,,3.62,0.02,16.04,66.7,23.8,Avoid,avoid,2026-06-30 16:25:26
151602,Kotak Silver ETF Fund of Fund - Regular Plan - Growth Option,INF174KA1MR1,Kotak Mahindra Mutual Fund,Gold,Other Scheme - FoF Domestic,28.6544,29-06-2026,790,-16.51,-4.82,-4.99,101.76,54.6,44.26,,,14.95,0.97,45.64,100.0,79.9,Strong Pick,strong,2026-06-30 16:25:26
151875,NAVI Overnight Fund Direct Plan Growth,,Navi Mutual Fund,Debt,Debt Scheme - Overnight Fund,10.8419,14-11-2024,389,0.0,0.0,0.0,0.0,1.06,,,,0.0,-4.53,0.01,50.0,27.3,Avoid,avoid,2026-06-30 16:27:19
151853,quant Healthcare Fund - Growth Option - Direct Plan,INF966L01CD0,quant Mutual Fund,Sectoral,Equity Scheme - Sectoral/ Thematic,17.6724,29-06-2026,723,3.66,19.29,14.72,8.53,8.91,,,,3.55,0.8,25.21,100.0,50.6,Avoid,avoid,2026-06-30 16:27:09
151857,Mirae Asset Nifty Bank ETF,INF769K01KR3,Mirae Asset Mutual Fund,Index / ETF,Other Scheme - Other  ETFs,588.0609,29-06-2026,724,6.72,15.3,-2.07,1.38,5.67,,,,5.23,0.3,18.33,100.0,39.3,Avoid,avoid,2026-06-30 16:27:09
151833,Bajaj Finserv Liquid Fund - Direct Plan - Growth,INF0QA701011,Bajaj Finserv Mutual Fund,Debt,Debt Scheme - Liquid Fund,1223.5748,29-06-2026,897,0.59,1.75,3.31,6.3,6.79,,,,0.06,0.77,0.01,100.0,55.9,Watch,watch,2026-06-30 16:27:10
151849,Bajaj Finserv Overnight Fund - Direct Plan - Growth,INF0QA701177,Bajaj Finserv Mutual Fund,Debt,Debt Scheme - Overnight Fund,1196.7621,29-06-2026,896,0.41,1.27,2.57,5.38,5.89,,,,0.02,-3.16,0,100.0,36.7,Avoid,avoid,2026-06-30 16:27:10
151885,UTI Balanced Advantage Fund - Direct Plan - Growth Option,INF789F1AYV3,UTI Mutual Fund,Hybrid,Hybrid Scheme - Dynamic Asset Allocation or Balanced Advantage,12.8681,29-06-2026,702,2.01,5.88,-4.32,-1.79,4.24,,,,2.46,0.24,10.47,50.0,33.7,Avoid,avoid,2026-06-30 16:27:32
151881,Kotak Quant Fund - Direct Plan - Growth Option,INF174KA1OL0,Kotak Mahindra Mutual Fund,Thematic,Equity Scheme - Sectoral/ Thematic,15.194,29-06-2026,708,1.1,11.12,-0.57,1.1,-0.99,,,,3.98,0.61,22.32,50.0,35.5,Avoid,avoid,2026-06-30 16:27:32
151901,HDFC Transportation and Logistics Fund - Growth Option - Direct Plan,INF179KC1GU0,HDFC Mutual Fund,Sectoral,Equity Scheme - Sectoral/ Thematic,18.575,29-06-2026,702,5.48,16.93,0.91,14.29,7.56,,,,4.9,0.98,23.5,100.0,57.2,Watch,watch,2026-06-30 16:27:32
151916,quant Manufacturing Fund - Growth Option - Direct Plan,INF966L01CJ7,quant Mutual Fund,Sectoral,Equity Scheme - Sectoral/ Thematic,17.3195,29-06-2026,703,3.46,35.68,16.54,11.94,2.31,,,,6.53,0.58,29.65,50.0,37.4,Avoid,avoid,2026-06-30 16:25:13
151888,DSP Nifty PSU Bank ETF,INF740KA1SY9,DSP Mutual Fund,Index / ETF,Other Scheme - Other  ETFs,86.5364,29-06-2026,722,4.92,9.33,2.12,19.52,8.25,,,,6.51,0.83,29.7,50.0,47.9,Avoid,avoid,2026-06-30 16:27:32
151886,DSP BSE Sensex ETF,INF740KA1SZ6,DSP Mutual Fund,Index / ETF,Other Scheme - Other  ETFs,78.9798,29-06-2026,722,2.9,7.14,-8.86,-7.27,-0.48,,,,3.61,0.06,16.02,50.0,28.9,Avoid,avoid,2026-06-30 16:27:32
151887,DSP Nifty Private Bank ETF,INF740KA1TA7,DSP Mutual Fund,Index / ETF,Other Scheme - Other  ETFs,28.4571,29-06-2026,722,6.87,16.5,-1.11,-0.23,4.16,,,,5.17,0.15,17.29,50.0,28.2,Avoid,avoid,2026-06-30 16:27:29
151889,Bajaj Finserv Money Market Fund-Direct Plan-Growth,INF0QA701334,Bajaj Finserv Mutual Fund,Debt,Debt Scheme - Money Market Fund,1238.0186,29-06-2026,704,1.07,1.91,3.27,6.4,7.37,,,,0.21,1.03,0.12,100.0,59.6,Watch,watch,2026-06-30 16:27:32
151973,LIC MF Gold ETF Fund of Fund-Regular Plan-Growth,INF397L01992,LIC Mutual Fund,Gold,Other Scheme - FoF Domestic,36.4012,29-06-2026,703,-9.2,-2.73,4.5,44.5,37.64,,,,8.54,1.21,24.5,100.0,75.7,Strong Pick,strong,2026-06-30 16:25:26
151905,Union Innovation & Opportunities Fund - Direct Plan - Growth Option,INF582M01JE6,Union Mutual Fund,Thematic,Equity Scheme - Sectoral/ Thematic,15.48,29-06-2026,683,4.74,21.6,6.03,8.18,8.87,,,,4.22,0.66,23.94,100.0,47.7,Avoid,avoid,2026-06-30 16:27:32
151895,Bajaj Finserv Flexi Cap Fund-Direct Plan-Growth,INF0QA701342,Bajaj Finserv Mutual Fund,Index / ETF,Equity Scheme - Flexi Cap Fund,15.876,29-06-2026,703,3.58,16.22,3.61,4.22,6.75,,,,3.83,0.8,17.53,100.0,48.3,Avoid,avoid,2026-06-30 16:27:32
151937,LIC MF Nifty Next 50 Index Fund-Direct Plan-Growth,INF397L01AW2,LIC Mutual Fund,Index / ETF,Other Scheme - Index Funds,58.6152,29-06-2026,714,0.97,18.84,4.78,4.57,0.67,,,,4.75,0.72,26.43,50.0,35.6,Avoid,avoid,2026-06-30 16:25:25
151911,Kotak Nifty Financial Services Ex-Bank Index Fund - Direct Plan - Growth option,INF174KA1OR7,Kotak Mahindra Mutual Fund,Index / ETF,Other Scheme - Index Funds,16.402,29-06-2026,700,1.18,16.74,-0.73,1.95,13.36,,,,4.96,0.66,17.06,100.0,45.0,Avoid,avoid,2026-06-30 16:25:12
151917,NJ Flexi Cap Fund - Direct Plan - Growth Option,INF0J8L01156,NJ Mutual Fund,Multi Cap,Equity Scheme - Flexi Cap Fund,13.34,29-06-2026,688,1.99,10.89,-2.84,-4.1,-3.78,,,,3.31,0.3,26.74,0.0,22.0,Avoid,avoid,2026-06-30 16:25:13
151907,ICICI Prudential Nifty 200 Quality 30 ETF,INF109KC18V5,ICICI Prudential Mutual Fund,Index / ETF,Other Scheme - Other  ETFs,20.3173,29-06-2026,712,-2.35,8.13,-7.06,-5.51,-1.39,,,,3.76,-0.58,90.32,50.0,13.9,Avoid,avoid,2026-06-30 16:27:32
152297,Tata Silver ETF Fund of Fund Regular Plan Growth Option,INF277KA1893,Tata Mutual Fund,Gold,Other Scheme - FoF Domestic,28.8932,30-06-2026,597,-14.53,-5.51,-1.24,99.44,54.52,,,,15.99,1.15,43.02,100.0,72.0,Watch,watch,2026-07-01 16:07:28
152355,UTI Nifty IT ETF,INF789F1AZD8,UTI Mutual Fund,Index / ETF,Other Scheme - Other  ETFs,283.8821,29-06-2026,594,-6.99,-6.42,-28.08,-29.04,-11.77,,,,6.89,-0.66,39.23,50.0,13.5,Avoid,avoid,2026-06-30 16:31:03
152368,UTI Nifty 5 yr Benchmark G-Sec ETF,INF789F1AZE6,UTI Mutual Fund,Index / ETF,Other Scheme - Other  ETFs,65.9469,29-06-2026,579,2.07,3.48,3.35,5.26,7.9,,,,0.87,0.47,1.81,100.0,49.4,Avoid,avoid,2026-06-30 16:31:12
152369,UTI Nifty 10 yr Benchmark G-Sec ETF,INF789F1AZF3,UTI Mutual Fund,Index / ETF,Other Scheme - Other  ETFs,26.5728,29-06-2026,579,2.13,3.15,1.7,2.39,6.58,,,,0.94,0.1,2.78,100.0,43.6,Avoid,avoid,2026-06-30 16:31:15
152404,LIC MF Nifty Midcap 100 ETF,INF767K01RN1,LIC Mutual Fund,Index / ETF,Other Scheme - Other  ETFs,62.1359,30-06-2026,581,1.63,14.85,2.33,3.79,5.08,,,,4.9,0.44,21.23,100.0,41.3,Avoid,avoid,2026-07-01 16:07:28
152457,Mirae Asset Nifty Smallcap 250 Momentum Quality 100 ETF Fund of Fund - Regular Plan - Growth,INF769K01LD1,Mirae Asset Mutual Fund,Index / ETF,Other Scheme - FoF Domestic,10.136,29-06-2026,569,2.63,22.47,5.37,-5.29,-5.17,,,,4.77,-0.09,31.42,0.0,14.0,Avoid,avoid,2026-06-30 16:32:00
152476,Zerodha Gold ETF,INF0R8F01042,Zerodha Mutual Fund,Gold,Other Scheme - Gold ETF,22.1292,29-06-2026,572,-9.54,-3.61,5.02,45.74,38.86,,,,10.37,1.12,22.49,100.0,74.7,Watch,watch,2026-06-30 16:32:00
152455,Mirae Asset Nifty Smallcap 250 Momentum Quality 100 ETF,INF769K01LC3,Mirae Asset Mutual Fund,Index / ETF,Other Scheme - Other  ETFs,46.1098,29-06-2026,576,2.54,22.59,5.69,-4.82,-4.76,,,,4.76,-0.04,30.45,0.0,14.9,Avoid,avoid,2026-06-30 16:31:50
152356,Bajaj Finserv Nifty 50 ETF,INF0QA701722,Bajaj Finserv Mutual Fund,Index / ETF,Other Scheme - Other  ETFs,245.907,29-06-2026,596,1.98,7.71,-7.17,-5.16,0.94,,,,3.54,-0.06,15.46,50.0,27.3,Avoid,avoid,2026-06-30 16:31:03
152350,HDFC NIFTY PSU BANK ETF,INF179KC1HW4,HDFC Mutual Fund,Index / ETF,Other Scheme - Other  ETFs,86.5962,29-06-2026,594,4.86,9.22,1.96,19.21,8.09,,,,6.52,0.23,29.67,50.0,38.9,Avoid,avoid,2026-06-30 16:31:03
152306,DSP Nifty Healthcare ETF,INF740KA1UF4,DSP Mutual Fund,Index / ETF,Other Scheme - Other  ETFs,162.4762,29-06-2026,595,4.74,13.5,11.0,11.8,13.64,,,,3.88,0.55,15.7,100.0,51.0,Avoid,avoid,2026-06-30 16:28:02
152357,Bajaj Finserv Nifty Bank ETF,INF0QA701714,Bajaj Finserv Mutual Fund,Index / ETF,Other Scheme - Other  ETFs,58.6692,29-06-2026,596,6.71,15.29,-2.1,1.34,5.66,,,,5.23,0.34,18.34,100.0,39.9,Avoid,avoid,2026-06-30 16:31:03
152231,Baroda BNP Paribas Gold ETF,INF251K01SU9,Baroda BNP Paribas Mutual Fund,Gold,Other Scheme - Gold ETF,136.217,29-06-2026,622,-9.4,-3.91,5.05,45.33,38.59,,,,8.21,1.33,22.18,100.0,77.8,Strong Pick,strong,2026-06-30 16:30:05
152290,Tata Gold ETF Fund of Fund Regular Plan Growth Option,INF277KA1901,Tata Mutual Fund,Gold,Other Scheme - FoF Domestic,21.29,30-06-2026,597,-8.86,-5.85,4.41,41.3,36.93,,,,7.77,1.32,24.29,100.0,77.6,Strong Pick,strong,2026-07-01 16:07:28
152327,Zerodha Nifty 1D Rate Liquid ETF - Growth Option,INF0R8F01034,Zerodha Mutual Fund,Debt,Other Scheme - Other  ETFs,114.7573,29-06-2026,739,0.39,1.2,2.4,5.03,5.56,,,,0.02,-5.61,0,100.0,36.4,Avoid,avoid,2026-06-30 16:30:41
152620,Aditya Birla Sun Life Nifty PSE ETF,INF209KB19Z4,Aditya Birla Sun Life Mutual Fund,Index / ETF,Other Scheme - Other  ETFs,10.3474,30-06-2026,522,-1.7,2.85,1.96,0.75,-1.77,,,,5.08,-0.32,30.06,50.0,19.6,Avoid,avoid,2026-07-01 16:07:45
152634,Mirae Asset Nifty MidSmallcap400 Momentum Quality 100 ETF,INF769K01LJ8,Mirae Asset Mutual Fund,Index / ETF,Other Scheme - Other  ETFs,50.7659,30-06-2026,520,1.27,14.81,6.48,-0.53,-1.73,,,,4.55,-0.21,25.85,0.0,13.3,Avoid,avoid,2026-07-01 16:07:45
152541,Motilal Oswal Nifty Realty ETF,INF247L01CI4,Motilal Oswal Mutual Fund,Index / ETF,Other Scheme - Other  ETFs,81.7181,29-06-2026,559,4.59,25.64,-6.02,-17.05,-13.96,,,,8.4,-0.34,43.44,0.0,4.8,Avoid,avoid,2026-06-30 16:29:54
152546,Motilal Oswal Nifty Smallcap 250 ETF,INF247L01CH6,Motilal Oswal Mutual Fund,Index / ETF,Other Scheme - Other  ETFs,17.6812,29-06-2026,559,3.7,23.31,6.82,-0.74,1.56,,,,4.9,0.07,26.14,50.0,26.0,Avoid,avoid,2026-06-30 16:29:53
152555,DSP BSE Liquid Rate ETF,INF740KA1UM0,DSP Mutual Fund,Debt,Other Scheme - Other  ETFs,1133.2598,29-06-2026,689,0.39,1.19,2.39,5.0,5.54,,,,0.02,-6.28,0,100.0,36.3,Avoid,avoid,2026-06-30 16:29:54
152647,Mirae Asset Nifty MidSmallcap400 Momentum Quality 100 ETF Fund of Fund - Regular Plan - Growth,INF769K01LK6,Mirae Asset Mutual Fund,Index / ETF,Other Scheme - FoF Domestic,10.113,29-06-2026,511,-0.52,17.66,6.77,-2.2,-2.13,,,,4.27,-0.29,26.25,0.0,12.4,Avoid,avoid,2026-06-30 16:30:41
152769,ICICI Prudential Nifty Metal ETF,INF109KC19W1,ICICI Prudential Mutual Fund,Index / ETF,Other Scheme - Other  ETFs,12.6078,29-06-2026,461,-6.7,12.56,14.14,31.99,,,,,5.75,0.66,23.17,100.0,67.7,Watch,watch,2026-06-30 16:31:48
152720,Mirae Asset Nifty200 Alpha 30 ETF Fund of Fund - Regular Plan - Growth,INF769K01LR1,Mirae Asset Mutual Fund,Index / ETF,Other Scheme - FoF Domestic,9.079,30-06-2026,473,2.83,15.72,4.5,0.03,,,,,4.87,-0.48,30.29,100.0,26.5,Avoid,avoid,2026-07-01 16:07:45
152764,GROWW NIFTY EV & NEW AGE AUTOMOTIVE ETF,INF666M01IH2,Groww Mutual Fund,Index / ETF,Other Scheme - Other  ETFs,31.0879,29-06-2026,465,1.44,18.16,-0.28,5.76,,,,,5.07,-0.4,30.96,100.0,28.1,Avoid,avoid,2026-06-30 16:31:49
152732,ADITYA BIRLA SUN LIFE CRISIL BROAD BASED GILT ETF,INF209KC1134,Aditya Birla Sun Life Mutual Fund,Debt,Other Scheme - Other  ETFs,114.296,30-06-2026,479,2.27,3.66,2.52,3.95,,,,,1.1,0.05,2.44,100.0,42.7,Avoid,avoid,2026-07-01 16:07:45
152715,Mirae Asset Nifty EV and New Age Automotive ETF,INF769K01LQ3,Mirae Asset Mutual Fund,Index / ETF,Other Scheme - Other  ETFs,31.1965,29-06-2026,485,1.46,18.2,-0.27,5.91,,,,,5.08,-0.39,30.92,100.0,28.3,Avoid,avoid,2026-06-30 16:31:15
152725,SBI Silver ETF,INF200KB1217,SBI Mutual Fund,Gold,Other Scheme - Other  ETFs,218.9042,30-06-2026,490,-14.34,-5.97,-2.0,107.24,,,,,17.77,1.02,44.3,100.0,69.9,Watch,watch,2026-07-01 16:07:45
152748,ICICI Prudential Nifty Oil & Gas ETF,INF109KC18W3,ICICI Prudential Mutual Fund,Index / ETF,Other Scheme - Other  ETFs,11.1778,29-06-2026,479,-1.54,2.16,-7.37,-6.04,,,,,4.59,-0.78,29.09,0.0,8.6,Avoid,avoid,2026-06-30 16:31:38
152733,SBI Silver ETF Fund of Fund- Regular Plan - Growth,INF200KB1266,SBI Mutual Fund,Gold,Other Scheme - FoF Domestic,23.9959,02-07-2026,484,-12.32,0.01,-2.28,107.72,,,,,12.33,1.56,45.04,100.0,77.7,Strong Pick,strong,2026-07-03 15:34:50
152683,Baroda BNP Paribas Nifty Bank ETF,INF251K01TL6,Baroda BNP Paribas Mutual Fund,Index / ETF,Other Scheme - Other  ETFs,58.1913,29-06-2026,498,6.7,15.21,-2.13,1.3,5.56,,,,5.22,0.02,18.28,100.0,35.2,Avoid,avoid,2026-06-30 16:31:02
152667,Zerodha Nifty 100 ETF,INF0R8F01067,Zerodha Mutual Fund,Index / ETF,Other Scheme - Other  ETFs,10.4681,29-06-2026,502,1.77,9.65,-5.17,-3.49,0.95,,,,3.68,-0.47,17.23,50.0,20.9,Avoid,avoid,2026-06-30 16:30:51
152668,Zerodha Nifty Midcap 150 ETF,INF0R8F01059,Zerodha Mutual Fund,Index / ETF,Other Scheme - Other  ETFs,11.388,29-06-2026,502,0.6,17.06,3.43,4.28,5.39,,,,4.2,-0.08,20.81,100.0,34.5,Avoid,avoid,2026-06-30 16:30:51
152749,SBI Nifty50 Equal Weight ETF,INF200KB1282,SBI Mutual Fund,Index / ETF,Other Scheme - Other  ETFs,32.8753,29-06-2026,486,0.33,10.07,-1.41,1.95,,,,,3.57,-0.26,17.98,100.0,33.1,Avoid,avoid,2026-06-30 16:31:49
152638,Bajaj Finserv Nifty 1D Rate Liquid ETF,INF0QA701854,Bajaj Finserv Mutual Fund,Debt,Other Scheme - Other  ETFs,1087.9138,29-06-2026,625,0.38,1.17,2.35,4.92,4.3,,,,0.02,-4.06,0,100.0,36.3,Avoid,avoid,2026-06-30 16:30:38
152741,Shriram Nifty 1D Rate Liquid ETF - Growth,INF680P01422,Shriram Mutual Fund,Debt,Other Scheme - Other  ETFs,1110.8683,30-06-2026,615,0.37,1.14,2.3,4.84,,,,,0.02,-7.23,0,100.0,36.3,Avoid,avoid,2026-07-01 16:08:13
152812,DSP Nifty Top 10 Equal Weight ETF,INF740KA1UR9,DSP Mutual Fund,Index / ETF,Other Scheme - Other  ETFs,87.6556,29-06-2026,446,1.68,5.36,-13.37,-12.56,,,,,3.88,-0.83,18.82,0.0,10.9,Avoid,avoid,2026-06-30 16:32:19
152927,Groww Nifty India Defence ETF FOF - Regular - Growth,INF666M01IT7,Groww Mutual Fund,Index / ETF,Other Scheme - FoF Domestic,14.0457,30-06-2026,419,7.18,25.33,23.82,6.92,,,,,7.35,0.68,27.04,100.0,42.8,Avoid,avoid,2026-07-01 16:08:36
152845,Groww Nifty India Defence ETF,INF666M01IO8,Groww Mutual Fund,Index / ETF,Other Scheme - Other  ETFs,95.0375,30-06-2026,424,6.6,25.13,22.94,6.83,,,,,7.51,0.68,26.85,100.0,42.6,Avoid,avoid,2026-07-01 16:08:12
152802,Aditya Birla Sun Life Crisil 10 Year Gilt ETF,INF209KC1142,Aditya Birla Sun Life Mutual Fund,Debt,Other Scheme - Other  ETFs,112.4413,29-06-2026,451,2.17,3.41,2.0,2.98,,,,,0.97,-0.13,2.77,100.0,40.2,Avoid,avoid,2026-06-30 16:32:18
152957,Groww Gold ETF,INF666M01OE7,Groww Mutual Fund,Gold,Other Scheme - Gold ETF,13.7346,30-06-2026,415,-8.88,-6.15,-89.43,-85.68,,,,,27.08,-0.32,92.21,0.0,2.6,Avoid,avoid,2026-07-01 16:08:39
152924,Mirae Asset Nifty Metal ETF,INF769K01LY7,Mirae Asset Mutual Fund,Index / ETF,Other Scheme - Other  ETFs,12.6268,30-06-2026,428,-7.11,9.93,12.59,31.7,,,,,6.28,0.46,22.29,100.0,64.1,Watch,watch,2026-07-01 16:08:39
152874,Motilal Oswal Nifty 500 Momentum 50 ETF,INF247L01DK8,Motilal Oswal Mutual Fund,Index / ETF,Other Scheme - Other  ETFs,52.9976,02-07-2026,433,2.54,14.12,0.49,-1.94,,,,,4.62,-0.66,31.81,0.0,8.1,Avoid,avoid,2026-07-03 15:34:53
152929,Mirae Asset Nifty PSU Bank ETF,INF769K01LZ4,Mirae Asset Mutual Fund,Index / ETF,Other Scheme - Other  ETFs,85.7078,30-06-2026,429,6.07,4.6,0.1,17.73,,,,,7.79,0.46,21.33,100.0,49.8,Avoid,avoid,2026-07-01 16:08:39
152932,ICICI Prudential Nifty200 Value 30 ETF,INF109KC16X5,ICICI Prudential Mutual Fund,Index / ETF,Other Scheme - Other  ETFs,15.4027,30-06-2026,418,-1.59,5.56,3.18,14.8,,,,,5.66,0.29,19.55,100.0,47.4,Avoid,avoid,2026-07-01 16:08:39
152857,Edelweiss Nifty Bank ETF - Growth,INF754K01TE4,Edelweiss Mutual Fund,Index / ETF,Other Scheme - Other  ETFs,58.0304,30-06-2026,444,7.55,12.27,-3.15,0.68,,,,,5.44,0.14,18.35,100.0,36.7,Avoid,avoid,2026-07-01 16:08:13
152773,Groww Nifty EV & New Age Automotive ETF FOF - Regular Plan - Growth,INF666M01II0,Groww Mutual Fund,Index / ETF,Other Scheme - FoF Domestic,9.4892,29-06-2026,460,2.32,18.79,0.31,5.62,,,,,4.92,-0.52,31.48,100.0,26.6,Avoid,avoid,2026-06-30 16:31:49
152846,Motilal Oswal Nifty India Defence ETF,INF247L01DJ0,Motilal Oswal Mutual Fund,Index / ETF,Other Scheme - Other  ETFs,104.4562,30-06-2026,455,6.61,25.15,22.98,6.89,,,,,7.51,0.53,27.56,100.0,40.4,Avoid,avoid,2026-07-01 16:08:13
152811,Mirae Asset Nifty500 Multicap 50:25:25 ETF,INF769K01LX9,Mirae Asset Mutual Fund,Index / ETF,Other Scheme - Other  ETFs,16.4152,29-06-2026,450,1.92,14.81,-0.14,-0.92,,,,,3.95,-0.41,19.86,0.0,12.0,Avoid,avoid,2026-06-30 16:32:19
152981,Edelweiss Nifty500 Multicap Momentum Quality 50 ETF - Growth,INF754K01TF1,Edelweiss Mutual Fund,Index / ETF,Other Scheme - Other  ETFs,41.6297,30-06-2026,407,-0.85,10.13,0.85,-4.93,,,,,4.47,-0.49,27.63,0.0,9.1,Avoid,avoid,2026-07-01 16:09:04
152891,Groww Nifty 1D Rate Liquid ETF,INF666M01IP5,Groww Mutual Fund,Debt,Other Scheme - Other  ETFs,109.7245,02-07-2026,539,0.37,1.15,2.27,4.8,,,,,0.02,-7.06,0,100.0,36.3,Avoid,avoid,2026-07-03 15:34:53
153357,360 ONE Gold ETF,INF579M01BB5,360 ONE Mutual Fund,Gold,Other Scheme - Gold ETF,137.1712,30-06-2026,317,-8.88,-6.11,5.77,42.93,,,,,8.18,1.25,22.05,100.0,76.7,Strong Pick,strong,2026-07-01 16:10:57
153379,Mirae Asset BSE 200 Equal Weight ETF,INF769K01OA1,Mirae Asset Mutual Fund,Index / ETF,Other Scheme - Other  ETFs,13.5333,30-06-2026,320,1.76,11.99,0.38,2.27,,,,,4.64,0.58,13.58,100.0,44.7,Avoid,avoid,2026-07-01 16:11:18
153382,Mirae Asset BSE 200 Equal Weight ETF Fund of Fund - Regular Plan - Growth,INF769K01OB9,Mirae Asset Mutual Fund,Index / ETF,Other Scheme - FoF Domestic,11.465,30-06-2026,314,1.48,11.15,-0.41,1.31,,,,,4.22,0.43,13.59,100.0,43.0,Avoid,avoid,2026-07-01 16:11:18
153378,ICICI Prudential BSE Liquid Rate ETF - Growth,INF109K1A021,ICICI Prudential Mutual Fund,Debt,Other Scheme - Other  ETFs,1068.6796,30-06-2026,394,0.39,1.21,2.42,5.06,,,,,0.02,-18.1,0,100.0,36.4,Avoid,avoid,2026-07-01 16:11:18
153456,Groww Nifty 500 Momentum 50 ETF FOF - Regular Plan- Growth,INF666M01KC9,Groww Mutual Fund,Index / ETF,Other Scheme - FoF Domestic,10.5992,30-06-2026,290,2.71,11.98,1.45,-3.73,,,,,4.7,0.06,17.56,0.0,18.3,Avoid,avoid,2026-07-01 16:11:57
153486,DSP Silver ETF Fund of Fund - Regular - Growth,INF740KA1VW7,DSP Mutual Fund,Gold,Other Scheme - FoF Domestic,23.0322,30-06-2026,277,-14.75,-5.51,-1.71,103.22,,,,,14.79,1.49,45.46,100.0,76.6,Strong Pick,strong,2026-07-01 16:11:57
153397,ICICI Prudential Nifty EV & New Age Automotive ETF,INF109K1A153,ICICI Prudential Mutual Fund,Index / ETF,Other Scheme - Other  ETFs,31.1545,30-06-2026,301,2.77,14.94,-1.27,6.32,,,,,5.59,0.27,17.88,100.0,39.7,Avoid,avoid,2026-07-01 16:11:18
153452,Groww Nifty 500 Momentum 50 ETF,INF666M01KJ4,Groww Mutual Fund,Index / ETF,Other Scheme - Other  ETFs,10.7747,30-06-2026,293,3.17,14.04,2.2,-2.55,,,,,5.18,0.05,17.27,0.0,17.7,Avoid,avoid,2026-07-01 16:11:51
153396,ICICI Prudential Nifty EV & New Age Automotive ETF FOF - Growth,INF109K1A096,ICICI Prudential Mutual Fund,Index / ETF,Other Scheme - FoF Domestic,11.7218,30-06-2026,294,2.58,14.18,-1.38,5.62,,,,,5.36,0.24,19.76,100.0,38.6,Avoid,avoid,2026-07-01 16:11:18
153415,360 ONE Silver ETF,INF579M01BC3,360 ONE Mutual Fund,Gold,Other Scheme - Other  ETFs,219.7863,30-06-2026,304,-14.33,-5.94,-1.53,106.81,,,,,17.75,1.47,44.22,100.0,76.5,Strong Pick,strong,2026-07-01 16:11:36
153398,Kotak Nifty Midcap 150 ETF,INF174KA1VW2,Kotak Mahindra Mutual Fund,Index / ETF,Other Scheme - Other  ETFs,23.117,30-06-2026,308,2.35,14.73,2.47,4.24,,,,,4.73,0.79,13.93,100.0,47.6,Avoid,avoid,2026-07-01 16:11:28
153413,Zerodha Silver ETF,INF0R8F01091,Zerodha Mutual Fund,Gold,Other Scheme - Other  ETFs,22.6517,30-06-2026,309,-14.54,-6.18,-2.24,106.94,,,,,13.38,1.81,44.54,100.0,81.4,Strong Pick,strong,2026-07-01 16:11:36
153387,Mirae Asset BSE Select IPO ETF Fund of Fund - Regular Plan - Growth,INF769K01OH6,Mirae Asset Mutual Fund,Index / ETF,Other Scheme - FoF Domestic,11.051,30-06-2026,314,5.41,15.84,-1.64,-8.61,,,,,4.97,0.2,24.46,0.0,19.0,Avoid,avoid,2026-07-01 16:11:17
153406,Motilal Oswal Nifty Capital Market ETF,INF247L01EV3,Motilal Oswal Mutual Fund,Index / ETF,Other Scheme - Other  ETFs,54.6766,30-06-2026,318,1.5,22.49,17.1,15.55,,,,,6.32,1.36,14.12,100.0,63.7,Watch,watch,2026-07-01 16:11:36
153435,SBI BSE PSU BANK ETF,INF200KB1712,SBI Mutual Fund,Index / ETF,Other Scheme - Other  ETFs,49.3074,30-06-2026,315,5.96,4.85,-0.7,16.52,,,,,7.82,0.92,20.51,100.0,55.5,Watch,watch,2026-07-01 16:11:36
153384,Mirae Asset BSE Select IPO ETF,INF769K01ON4,Mirae Asset Mutual Fund,Index / ETF,Other Scheme - Other  ETFs,45.1431,30-06-2026,320,5.42,16.12,-2.22,-8.37,,,,,5.19,0.26,24.61,0.0,19.6,Avoid,avoid,2026-07-01 16:11:18
153414,Axis Nifty500 Value 50 ETF,INF846KA1119,Axis Mutual Fund,Index / ETF,Other Scheme - Other  ETFs,32.9486,30-06-2026,319,-2.3,6.01,4.31,13.4,,,,,5.19,0.99,12.42,100.0,57.9,Watch,watch,2026-07-01 16:11:36
153451,ANGEL ONE NIFTY 1D RATE LIQUID ETF - GROWTH,INF1J2R01056,Angel One Mutual Fund,Debt,Other Scheme - Other  ETFs,1066.0354,30-06-2026,383,0.39,1.2,2.42,5.06,,,,,0.02,-18.56,0,100.0,36.4,Avoid,avoid,2026-07-01 16:11:57
153403,HDFC NIFTY 1D RATE LIQUID ETF GROWTH,INF179KC1JG3,HDFC Mutual Fund,Debt,Other Scheme - Other  ETFs,1067.17,30-06-2026,404,0.4,1.2,2.38,4.88,,,,,0.02,-17.46,0,100.0,36.3,Avoid,avoid,2026-07-01 16:11:36
153519,Mirae Asset Nifty 50 Equal Weight ETF,INF769K01OO2,Mirae Asset Mutual Fund,Index / ETF,Other Scheme - Other  ETFs,326.1433,30-06-2026,281,0.94,7.92,-2.72,1.59,,,,,3.93,-0.13,12.43,100.0,35.4,Avoid,avoid,2026-07-01 16:12:08
153524,Groww Silver ETF,INF666M01OF4,Groww Mutual Fund,Gold,Other Scheme - Other  ETFs,21.9047,30-06-2026,273,-14.36,-6.03,-90.21,-79.4,,,,,32.35,0.07,94.43,0.0,8.3,Avoid,avoid,2026-07-01 16:12:08
153527,Groww Silver ETF FOF - Regular - Growth,INF666M01KX5,Groww Mutual Fund,Gold,Other Scheme - FoF Domestic,21.5777,30-06-2026,270,-14.34,-4.95,-0.23,98.62,,,,,15.16,1.41,43.65,100.0,75.7,Strong Pick,strong,2026-07-01 16:12:07
153543,Unifi Flexi Cap Fund - Direct Growth,INF1MIY01031,Unifi Mutual Fund,Multi Cap,Equity Scheme - Flexi Cap Fund,10.4766,30-06-2026,260,3.88,12.39,0.67,1.72,,,,,3.64,-0.28,13.18,100.0,33.4,Avoid,avoid,2026-07-01 16:12:08
153552,Baroda BNP Paribas Multi Asset Active FOF Direct Growth,INF251K01UO8,Baroda BNP Paribas Mutual Fund,Hybrid,Other Scheme - FoF Domestic,11.2301,30-06-2026,261,-0.62,2.41,2.13,11.34,,,,,2.16,0.53,8.31,100.0,53.4,Avoid,avoid,2026-07-01 16:12:17
153531,ANGEL ONE NIFTY 50 ETF,INF1J2R01064,Angel One Mutual Fund,Index / ETF,Other Scheme - Other  ETFs,9.837,30-06-2026,269,2.37,5.73,-8.11,-5.56,,,,,3.8,-0.69,15.07,0.0,11.6,Avoid,avoid,2026-07-01 16:12:08
153546,ICICI Prudential Nifty200 Quality 30 Index Fund - Direct Plan - Growth,INF109K1A252,ICICI Prudential Mutual Fund,Index / ETF,Other Scheme - Index Funds,9.4937,30-06-2026,259,-1.99,5.28,-8.08,-5.6,,,,,3.67,-0.95,15.77,0.0,11.6,Avoid,avoid,2026-07-01 16:12:08
153569,Nippon India BSE Sensex Next 30 ETF,INF204KC1EZ3,Nippon India Mutual Fund,Index / ETF,Other Scheme - Other  ETFs,41.6722,30-06-2026,258,-0.58,10.29,2.25,5.62,,,,,4.55,0.05,11.42,100.0,38.0,Avoid,avoid,2026-07-01 16:12:18
153555,SBI Nifty200 Quality 30 Index Fund-Direct Plan- Growth,INF200KB1811,SBI Mutual Fund,Index / ETF,Other Scheme - Index Funds,9.6421,30-06-2026,264,-1.98,5.32,-8.06,-5.57,,,,,3.67,-0.95,15.81,0.0,11.6,Avoid,avoid,2026-07-01 16:12:16
153535,MOTILAL OSWAL NIFTY NEXT 50 ETF,INF247L01FD8,Motilal Oswal Mutual Fund,Index / ETF,Other Scheme - Other  ETFs,71.4097,30-06-2026,279,2.59,15.85,3.64,4.59,,,,,5.25,0.02,14.42,100.0,35.8,Avoid,avoid,2026-07-01 16:12:08
153532,MOTILAL OSWAL NIFTY 50 EQUAL WEIGHT ETF,INF247L01FC0,Motilal Oswal Mutual Fund,Index / ETF,Other Scheme - Other  ETFs,32.7209,30-06-2026,284,0.89,8.21,-2.48,1.8,,,,,3.93,0.09,12.44,100.0,38.6,Avoid,avoid,2026-07-01 16:12:08
153572,Motilal Oswal Nifty India Manufacturing ETF,INF247L01FK3,Motilal Oswal Mutual Fund,Index / ETF,Other Scheme - Other  ETFs,158.15,30-06-2026,269,1.1,11.39,3.12,9.33,,,,,4.79,0.29,12.11,100.0,44.5,Avoid,avoid,2026-07-01 16:12:18
153564,Motilal Oswal BSE India Infrastructure ETF,INF247L01FL1,Motilal Oswal Mutual Fund,Index / ETF,Other Scheme - Other  ETFs,62.6567,30-06-2026,274,0.97,10.34,5.0,2.45,,,,,5.33,-0.14,12.32,100.0,33.7,Avoid,avoid,2026-07-01 16:12:18
153583,Groww Nifty 500 Low Volatility 50 ETF,INF666M01LB9,Groww Mutual Fund,Index / ETF,Other Scheme - Other  ETFs,10.1416,30-06-2026,256,0.09,4.7,-5.47,-0.82,,,,,3.93,-0.46,12.1,0.0,12.5,Avoid,avoid,2026-07-01 16:12:18
153608,Motilal Oswal Nifty PSE ETF,INF247L01FO5,Motilal Oswal Mutual Fund,Index / ETF,Other Scheme - Other  ETFs,101.2521,30-06-2026,263,-1.73,2.74,1.77,0.38,,,,,5.06,-0.22,9.18,100.0,33.3,Avoid,avoid,2026-07-01 16:12:39
153617,ICICI Prudential Nifty Top 15 Equal Weight ETF,INF109K1A344,ICICI Prudential Mutual Fund,Index / ETF,Other Scheme - Other  ETFs,9.7517,30-06-2026,247,3.09,4.53,-12.1,-6.4,,,,,4.2,-0.82,17.66,0.0,10.7,Avoid,avoid,2026-07-01 16:12:38
153794,Baroda BNP Paribas Gold ETF Fund of Funds Regular Growth,INF251K01VE7,Baroda BNP Paribas Mutual Fund,Gold,Other Scheme - FoF Domestic,13.9271,30-06-2026,207,-9.02,-6.27,3.93,,,,,,9.12,,26.0,,,N/A,neutral,2026-07-01 16:13:28
153785,Groww Nifty Next 50 ETF,INF666M01LZ8,Groww Mutual Fund,Index / ETF,Other Scheme - Other  ETFs,71.8129,30-06-2026,207,2.5,15.73,3.57,,,,,,5.65,,14.37,,,N/A,neutral,2026-07-01 16:13:28
153748,Groww BSE Power ETF FOF Regular Growth,INF666M01LQ7,Groww Mutual Fund,Index / ETF,Other Scheme - FoF Domestic,12.3518,30-06-2026,216,-0.23,18.33,24.96,,,,,,7.12,,15.58,,,N/A,neutral,2026-07-01 16:13:04
153780,Motilal Oswal Gold ETF,INF247L01FY4,Motilal Oswal Mutual Fund,Gold,Other Scheme - Gold ETF,139.0088,30-06-2026,223,-8.89,-6.14,5.74,,,,,,8.57,,22.06,,,N/A,neutral,2026-07-01 16:13:28
153744,Groww BSE Power ETF,INF666M01LM6,Groww Mutual Fund,Index / ETF,Other Scheme - Other  ETFs,12.1876,30-06-2026,219,-0.53,19.61,24.82,,,,,,7.72,,13.69,,,N/A,neutral,2026-07-01 16:13:03
153699,Groww Nifty 50 ETF,INF666M01LL8,Groww Mutual Fund,Index / ETF,Other Scheme - Other  ETFs,9.627,30-06-2026,231,2.36,5.68,-8.15,,,,,,3.87,,15.06,,,N/A,neutral,2026-07-01 16:12:56
153657,Kotak Nifty200 Quality 30 ETF,INF174KA1WT6,Kotak Mahindra Mutual Fund,Index / ETF,Other Scheme - Other  ETFs,19.843,30-06-2026,233,-1.96,5.36,-7.96,,,,,,3.65,,15.75,,,N/A,neutral,2026-07-01 16:12:45
153724,Motilal Oswal Nifty Alpha 50 ETF,INF247L01FR8,Motilal Oswal Mutual Fund,Index / ETF,Other Scheme - Other  ETFs,53.3645,30-06-2026,238,3.7,17.18,6.43,,,,,,5.64,,16.76,,,N/A,neutral,2026-07-01 16:13:03
153625,Groww Nifty India Internet ETF,INF666M01LI4,Groww Mutual Fund,Index / ETF,Other Scheme - Other  ETFs,9.3163,30-06-2026,244,4.78,13.37,-10.32,,,,,,5.45,-0.59,28.33,,14.1,Avoid,avoid,2026-07-01 16:12:35
153642,Mirae Asset Nifty India Internet ETF,INF769K01PB6,Mirae Asset Mutual Fund,Index / ETF,Other Scheme - Other  ETFs,12.5805,30-06-2026,244,4.8,13.42,-10.24,,,,,,5.46,-0.58,28.28,,14.1,Avoid,avoid,2026-07-01 16:12:38
153694,Motilal Oswal Nifty Midcap150 Momentum 50 ETF,INF247L01FQ0,Motilal Oswal Mutual Fund,Index / ETF,Other Scheme - Other  ETFs,63.9943,30-06-2026,243,1.37,13.19,2.04,,,,,,4.69,-0.35,14.67,,23.5,Avoid,avoid,2026-07-01 16:12:46
153633,Groww Nifty India Internet ETF FOF - Regular - Growth,INF666M01LF0,Groww Mutual Fund,Index / ETF,Other Scheme - FoF Domestic,9.1916,30-06-2026,241,3.72,11.97,-11.29,,,,,,5.33,-0.69,28.78,,14.2,Avoid,avoid,2026-07-01 16:12:37
153618,Motilal Oswal Nifty India Tourism ETF,INF247L01FP2,Motilal Oswal Mutual Fund,Index / ETF,Other Scheme - Other  ETFs,79.6727,30-06-2026,258,11.23,17.91,-6.93,-14.35,,,,,6.09,-0.91,31.23,0.0,6.5,Avoid,avoid,2026-07-01 16:12:38
153725,Nippon India Nifty 1D Rate Liquid ETF-Growth,INF204KC1FU1,Nippon India Mutual Fund,Debt,Other Scheme - Other  ETFs,1045.5687,30-06-2026,286,0.37,1.14,2.29,,,,,,0.02,,0.44,,,N/A,neutral,2026-07-01 16:13:04
153796,SBI Nifty 1D Rate Liquid ETF - Growth,INF200KB1969,SBI Mutual Fund,Debt,Other Scheme - Other  ETFs,1045.2776,30-06-2026,290,0.39,1.19,2.41,,,,,,0.02,,0,,,N/A,neutral,2026-07-01 16:13:28
153810,Nippon India Nifty India Manufacturing ETF,INF204KC1GH6,Nippon India Mutual Fund,Index / ETF,Other Scheme - Other  ETFs,159.1158,30-06-2026,205,1.19,11.56,3.31,,,,,,5.11,,12.15,,,N/A,neutral,2026-07-01 16:13:48
153811,Zerodha Nifty 8-13 Yr G-Sec ETF,INF0R8F01133,Zerodha Mutual Fund,Index / ETF,Other Scheme - Other  ETFs,30.4387,30-06-2026,210,2.24,3.45,2.5,,,,,,1.08,,2.67,,,N/A,neutral,2026-07-01 16:13:48
153820,Motilal Oswal Silver ETF,INF247L01FZ1,Motilal Oswal Mutual Fund,Gold,Other Scheme - Other  ETFs,220.9238,30-06-2026,213,-14.27,-5.97,-2.0,,,,,,19.34,,44.2,,,N/A,neutral,2026-07-01 16:13:49
153826,ANGEL ONE GOLD ETF,INF1J2R01114,Angel One Mutual Fund,Gold,Other Scheme - Gold ETF,13.1262,30-06-2026,196,-8.88,-6.1,5.87,,,,,,7.64,,22.02,,,N/A,neutral,2026-07-01 16:13:49
153899,Groww Nifty Realty ETF,INF666M01MN2,Groww Mutual Fund,Index / ETF,Other Scheme - Other  ETFs,9.2737,30-06-2026,178,7.94,24.58,-5.66,,,,,,10.2,,32.82,,,N/A,neutral,2026-07-01 16:14:16
153929,Bandhan Silver ETF,INF194KB1KI9,Bandhan Mutual Fund,Gold,Other Scheme - Other  ETFs,224.0686,30-06-2026,136,-14.11,-5.88,-1.71,,,,,,21.48,,44.01,,,N/A,neutral,2026-07-01 16:14:16
153918,Groww Nifty Capital Markets ETF FOF Regular Growth,INF666M01MJ0,Groww Mutual Fund,Index / ETF,Other Scheme - FoF Domestic,11.6436,30-06-2026,137,1.31,21.49,16.88,,,,,,6.97,,13.82,,,N/A,neutral,2026-07-01 16:14:15
153930,Bandhan Gold ETF,INF194KB1KJ7,Bandhan Mutual Fund,Gold,Other Scheme - Gold ETF,140.4053,30-06-2026,136,-8.84,-6.08,5.85,,,,,,10.98,,22.02,,,N/A,neutral,2026-07-01 16:14:16
153907,Groww Nifty Capital Markets ETF,INF666M01MM4,Groww Mutual Fund,Index / ETF,Other Scheme - Other  ETFs,11.4751,30-06-2026,141,1.51,22.48,17.07,,,,,,7.09,,14.09,,,N/A,neutral,2026-07-01 16:14:13
153923,Groww Nifty Smallcap250 ETF,INF666M01MO0,Groww Mutual Fund,Index / ETF,Other Scheme - Other  ETFs,10.2156,30-06-2026,165,5.13,20.13,6.27,,,,,,6.41,,18.26,,,N/A,neutral,2026-07-01 16:14:16
153905,Zerodha Nifty 50 ETF,INF0R8F01166,Zerodha Mutual Fund,Index / ETF,Other Scheme - Other  ETFs,9.5587,30-06-2026,170,2.41,5.8,-8.0,,,,,,4.29,,15.03,,,N/A,neutral,2026-07-01 16:14:16
153928,Motilal Oswal Nifty 100 ETF,INF247L01GG9,Motilal Oswal Mutual Fund,Index / ETF,Other Scheme - Other  ETFs,25.0382,30-06-2026,172,2.34,7.35,-6.37,,,,,,4.57,,15.01,,,N/A,neutral,2026-07-01 16:14:16
153931,Motilal Oswal Nifty Energy ETF,INF247L01GH7,Motilal Oswal Mutual Fund,Index / ETF,Other Scheme - Other  ETFs,39.8572,01-07-2026,173,-1.02,12.58,12.19,,,,,,5.97,,9.23,,,N/A,neutral,2026-07-02 15:42:57
153904,Kotak Nifty 200 Momentum 30 ETF,INF174KA1XS6,Kotak Mahindra Mutual Fund,Index / ETF,Other Scheme - Other  ETFs,30.855,30-06-2026,172,2.87,11.23,-0.77,,,,,,5.87,,16.04,,,N/A,neutral,2026-07-01 16:14:16
153874,DSP Nifty500 Flexicap Quality 30 ETF,INF740KA1WU9,DSP Mutual Fund,Index / ETF,Other Scheme - Other  ETFs,9.6027,01-07-2026,177,-2.2,4.35,-9.37,,,,,,3.75,,17.95,,,N/A,neutral,2026-07-02 15:42:54
153837,Zerodha Nifty Smallcap 100 ETF,INF0R8F01141,Zerodha Mutual Fund,Index / ETF,Other Scheme - Other  ETFs,10.7359,01-07-2026,195,4.95,21.22,7.49,,,,,,6.14,,18.07,,,N/A,neutral,2026-07-02 15:42:54
153828,ANGEL ONE GOLD ETF FOF - REGULAR GROWTH,INF1J2R01106,Angel One Mutual Fund,Gold,Other Scheme - FoF Domestic,12.7031,30-06-2026,193,-8.95,-5.77,5.3,,,,,,8.61,,24.51,,,N/A,neutral,2026-07-01 16:13:49
153841,Edelweiss Nifty LargeMidcap 250 ETF - Growth,INF754K01VV4,Edelweiss Mutual Fund,Index / ETF,Other Scheme - Other  ETFs,16.4712,01-07-2026,201,2.41,11.36,-2.23,,,,,,4.12,,14.55,,,N/A,neutral,2026-07-02 15:42:52
153920,Edelweiss Nifty 1D Rate Liquid ETF - Growth,INF754K01VW2,Edelweiss Mutual Fund,Debt,Other Scheme - Other  ETFs,1037.2185,30-06-2026,235,0.4,1.22,2.44,,,,,,0.01,,0,,,N/A,neutral,2026-07-01 16:14:16
154207,ANGEL ONE SILVER ETF FOF -REGULAR GROWTH,INF1J2R01163,Angel One Mutual Fund,Gold,Other Scheme - FoF Domestic,7.6959,30-06-2026,77,-14.6,-4.95,,,,,,,10.49,,22.93,,,N/A,neutral,2026-07-01 16:15:16
154205,ANGEL ONE SILVER ETF,INF1J2R01171,Angel One Mutual Fund,Gold,Other Scheme - Other  ETFs,8.5422,30-06-2026,80,-14.19,-5.96,,,,,,,12.71,,26.81,,,N/A,neutral,2026-07-01 16:15:16
154218,Mirae Asset Nifty Metal ETF FOF - Regular Plan - Growth,INF769K01QJ7,Mirae Asset Mutual Fund,Index / ETF,Other Scheme - FoF Domestic,10.071,30-06-2026,81,-7.25,9.68,,,,,,,7.98,,11.52,,,N/A,neutral,2026-07-01 16:15:19
154209,Edelweiss Gold ETF Fund of Fund Regular Plan Growth Option,INF754K01WQ2,Edelweiss Mutual Fund,Gold,Other Scheme - FoF Domestic,8.6851,30-06-2026,77,-9.05,-6.05,,,,,,,5.42,,15.98,,,N/A,neutral,2026-07-01 16:15:16
154199,Groww BSE Hospitals ETF,INF666M01OD9,Groww Mutual Fund,Index / ETF,Other Scheme - Other  ETFs,53.5549,30-06-2026,79,8.58,19.94,,,,,,,2.66,,9.33,,,N/A,neutral,2026-07-01 16:15:16
154220,Aditya Birla Sun Life MSCI India ETF,INF209KC1662,Aditya Birla Sun Life Mutual Fund,Index / ETF,Other Scheme - Other  ETFs,29.1284,30-06-2026,86,2.17,8.06,,,,,,,5.76,,12.46,,,N/A,neutral,2026-07-01 16:15:17
154326,Axis Nifty India Defence Index Fund - Direct Plan - Growth,INF846KA1523,Axis Mutual Fund,Index / ETF,Other Scheme - Index Funds,10.5479,30-06-2026,39,6.63,,,,,,,,,,6.55,,,N/A,neutral,2026-07-01 16:15:32
154320,Groww Arbitrage Fund Direct Growth,INF666M01ON8,Groww Mutual Fund,Hybrid,Hybrid Scheme - Arbitrage Fund,10.0972,30-06-2026,42,0.52,,,,,,,,,,1.36,,,N/A,neutral,2026-07-01 16:15:33
154237,SBI Nifty Midcap 150 Momentum 50 ETF,INF200KB1AJ0,SBI Mutual Fund,Index / ETF,Other Scheme - Other  ETFs,63.1451,30-06-2026,79,1.43,13.29,,,,,,,3.99,,9.9,,,N/A,neutral,2026-07-01 16:15:19
154321,Zerodha Nifty LargeMidcap250 Plus 8-13 Yr G-Sec 70:30 Index Fund - Direct Plan - Growth Option,INF0R8F01208,Zerodha Mutual Fund,Index / ETF,Other Scheme - Index Funds,10.1408,30-06-2026,47,2.32,,,,,,,,,,3.09,,,N/A,neutral,2026-07-01 16:15:33
154322,Motilal Oswal BSE Top 10 Banks ETF,INF247L01GV8,Motilal Oswal Mutual Fund,Index / ETF,Other Scheme - Other  ETFs,17.2233,30-06-2026,54,8.54,,,,,,,,,,7.47,,,N/A,neutral,2026-07-01 16:15:33
154298,HSBC Gold ETF Fund of fund - Regular Growth,INF336L01RY0,HSBC Mutual Fund,Gold,Other Scheme - FoF Domestic,9.6147,30-06-2026,57,-8.67,,,,,,,,,,12.03,,,N/A,neutral,2026-07-01 16:15:21
154305,SBI Nifty Midcap 150 ETF,INF200KB1AK8,SBI Mutual Fund,Index / ETF,Other Scheme - Other  ETFs,22.7987,30-06-2026,60,2.34,,,,,,,,4.41,,4.99,,,N/A,neutral,2026-07-01 16:15:21
154294,HSBC Gold ETF,INF336L01RX2,HSBC Mutual Fund,Gold,Other Scheme - Gold ETF,122.3222,30-06-2026,63,-8.85,-6.12,,,,,,,5.52,,12.58,,,N/A,neutral,2026-07-01 16:15:21
154281,Mirae Asset Silver ETF FOF - Regular Plan - Growth,INF769K01QP4,Mirae Asset Mutual Fund,Gold,Other Scheme - FoF Domestic,9.901,30-06-2026,64,-14.74,-6.0,,,,,,,10.32,,23.76,,,N/A,neutral,2026-07-01 16:15:20
154277,Groww Nifty PSU Bank ETF,INF666M01OG2,Groww Mutual Fund,Index / ETF,Other Scheme - Other  ETFs,85.252,30-06-2026,64,6.01,4.49,,,,,,,4.86,,12.2,,,N/A,neutral,2026-07-01 16:15:20
154299,Mirae Asset Nifty 500 Value 50 ETF,INF769K01QV2,Mirae Asset Mutual Fund,Index / ETF,Other Scheme - Other  ETFs,16.1839,30-06-2026,66,-2.34,5.98,,,,,,,4.95,,4.98,,,N/A,neutral,2026-07-01 16:15:21
154331,SBI CRISIL - IBX Financial Services 3-6 Months Debt Index Fund - Direct Plan - Growth,INF200KB1AO0,SBI Mutual Fund,Debt,Other Scheme - Index Funds,10.1344,30-06-2026,45,0.79,,,,,,,,,,0.01,,,N/A,neutral,2026-07-01 16:15:33
154256,DSP BSE Top 10 Banks ETF,INF740KA1YH2,DSP Mutual Fund,Index / ETF,Other Scheme - Other  ETFs,17.219,30-06-2026,77,8.53,11.99,,,,,,,4.73,,12.47,,,N/A,neutral,2026-07-01 16:15:19
154223,Groww BSE Hospitals ETF FOF Regular Growth,INF666M01OA5,Groww Mutual Fund,Index / ETF,Other Scheme - FoF Domestic,11.1798,30-06-2026,76,8.4,18.77,,,,,,,2.66,,7.8,,,N/A,neutral,2026-07-01 16:15:19
154224,Aditya Birla Sun Life BSE Top 10 Banks ETF,INF209KC1670,Aditya Birla Sun Life Mutual Fund,Index / ETF,Other Scheme - Other  ETFs,172.114,30-06-2026,79,8.55,12.01,,,,,,,4.74,,14.67,,,N/A,neutral,2026-07-01 16:15:19
154334,SBI CRISIL - IBX Financial Services 9-12 Months Debt Index Fund - Direct Plan - Growth,INF200KB1AU7,SBI Mutual Fund,Debt,Other Scheme - Index Funds,10.1293,30-06-2026,45,1.13,,,,,,,,,,0.25,,,N/A,neutral,2026-07-01 16:15:33
123004,ICICI Prudential Nifty 100 ETF,INF109KC16V9,ICICI Prudential Mutual Fund,Index / ETF,Other Scheme - Other  ETFs,27.8337,29-06-2026,1969,1.69,9.48,-5.4,-3.9,0.53,-48.94,-36.71,-30.54,3.67,-0.54,90.39,60.0,8.7,Avoid,avoid,2026-06-30 16:08:47
139367,Edelweiss ETF - Nifty 100 Quality 30,,Edelweiss Mutual Fund,Index / ETF,Other Scheme - Other  ETFs,433.7126,06-10-2021,1324,0.0,0.0,0.0,0.0,0.0,0.0,0.0,2.18,0.0,,32.69,20.0,11.6,Avoid,avoid,2026-06-30 16:09:58
135106,SBI Nifty 50 ETF,INF200KA1FS1,SBI Mutual Fund,Index / ETF,Other Scheme - Other  ETFs,257.2712,29-06-2026,2703,1.99,7.74,-7.14,-5.15,0.96,8.87,12.24,10.05,3.55,0.17,38.41,80.0,25.8,Avoid,avoid,2026-06-30 16:09:49
135853,HDFC NIFTY 50 ETF - Growth Plan,INF179KC1965,HDFC Mutual Fund,Index / ETF,Other Scheme - Other  ETFs,269.2829,29-06-2026,2602,1.99,7.73,-7.15,-5.15,0.96,8.87,12.24,10.05,3.55,0.17,90.65,80.0,24.0,Avoid,avoid,2026-06-30 16:09:49
135607,LIC MF Nifty 50 ETF,INF767K01OS7,LIC Mutual Fund,Index / ETF,Other Scheme - Other  ETFs,268.0725,29-06-2026,2611,1.98,7.68,-7.18,-5.19,0.93,8.78,12.18,10.0,3.54,0.17,38.33,80.0,25.6,Avoid,avoid,2026-06-30 16:09:49
139430,SBI Nifty 10 yr Benchmark G-Sec ETF,INF200KA1JT1,SBI Mutual Fund,Index / ETF,Other Scheme - Other  ETFs,264.4318,29-06-2026,2437,2.12,3.29,1.88,2.62,6.79,6.96,7.44,5.1,0.94,0.05,6.33,80.0,24.2,Avoid,avoid,2026-06-30 16:10:07
139455,ICICI Prudential Nifty50 Value 20 ETF,INF109KC11V0,ICICI Prudential Mutual Fund,Index / ETF,Other Scheme - Other  ETFs,13.6971,29-06-2026,1968,-0.31,3.41,-9.09,-6.8,-2.95,-49.78,-37.21,-30.57,3.24,-0.56,90.45,60.0,9.0,Avoid,avoid,2026-06-30 16:10:07
135672,LIC MF BSE Sensex ETF,INF767K01OT5,LIC Mutual Fund,Index / ETF,Other Scheme - Other  ETFs,865.1102,29-06-2026,2606,2.92,7.16,-8.9,-7.36,-0.49,6.95,10.94,9.13,3.62,0.02,37.92,80.0,20.8,Avoid,avoid,2026-06-30 16:09:49
135854,HDFC BSE Sensex ETF - Growth Plan,INF179KC1HX2,HDFC Mutual Fund,Index / ETF,Other Scheme - Other  ETFs,86.8737,29-06-2026,2602,2.91,7.16,-8.89,-7.31,-0.43,-50.32,-37.59,-31.1,3.62,-0.55,98.59,60.0,8.7,Avoid,avoid,2026-06-30 16:09:49
135321,UTI BSE Sensex ETF,INF789FB1X58,UTI Mutual Fund,Index / ETF,Other Scheme - Other  ETFs,848.4385,29-06-2026,2665,2.91,7.16,-8.89,-7.29,-0.42,7.02,10.99,9.19,3.62,0.03,37.9,80.0,21.0,Avoid,avoid,2026-06-30 16:09:49
136473,LIC MF Nifty 100 ETF,INF767K01PC8,LIC Mutual Fund,Index / ETF,Other Scheme - Other  ETFs,273.2905,29-06-2026,2531,1.79,9.57,-5.26,-3.67,0.76,10.2,12.77,10.32,3.67,0.27,38.01,80.0,28.8,Avoid,avoid,2026-06-30 16:10:05
135320,UTI Nifty 50 ETF,INF789F1AZC0,UTI Mutual Fund,Index / ETF,Other Scheme - Other  ETFs,264.9228,29-06-2026,2665,1.99,7.74,-7.14,-5.12,0.98,-49.46,-36.88,-30.56,3.55,-0.52,90.65,60.0,8.8,Avoid,avoid,2026-06-30 16:09:49
148926,Axis Nifty AAA Bond Plus SDL Apr 2026 50:50 ETF,INF846K01Z04,Axis Mutual Fund,Index / ETF,Other Scheme - Other  ETFs,13.3947,30-04-2026,1207,0.0,0.51,1.9,4.81,6.39,6.64,6.77,5.77,0.18,-0.28,3.07,100.0,23.9,Avoid,avoid,2026-06-30 16:12:16
148929,Mirae Asset NYSE FANG + ETF Fund of Fund Regular Growth,INF769K01HG2,Mirae Asset Mutual Fund,Index / ETF,Other Scheme - FoF Domestic,38.522,29-06-2026,1221,-7.07,17.69,8.46,30.72,39.38,43.39,46.76,27.06,7.76,1.16,43.95,80.0,80.6,Strong Pick,strong,2026-06-30 16:12:16
148927,Mirae Asset NYSE FANG + ETF,INF769K01HF4,Mirae Asset Mutual Fund,Index / ETF,Other Scheme - Other  ETFs,155.5256,29-06-2026,1223,-9.68,20.77,10.36,23.14,29.02,35.01,40.93,23.43,7.11,0.94,43.58,80.0,75.5,Strong Pick,strong,2026-06-30 16:12:16
148934,Axis NIFTY Healthcare ETF,INF846K01Z12,Axis Mutual Fund,Index / ETF,Other Scheme - Other  ETFs,163.8188,29-06-2026,1268,4.72,13.45,10.91,11.65,13.49,22.05,21.1,13.11,3.88,1.03,20.7,80.0,60.1,Watch,watch,2026-06-30 16:12:17
148957,ICICI Prudential Nifty Healthcare ETF,INF109KC1Q72,ICICI Prudential Mutual Fund,Index / ETF,Other Scheme - Other  ETFs,165.1438,29-06-2026,1261,4.74,13.53,11.04,11.92,13.73,22.31,21.34,13.33,3.88,1.05,20.63,80.0,61.0,Watch,watch,2026-06-30 16:12:17
149008,Nippon India Nifty Pharma ETF,INF204KC1089,Nippon India Mutual Fund,Index / ETF,Other Scheme - Other  ETFs,25.8952,29-06-2026,1229,3.69,13.53,12.17,15.01,13.62,22.97,20.39,,3.41,1.09,20.98,100.0,71.5,Watch,watch,2026-06-30 16:11:59
149072,ICICI Prudential Nifty FMCG ETF,INF109KC19V3,ICICI Prudential Mutual Fund,Index / ETF,Other Scheme - Other  ETFs,52.6875,29-06-2026,1207,-0.31,8.2,-10.41,-9.86,-5.83,-53.9,-39.57,,4.63,-0.74,91.83,25.0,5.4,Avoid,avoid,2026-06-30 16:12:42
149242,Axis Nifty AAA Bond Plus SDL Apr 2026 50:50 ETF FOF - Regular Plan - Growth Option,INF846K010D8,Axis Mutual Fund,Index / ETF,Other Scheme - FoF Domestic,12.8252,30-04-2026,1100,0.0,1.52,2.36,5.14,6.33,6.45,6.59,,0.55,-0.18,3.47,100.0,28.4,Avoid,avoid,2026-06-30 16:13:11
149380,Mirae Asset Hang Seng TECH ETF Fund of Fund Regular Plan - Growth Option,INF769K01HT5,Mirae Asset Mutual Fund,Index / ETF,Other Scheme - FoF Domestic,11.063,29-06-2026,1066,-10.29,-1.38,-14.78,-1.62,24.32,15.66,6.4,,7.89,0.31,48.04,50.0,33.6,Avoid,avoid,2026-06-30 16:13:49
149379,Mirae Asset Hang Seng TECH ETF,INF769K01HS7,Mirae Asset Mutual Fund,Index / ETF,Other Scheme - Other  ETFs,17.7862,29-06-2026,1069,-10.36,-5.51,-17.42,-8.39,18.51,9.28,2.19,,8.47,0.15,49.77,25.0,17.6,Avoid,avoid,2026-06-30 16:13:52
149169,Mirae Asset S&P 500 Top 50 ETF,INF769K01HP3,Mirae Asset Mutual Fund,Index / ETF,Other Scheme - Other  ETFs,64.0284,29-06-2026,1132,-6.91,10.52,6.44,28.01,22.35,25.8,25.84,,4.58,0.99,22.62,100.0,80.8,Strong Pick,strong,2026-06-30 16:12:54
149171,Mirae Asset S&P 500 Top 50 ETF Fund of Fund Regular Growth,INF769K01HQ1,Mirae Asset Mutual Fund,Index / ETF,Other Scheme - FoF Domestic,26.643,29-06-2026,1131,-6.65,11.95,4.87,37.36,31.69,33.03,30.87,,5.83,1.01,29.96,100.0,83.5,Strong Pick,strong,2026-06-30 16:12:49
149334,ICICI Prudential BSE 500 ETF FOF - Growth,INF109KC1V67,ICICI Prudential Mutual Fund,Index / ETF,Other Scheme - FoF Domestic,15.4571,29-06-2026,1125,1.62,12.14,-3.02,-2.36,0.53,11.57,14.19,,3.78,0.37,19.59,75.0,35.7,Avoid,avoid,2026-06-30 16:13:36
149157,ICICI Prudential Nifty Alpha Low - Volatility 30 ETF FOF - Growth,INF109KC1R55,ICICI Prudential Mutual Fund,Index / ETF,Other Scheme - FoF Domestic,14.5759,29-06-2026,1173,3.17,10.43,-1.8,-2.81,-3.16,11.55,15.15,,3.96,0.35,25.2,50.0,31.8,Avoid,avoid,2026-06-30 16:12:55
149286,DSP Nifty 50 Equal Weight ETF,INF740KA1QK2,DSP Mutual Fund,Index / ETF,Other Scheme - Other  ETFs,337.8567,29-06-2026,1148,0.37,10.13,-1.32,2.07,4.37,13.96,17.14,,3.57,0.57,17.99,100.0,45.0,Avoid,avoid,2026-06-30 16:13:12
149293,Aditya Birla Sun Life Nifty IT ETF,INF209KB11D8,Aditya Birla Sun Life Mutual Fund,Index / ETF,Other Scheme - Other  ETFs,29.5497,29-06-2026,1146,-6.87,-5.95,-27.72,-28.52,-11.48,-0.83,1.12,,6.91,-0.27,38.8,75.0,13.9,Avoid,avoid,2026-06-30 16:13:12
149105,Mirae Asset Nifty Financial Services ETF,INF769K01HI8,Mirae Asset Mutual Fund,Index / ETF,Other Scheme - Other  ETFs,27.6033,29-06-2026,1211,5.21,13.59,-2.41,-1.4,7.38,10.75,15.13,,4.77,0.33,23.16,75.0,32.8,Avoid,avoid,2026-06-30 16:12:42
149156,Axis NIFTY India Consumption ETF,INF846K016C7,Axis Mutual Fund,Index / ETF,Other Scheme - Other  ETFs,118.0701,29-06-2026,1182,2.12,11.3,-5.57,-2.62,2.06,11.88,14.66,,4.02,0.38,21.95,75.0,35.9,Avoid,avoid,2026-06-30 16:12:42
149285,ICICI Prudential Nifty India Consumption ETF,INF109KC1V42,ICICI Prudential Mutual Fund,Index / ETF,Other Scheme - Other  ETFs,118.8244,29-06-2026,1150,2.14,11.36,-5.49,-2.46,2.21,12.09,14.85,,4.03,0.4,21.94,75.0,36.5,Avoid,avoid,2026-06-30 16:13:12
149262,Aditya Birla Sun Life Nifty Healthcare ETF,INF209KB10C2,Aditya Birla Sun Life Mutual Fund,Index / ETF,Other Scheme - Other  ETFs,16.5567,29-06-2026,1152,4.74,13.51,11.01,11.84,13.64,22.46,21.46,,3.88,1.05,18.27,100.0,68.3,Watch,watch,2026-06-30 16:13:11
149041,SBI Nifty Consumption ETF,INF200KA1X17,SBI Mutual Fund,Index / ETF,Other Scheme - Other  ETFs,118.3745,29-06-2026,1222,2.14,11.35,-5.51,-2.52,2.15,12.01,14.76,,4.03,0.39,21.96,75.0,36.2,Avoid,avoid,2026-06-30 16:12:42
149399,BHARAT Bond ETF FOF - April 2032 Regular Plan Growth,INF754K01NV1,Edelweiss Mutual Fund,Index / ETF,Other Scheme - FoF Domestic,13.4696,29-06-2026,1099,3.39,4.31,3.1,5.73,7.96,7.82,8.23,,1.35,0.34,4.08,100.0,35.4,Avoid,avoid,2026-06-30 16:14:02
149397,Kotak Nifty Alpha 50 ETF,INF174KA1IA5,Kotak Mahindra Mutual Fund,Index / ETF,Other Scheme - Other  ETFs,51.1995,29-06-2026,1110,1.22,20.17,7.4,-0.92,-2.69,19.23,19.18,,4.75,0.59,33.46,50.0,46.2,Avoid,avoid,2026-06-30 16:13:52
152049,HDFC NIFTY 1D RATE LIQUID ETF,INF179KC1HE2,HDFC Mutual Fund,Debt,Other Scheme - Other  ETFs,1000.0,28-02-2025,464,0.0,0.0,0.0,0.0,0.0,,,,0.0,,0.11,0.0,28.5,Avoid,avoid,2026-06-30 16:28:10
149758,Nippon India Silver ETF,INF204KC1402,Nippon India Mutual Fund,Gold,Other Scheme - Other  ETFs,208.2774,29-06-2026,1084,-16.57,-6.52,-5.31,103.5,55.62,45.49,37.15,,17.86,0.9,44.41,100.0,79.4,Strong Pick,strong,2026-06-30 16:14:56
152085,NAVI NIFTY 50 ETF,,Navi Mutual Fund,Index / ETF,Other Scheme - Other  ETFs,244.1885,29-11-2024,293,0.0,0.0,0.0,0.0,0.46,,,,0.0,0.2,10.63,50.0,35.8,Avoid,avoid,2026-06-30 16:28:34
149960,Invesco India - Invesco EQQQ Nasdaq-100 ETF Fund of Fund - Regular Plan - Growth,INF205KA1577,Invesco Mutual Fund,Index / ETF,Other Scheme - FoF Overseas,25.8218,29-06-2026,933,-3.39,26.87,21.04,43.07,29.45,30.5,31.91,,6.22,1.03,22.98,100.0,84.0,Strong Pick,strong,2026-06-30 16:16:36
152067,quant Teck Fund - Growth Option - Direct Plan,INF966L01CT6,quant Mutual Fund,Thematic,Equity Scheme - Sectoral/ Thematic,11.0582,29-06-2026,684,-2.72,32.84,-4.73,-17.09,-8.58,,,,8.32,-0.02,41.86,50.0,18.8,Avoid,avoid,2026-06-30 16:28:24
152062,NAVI BSE SENSEX INDEX FUND - DIRECT PLAN - GROWTH,INF959L01HK9,Navi Mutual Fund,Index / ETF,Other Scheme - Index Funds,11.9426,29-06-2026,690,2.86,7.01,-9.04,-7.44,-0.61,,,,3.61,-0.03,16.11,50.0,27.6,Avoid,avoid,2026-06-30 16:28:24
152064,Kotak Multi Asset Allocation Fund - Direct Plan - Growth Option,INF174KA1PD4,Kotak Mahindra Mutual Fund,Hybrid,Hybrid Scheme - Multi Asset Allocation,16.276,29-06-2026,672,-1.09,7.72,1.31,20.0,13.16,,,,3.57,1.1,13.79,100.0,67.1,Watch,watch,2026-06-30 16:28:24
150389,Quantum Nifty 50 ETF FOF - Regular Plan - Growth,INF082J01424,Quantum Mutual Fund,Index / ETF,Other Scheme - FoF Domestic,14.1847,29-06-2026,955,1.53,7.42,-7.29,-4.99,0.75,8.57,,,3.52,0.15,15.49,66.7,27.9,Avoid,avoid,2026-06-30 16:17:53
149928,ICICI Prudential Nifty 5 yr Benchmark G-SEC ETF,INF109KC14A8,ICICI Prudential Mutual Fund,Index / ETF,Other Scheme - Other  ETFs,65.8846,29-06-2026,1042,2.06,3.4,3.31,5.25,8.19,7.78,7.71,,0.84,0.43,3.02,100.0,36.4,Avoid,avoid,2026-06-30 16:16:24
149464,ICICI PRUDENTIAL SILVER ETF,INF109KC1Y56,ICICI Prudential Mutual Fund,Gold,Other Scheme - Other  ETFs,217.3117,29-06-2026,1073,-16.61,-6.46,-5.27,104.23,56.13,45.88,38.8,,18.01,0.9,44.56,100.0,79.4,Strong Pick,strong,2026-06-30 16:14:07
149463,ICICI Prudential Nifty Auto ETF,INF109KC10V2,ICICI Prudential Mutual Fund,Index / ETF,Other Scheme - Other  ETFs,27.2456,29-06-2026,1099,0.4,11.38,-4.95,11.65,3.14,-43.72,-30.64,,5.28,-0.34,90.45,50.0,13.3,Avoid,avoid,2026-06-30 16:14:07
149783,Aditya Birla Sun Life Silver ETF FOF-Regular Growth,INF209KB13F9,Aditya Birla Sun Life Mutual Fund,Gold,Other Scheme - FoF Domestic,33.1988,29-06-2026,1070,-16.4,-3.43,-6.74,100.41,54.26,44.21,36.65,,15.24,0.97,45.33,100.0,80.0,Strong Pick,strong,2026-06-30 16:13:36
149779,Aditya Birla Sun Life Silver ETF,INF209KB19F6,Aditya Birla Sun Life Mutual Fund,Gold,Other Scheme - Other  ETFs,217.3816,29-06-2026,1084,-16.54,-4.18,-5.18,104.09,56.11,45.42,38.82,,17.95,0.9,44.43,100.0,79.4,Strong Pick,strong,2026-06-30 16:13:36
150000,Kotak Nifty 100 Low Volatility 30 ETF,INF174KA1IY5,Kotak Mahindra Mutual Fund,Index / ETF,Other Scheme - Other  ETFs,20.6954,29-06-2026,1049,1.34,8.24,-5.4,-1.07,2.71,11.87,14.06,,3.63,0.4,18.09,75.0,36.7,Avoid,avoid,2026-06-30 16:16:38
149465,Nippon India Nifty Auto ETF,INF204KC1337,Nippon India Mutual Fund,Index / ETF,Other Scheme - Other  ETFs,272.02,29-06-2026,1092,0.4,11.37,-4.96,11.58,3.06,21.17,23.27,,5.28,0.76,28.25,75.0,58.2,Watch,watch,2026-06-30 16:12:42
149921,Motilal Oswal BSE Low Volatility ETF,INF247L01BL0,Motilal Oswal Mutual Fund,Index / ETF,Other Scheme - Other  ETFs,36.6373,29-06-2026,1048,1.16,7.5,-5.58,-4.45,-1.16,10.51,-24.26,,3.56,0.3,80.74,50.0,26.4,Avoid,avoid,2026-06-30 16:14:07
152097,Mirae Asset BSE Sensex ETF,INF769K01KT9,Mirae Asset Mutual Fund,Index / ETF,Other Scheme - Other  ETFs,79.0234,29-06-2026,675,2.91,7.15,-8.89,-7.32,-0.44,,,,3.62,0.05,16.05,50.0,28.7,Avoid,avoid,2026-06-30 16:26:30
153180,Edelweiss BSE Capital Markets & Insurance  ETF - Growth,INF754K01TX4,Edelweiss Mutual Fund,Index / ETF,Other Scheme - Other  ETFs,24.1834,30-06-2026,370,1.88,12.02,0.03,0.22,,,,,4.82,0.27,17.55,100.0,39.4,Avoid,avoid,2026-07-01 16:09:58
153006,Groww Gold ETF FOF - REGULAR - GROWTH,INF666M01JA5,Groww Mutual Fund,Gold,Other Scheme - FoF Domestic,17.14,30-06-2026,402,-8.79,-6.06,4.71,41.15,,,,,7.69,1.33,24.91,100.0,77.7,Strong Pick,strong,2026-07-01 16:09:04
153009,Mirae Asset Gold ETF Fund of Fund - Regular Plan - Growth,INF769K01MS7,Mirae Asset Mutual Fund,Gold,Other Scheme - FoF Domestic,17.531,30-06-2026,410,-8.97,-5.38,4.46,42.04,,,,,7.56,1.37,23.85,100.0,78.6,Strong Pick,strong,2026-07-01 16:09:04
153191,Mirae Asset Nifty India New Age Consumption ETF,INF769K01NS5,Mirae Asset Mutual Fund,Index / ETF,Other Scheme - Other  ETFs,11.4203,30-06-2026,372,5.66,14.43,-3.74,-3.41,,,,,5.23,-0.34,21.87,0.0,11.3,Avoid,avoid,2026-07-01 16:09:57
152134,Mirae Asset Nifty 200 Alpha 30 ETF,INF769K01KU7,Mirae Asset Mutual Fund,Index / ETF,Other Scheme - Other  ETFs,26.1971,29-06-2026,661,0.87,18.99,6.2,0.89,-2.16,,,,4.8,0.49,30.0,50.0,31.7,Avoid,avoid,2026-06-30 16:29:02
152106,Motilal Oswal Nifty 500 ETF,INF247L01BU1,Motilal Oswal Mutual Fund,Index / ETF,Other Scheme - Other  ETFs,23.4813,29-06-2026,672,1.67,12.33,-2.47,-1.87,1.74,,,,3.79,0.4,18.62,50.0,33.2,Avoid,avoid,2026-06-30 16:26:30
152155,Mirae Asset Nifty IT ETF,INF769K01KV5,Mirae Asset Mutual Fund,Index / ETF,Other Scheme - Other  ETFs,28.5937,29-06-2026,661,-7.0,-6.43,-28.09,-29.08,-11.77,,,,6.89,-0.26,39.26,50.0,17.0,Avoid,avoid,2026-06-30 16:29:13
152212,Edelweiss Silver ETF,INF754K01SF3,Edelweiss Mutual Fund,Gold,Other Scheme - Other  ETFs,217.5117,29-06-2026,641,-16.45,-6.41,-5.24,103.49,55.69,,,,17.9,1.06,44.36,100.0,70.5,Watch,watch,2026-06-30 16:29:47
152091,Motilal Oswal Developed Market Ex US ETFs Fund of Funds Regular Plan Growth,INF247L01BS5,Motilal Oswal Mutual Fund,Index / ETF,Other Scheme - FoF Overseas,17.9312,29-06-2026,674,-0.88,9.07,15.15,32.15,25.76,,,,2.82,1.13,14.3,100.0,79.4,Strong Pick,strong,2026-06-30 16:28:43
152142,Aditya Birla Sun Life US Treasury 1-3 Year Bond ETFs Fund Of Funds-Regular Growth,INF209KB13W4,Aditya Birla Sun Life Mutual Fund,Index / ETF,Other Scheme - FoF Overseas,12.7081,29-06-2026,650,-0.39,1.17,6.03,13.44,10.89,,,,1.05,0.73,2.7,100.0,60.3,Watch,watch,2026-06-30 16:29:06
152182,DSP Gold ETF Fund of Fund - Regular - Growth,INF740KA1TH2,DSP Mutual Fund,Gold,Other Scheme - FoF Domestic,21.9655,29-06-2026,640,-9.52,-4.89,4.7,45.12,37.82,,,,7.71,1.35,25.27,100.0,78.0,Strong Pick,strong,2026-06-30 16:29:27
152147,Aditya Birla Sun Life US Treasury 3-10 Year Bond ETFs Fund Of Funds-Regular Growth,INF209KB19W1,Aditya Birla Sun Life Mutual Fund,Index / ETF,Other Scheme - FoF Overseas,12.9809,29-06-2026,650,-0.18,0.95,5.14,13.17,11.06,,,,0.98,0.67,3.32,100.0,59.2,Watch,watch,2026-06-30 16:29:13
152193,Edelweiss Gold ETF,INF754K01SE6,Edelweiss Mutual Fund,Gold,Other Scheme - Gold ETF,140.6041,29-06-2026,650,-9.37,-3.89,5.05,45.44,38.57,,,,8.18,1.34,22.09,100.0,78.0,Strong Pick,strong,2026-06-30 16:29:47
153045,Mirae Asset Nifty 1D Rate Liquid ETF - Growth,INF769K01MY5,Mirae Asset Mutual Fund,Debt,Other Scheme - Other  ETFs,1092.1566,30-06-2026,534,0.4,1.21,2.43,5.1,,,,,0.02,-7.76,0,100.0,36.4,Avoid,avoid,2026-07-01 16:09:19
153194,Mirae Asset Nifty India New Age Consumption ETF Fund of Fund - Regular Plan - Growth,INF769K01NM8,Mirae Asset Mutual Fund,Index / ETF,Other Scheme - FoF Domestic,9.339,30-06-2026,365,5.61,14.34,-4.16,-4.08,,,,,5.1,-0.39,22.03,0.0,10.6,Avoid,avoid,2026-07-01 16:09:58
153947,Edelweiss BSE Sensex ETF - Growth,INF754K01VY8,Edelweiss Mutual Fund,Index / ETF,Other Scheme - Other  ETFs,77.3095,01-07-2026,150,3.36,5.42,-9.18,,,,,,4.09,,16.01,,,N/A,neutral,2026-07-02 15:42:58
153940,Groww Nifty Midcap 150 ETF,INF666M01MV5,Groww Mutual Fund,Index / ETF,Other Scheme - Other  ETFs,228.5943,01-07-2026,155,2.36,15.2,2.19,,,,,,5.31,,13.87,,,N/A,neutral,2026-07-02 15:42:58
153934,Kotak Nifty Chemicals ETF,INF174KA1XV0,Kotak Mahindra Mutual Fund,Index / ETF,Other Scheme - Other  ETFs,29.47,01-07-2026,153,1.42,15.14,1.78,,,,,,5.38,,14.87,,,N/A,neutral,2026-07-02 15:42:57
153946,Mirae Asset Nifty Smallcap 250 ETF,INF769K01PQ4,Mirae Asset Mutual Fund,Index / ETF,Other Scheme - Other  ETFs,17.8257,01-07-2026,159,5.07,20.94,6.99,,,,,,6.28,,17.17,,,N/A,neutral,2026-07-02 15:42:58
153933,Choice Gold ETF,INF2KCX01012,Choice Mutual Fund,Gold,Other Scheme - Gold ETF,139.4812,30-06-2026,159,-8.91,-6.13,5.67,,,,,,8.53,,22.13,,,N/A,neutral,2026-07-01 16:14:19
153945,Mirae Asset Nifty Energy ETF,INF769K01PR2,Mirae Asset Mutual Fund,Index / ETF,Other Scheme - Other  ETFs,39.9206,01-07-2026,159,-0.99,12.69,12.41,,,,,,6.08,,9.15,,,N/A,neutral,2026-07-02 15:42:58
153315,Kotak Nifty 100 Equal Weight ETF,INF174KA1UW4,Kotak Mahindra Mutual Fund,Index / ETF,Other Scheme - Other  ETFs,34.401,30-06-2026,327,1.5,12.34,0.81,3.24,,,,,4.59,0.47,13.48,100.0,43.2,Avoid,avoid,2026-07-01 16:10:48
153229,Groww Nifty India Railways PSU ETF,INF666M01JJ6,Groww Mutual Fund,Index / ETF,Other Scheme - Other  ETFs,29.0551,30-06-2026,341,-2.29,-0.04,-17.71,-24.9,,,,,6.67,-0.49,30.64,0.0,6.1,Avoid,avoid,2026-07-01 16:10:19
153342,Groww Nifty 200 ETF FOF - Regular - Growth,INF666M01JT5,Groww Mutual Fund,Index / ETF,Other Scheme - FoF Domestic,11.3592,30-06-2026,324,1.05,6.85,-5.54,-4.34,,,,,3.81,0.18,14.73,0.0,21.5,Avoid,avoid,2026-07-01 16:10:57
153338,Union Gold ETF Fund of Fund - Regular Plan - Growth Option,INF582M01KT2,Union Mutual Fund,Gold,Other Scheme - FoF Domestic,15.9929,30-06-2026,324,-8.85,-6.48,5.02,41.97,,,,,7.48,1.32,24.61,100.0,77.9,Strong Pick,strong,2026-07-01 16:10:57
153332,ANGEL ONE NIFTY TOTAL MARKET ETF,INF1J2R01015,Angel One Mutual Fund,Index / ETF,Other Scheme - Other  ETFs,11.7234,30-06-2026,325,2.87,10.77,-2.77,-1.68,,,,,4.22,0.29,14.82,0.0,22.6,Avoid,avoid,2026-07-01 16:10:58
153329,Groww Nifty 200 ETF,INF666M01JV1,Groww Mutual Fund,Index / ETF,Other Scheme - Other  ETFs,11.1941,30-06-2026,328,2.21,8.75,-4.72,-2.62,,,,,4.1,0.21,14.8,0.0,21.6,Avoid,avoid,2026-07-01 16:10:58
153337,Union Gold ETF,INF582M01KS4,Union Mutual Fund,Gold,Other Scheme - Gold ETF,137.5785,30-06-2026,332,-8.87,-6.1,5.8,43.33,,,,,8.23,1.28,22.15,100.0,77.1,Strong Pick,strong,2026-07-01 16:10:58
153314,Kotak MSCI India ETF,INF174KA1VD2,Kotak Mahindra Mutual Fund,Index / ETF,Other Scheme - Other  ETFs,29.607,01-07-2026,330,2.38,8.57,-4.86,-2.03,,,,,3.69,0.23,14.64,0.0,22.4,Avoid,avoid,2026-07-02 15:42:40
153228,DSP BSE SENSEX Next 30 ETF,INF740KA1VE5,DSP Mutual Fund,Index / ETF,Other Scheme - Other  ETFs,41.7708,30-06-2026,348,-0.53,10.35,2.26,5.61,,,,,4.55,0.44,11.44,100.0,43.7,Avoid,avoid,2026-07-01 16:10:19
153957,ANGEL ONE NIFTY TOTAL MARKET MOMENTUM QUALITY 50 ETF,INF1J2R01148,Angel One Mutual Fund,Index / ETF,Other Scheme - Other  ETFs,10.1685,01-07-2026,146,0.23,12.78,5.71,,,,,,4.57,,12.72,,,N/A,neutral,2026-07-02 15:42:58
153966,Edelweiss Nifty 50 ETF - Growth,INF754K01VX0,Edelweiss Mutual Fund,Index / ETF,Other Scheme - Other  ETFs,23.9942,30-06-2026,149,2.38,5.71,-8.09,,,,,,4.54,,15.03,,,N/A,neutral,2026-07-01 16:14:34
154169,Mirae Asset Nifty 500 Healthcare ETF,INF769K01QA6,Mirae Asset Mutual Fund,Index / ETF,Other Scheme - Other  ETFs,20.9309,30-06-2026,93,6.09,17.76,,,,,,,5.37,,7.51,,,N/A,neutral,2026-07-01 16:14:58
154182,Mirae Asset BSE India Defence ETF,INF769K01QC2,Mirae Asset Mutual Fund,Index / ETF,Other Scheme - Other  ETFs,79.0871,30-06-2026,90,6.44,27.06,,,,,,,9.47,,15.45,,,N/A,neutral,2026-07-01 16:15:15
154189,Mirae Asset BSE India Defence ETF FOF - Regular Plan - Growth,INF769K01QD0,Mirae Asset Mutual Fund,Index / ETF,Other Scheme - FoF Domestic,11.68,30-06-2026,84,6.13,26.52,,,,,,,9.42,,14.54,,,N/A,neutral,2026-07-01 16:15:16
154163,Groww Nifty PSE ETF,INF666M01NQ3,Groww Mutual Fund,Index / ETF,Other Scheme - Other  ETFs,100.0359,30-06-2026,94,-1.73,2.75,,,,,,,6.35,,9.19,,,N/A,neutral,2026-07-01 16:14:58
154181,Mirae Asset Nifty India Infrastructure & Logistics ETF,INF769K01QB4,Mirae Asset Mutual Fund,Index / ETF,Other Scheme - Other  ETFs,12.3215,30-06-2026,91,2.94,17.94,,,,,,,7.7,,12.32,,,N/A,neutral,2026-07-01 16:15:15
154173,Groww Nifty PSE ETF FOF Regular Growth,INF666M01NU5,Groww Mutual Fund,Index / ETF,Other Scheme - FoF Domestic,9.5773,30-06-2026,91,-2.63,1.63,,,,,,,5.85,,9.12,,,N/A,neutral,2026-07-01 16:14:58
154135,Bandhan Silver ETF FOF-Regular-Growth,INF194KB1KM1,Bandhan Mutual Fund,Gold,Other Scheme - FoF Domestic,7.2703,30-06-2026,106,-14.38,-5.06,,,,,,,11.66,,45.93,,,N/A,neutral,2026-07-01 16:14:55
153975,DSP MSCI INDIA ETF,INF740KA1WV7,DSP Mutual Fund,Index / ETF,Other Scheme - Other  ETFs,29.1586,30-06-2026,147,2.15,8.01,-5.07,,,,,,4.93,,14.61,,,N/A,neutral,2026-07-01 16:14:38
154033,Motilal Oswal Nifty Services Sector ETF,INF247L01GJ3,Motilal Oswal Mutual Fund,Index / ETF,Other Scheme - Other  ETFs,30.6184,30-06-2026,145,3.63,6.25,-8.98,,,,,,4.4,,16.84,,,N/A,neutral,2026-07-01 16:14:43
154025,DSP Nifty Midcap 150 ETF,INF740KA1WW5,DSP Mutual Fund,Index / ETF,Other Scheme - Other  ETFs,22.7991,30-06-2026,134,2.34,14.7,2.38,,,,,,6.33,,13.97,,,N/A,neutral,2026-07-01 16:14:38
154130,Bandhan Gold ETF FOF-Regular-Growth,INF194KB1KK5,Bandhan Mutual Fund,Gold,Other Scheme - FoF Domestic,9.1673,30-06-2026,106,-8.87,-5.84,,,,,,,5.89,,24.83,,,N/A,neutral,2026-07-01 16:14:54
154111,Groww Nifty Chemicals ETF,INF666M01NP5,Groww Mutual Fund,Index / ETF,Other Scheme - Other  ETFs,29.585,30-06-2026,112,2.37,14.73,,,,,,,5.68,,14.03,,,N/A,neutral,2026-07-01 16:14:54
154101,Kotak Nifty Next 50 ETF,INF174KA1YO3,Kotak Mahindra Mutual Fund,Index / ETF,Other Scheme - Other  ETFs,71.995,30-06-2026,113,2.44,15.72,,,,,,,7.01,,14.32,,,N/A,neutral,2026-07-01 16:14:54
154092,The Wealth Company Gold ETF,INF2F0001370,The Wealth Company Mutual Fund,Gold,Other Scheme - Gold ETF,139.9941,30-06-2026,120,-8.69,-5.94,,,,,,,10.32,,21.03,,,N/A,neutral,2026-07-01 16:14:54
154087,DSP Nifty Next 50 ETF,INF740KA1XU7,DSP Mutual Fund,Index / ETF,Other Scheme - Other  ETFs,71.8444,30-06-2026,119,2.5,15.77,,,,,,,7.03,,14.37,,,N/A,neutral,2026-07-01 16:14:54
154075,Edelweiss Silver ETF Fund of Fund - Regular Plan Growth Option,INF754K01WD0,Edelweiss Mutual Fund,Gold,Other Scheme - FoF Domestic,9.713,30-06-2026,122,-14.26,-4.92,-2.74,,,,,,15.8,,44.06,,,N/A,neutral,2026-07-01 16:14:43
154060,Mirae Asset Nifty Top 20 Equal Weight ETF,INF769K01PZ5,Mirae Asset Mutual Fund,Index / ETF,Other Scheme - Other  ETFs,8.6043,30-06-2026,132,2.57,3.75,-11.13,,,,,,4.69,,15.96,,,N/A,neutral,2026-07-01 16:14:43
154034,Groww Nifty Metal ETF,INF666M01NI0,Groww Mutual Fund,Index / ETF,Other Scheme - Other  ETFs,11.92,30-06-2026,128,-7.11,9.9,12.51,,,,,,7.18,,12.92,,,N/A,neutral,2026-07-01 16:14:43
154133,THE WEALTH COMPANY GOLD ETF FOF REGULAR GROWTH,INF2F0001388,The Wealth Company Mutual Fund,Gold,Other Scheme - FoF Domestic,8.9159,30-06-2026,98,-8.62,-5.17,,,,,,,7.03,,19.47,,,N/A,neutral,2026-07-01 16:14:55
154062,Motilal Oswal Nifty MNC ETF,INF247L01GK1,Motilal Oswal Mutual Fund,Index / ETF,Other Scheme - Other  ETFs,32.3557,30-06-2026,140,2.47,15.0,6.5,,,,,,6.81,,13.33,,,N/A,neutral,2026-07-01 16:14:43
154024,DSP Nifty Smallcap 250 ETF,INF740KA1WX3,DSP Mutual Fund,Index / ETF,Other Scheme - Other  ETFs,17.7886,30-06-2026,134,5.3,20.38,6.7,,,,,,7.07,,15.45,,,N/A,neutral,2026-07-01 16:14:38
154003,Motilal Oswal BSE Select IPO ETF,INF247L01GI5,Motilal Oswal Mutual Fund,Index / ETF,Other Scheme - Other  ETFs,45.175,30-06-2026,150,5.38,16.05,-2.29,,,,,,6.55,,22.01,,,N/A,neutral,2026-07-01 16:14:38
107693,Quantum Gold ETF,INF082J01408,Quantum Mutual Fund,Gold,Other Scheme - Gold ETF,116.5242,29-06-2026,4509,-9.49,-3.95,5.09,46.18,39.12,33.26,26.87,-43.52,8.28,1.23,98.31,80.0,66.8,Watch,watch,2026-06-30 16:07:04
141064,Quantum Gold ETF FOF - Regular Plan Growth Option,INF082J01358,Quantum Mutual Fund,Gold,Other Scheme - FoF Domestic,53.1402,29-06-2026,2276,-9.35,-4.23,4.87,45.62,38.59,33.03,27.16,23.1,7.65,1.25,24.58,100.0,87.2,Strong Pick,strong,2026-06-30 16:10:07
154340,Invesco India BSE Sensex Index Fund - Direct Plan - Growth,INF205KA1BM8,Invesco Mutual Fund,Index / ETF,Other Scheme - Index Funds,10.0242,30-06-2026,31,3.25,,,,,,,,,,3.8,,,N/A,neutral,2026-07-01 16:15:32
154343,Invesco India Nifty Bank Index Fund - Direct Plan - Growth,INF205KA1BO4,Invesco Mutual Fund,Index / ETF,Other Scheme - Index Funds,10.62,30-06-2026,31,7.54,,,,,,,,,,2.97,,,N/A,neutral,2026-07-01 16:15:32
154357,DSP Nifty FMCG ETF,INF740KA1ZA4,DSP Mutual Fund,Index / ETF,Other Scheme - Other  ETFs,49.8934,01-07-2026,30,2.61,,,,,,,,,,5.34,,,N/A,neutral,2026-07-02 15:43:07
154394,Shriram Overnight Fund- Direct Growth,INF680P01497,Shriram Mutual Fund,Debt,Debt Scheme - Overnight Fund,1259.9818,01-07-2026,30,0.42,,,,,,,,,,0,,,N/A,neutral,2026-07-02 15:43:08
